id,label,group_id
20030228_easy_ham/00001.7c53336b37003a9286aba55d2945844c#0,0,0
20030228_easy_ham/00002.9c4069e25e1ef370c078db7ee85ff9ac#1,0,1
20030228_easy_ham/00003.860e3c3cee1b42ead714c5c874fe25f7#2,0,2
20030228_easy_ham/00004.864220c5b6930b209cc287c361c99af1#3,0,3
20030228_easy_ham/00005.bf27cdeaf0b8c4647ecd61b1d09da613#4,0,4
20030228_easy_ham/00006.253ea2f9a9cc36fa0b1129b04b806608#5,0,5
20030228_easy_ham/00007.37a8af848caae585af4fe35779656d55#6,0,6
20030228_easy_ham/00008.5891548d921601906337dcf1ed8543cb#7,0,7
20030228_easy_ham/00009.371eca25b0169ce5cb4f71d3e07b9e2d#8,0,8
20030228_easy_ham/00010.145d22c053c1a0c410242e46c01635b3#9,0,9
20030228_easy_ham/00011.fbcde1b4833bdbaaf0ced723edd6e355#10,0,10
20030228_easy_ham/00012.48a387bc38d1316a6f6b49e8c2e43a03#11,0,11
20030228_easy_ham/00013.81c34741dbed59c6dde50777e27e7ea3#12,0,12
20030228_easy_ham/00014.cb20e10b2bfcb8210a1c310798532a57#13,0,13
20030228_easy_ham/00015.4d7026347ba7478c9db04c70913e68fd#14,0,14
20030228_easy_ham/00016.ef397cef16f8041242e3b6560e168053#15,0,15
20030228_easy_ham/00017.08ef2d89f14cf7e2a458b80697eb1837#16,0,16
20030228_easy_ham/00018.6fee38026193b5adde4b56892a6f14bc#17,0,17
20030228_easy_ham/00019.5322cb10d8819b39499924d852819c27#18,0,18
20030228_easy_ham/00020.d10651e31fcb92630c6229ec773cfe26#19,0,19
20030228_easy_ham/00021.607c41268c5b0d66e81b58713a66d12c#20,0,20
20030228_easy_ham/00022.48098f942c31097d2ef605df44dd8593#21,0,21
20030228_easy_ham/00023.e0e815ea1d7fd40e7e70b4c0035bef0c#22,0,21
20030228_easy_ham/00024.59c2cb781c60594315241e2b50ea70e2#23,0,22
20030228_easy_ham/00025.d685245bdc4444f44fa091e6620b20b3#24,0,23
20030228_easy_ham/00026.f9755fb0cee92676d7bd76d32bc5f50f#25,0,24
20030228_easy_ham/00027.4d456dd9ce0afde7629f94dc3034e0bb#26,0,25
20030228_easy_ham/00028.ddbae7c7b229813409ae50c47624ddb9#27,0,26
20030228_easy_ham/00029.56d4310a82386b76b9e771523d571e67#28,0,27
20030228_easy_ham/00030.cc78e84cd398ff4a2e9e287263de928f#29,0,28
20030228_easy_ham/00031.ac7e81ff64671b17569d2c6a66648bb2#30,0,29
20030228_easy_ham/00032.57e29a75bca42afb412fc68d5051aa20#31,0,30
20030228_easy_ham/00033.2ceb520d2c6500ccf24357f2ebdce618#32,0,31
20030228_easy_ham/00034.1d56abea55f3c516d0ffdd4f1e8b883b#33,0,32
20030228_easy_ham/00035.9069e05ad40dd0f98cdae72072ee7186#34,0,33
20030228_easy_ham/00036.719795e8d4670c6d8095274b18b59749#35,0,34
20030228_easy_ham/00037.5a7af2f7bd57a2f50b7cfa05d5e37c29#36,0,35
20030228_easy_ham/00038.cd457af47eb78d4b93c7d94043a43108#37,0,25
20030228_easy_ham/00039.be5e34dcebd922928045634015e3ed78#38,0,36
20030228_easy_ham/00040.eec48d76fbc04e9b98c3de0f59af97ac#39,0,37
20030228_easy_ham/00041.002af69a10eb9b6683a7cff5f3ac14b4#40,0,38
20030228_easy_ham/00042.efe6317ef2ebefe739aaeb4f0d51fbdb#41,0,39
20030228_easy_ham/00043.d2673a72d215cbdd747dc98cde41fbd2#42,0,40
20030228_easy_ham/00044.d087bf5e76ba737908b482cb028b056c#43,0,30
20030228_easy_ham/00045.f0a8de2cf2b3cf745341b960d7a0119f#44,0,41
20030228_easy_ham/00046.c8491e68aa5652272d6511bb7d848d37#45,0,42
20030228_easy_ham/00047.39812fcb014cf9c22a2ff4fec61f3c19#46,0,43
20030228_easy_ham/00048.1e067f31e83cc6ea3e9103b52f15588e#47,0,44
20030228_easy_ham/00049.838d44b342e0ab4743507510a8ca206f#48,0,45
20030228_easy_ham/00050.74d3103c5691914a530dcae2f656a1f5#49,0,46
20030228_easy_ham/00051.03dcdb0e4e6100cfcf0eddbf78fbae17#50,0,47
20030228_easy_ham/00052.c6c74aeef6d36423f57807ad4c901dc4#51,0,48
20030228_easy_ham/00053.707c625cb618aadafe3e54544fa3ca78#52,0,49
20030228_easy_ham/00054.f3e1dc8f3a7fdc5bec424db5e07e8ef8#53,0,50
20030228_easy_ham/00055.8481bc92aa3ab9d23ca30c0eaecfc5e4#54,0,51
20030228_easy_ham/00056.b510d34bac037c4c377b1f51dbe5f0d3#55,0,52
20030228_easy_ham/00057.7c3a836baaa732cd915546442c0fef1a#56,0,53
20030228_easy_ham/00058.ecfc3a7f406355a82abe9d16d3d5733a#57,0,54
20030228_easy_ham/00059.34a8067a36762120b9292004a4d68558#58,0,55
20030228_easy_ham/00060.d51949a7342f8adc568483f6e799ee25#59,0,56
20030228_easy_ham/00061.9cc2b5c110807914cc6c38263b7dd62a#60,0,57
20030228_easy_ham/00062.009f5a1a8fa88f0b38299ad01562bb37#61,0,58
20030228_easy_ham/00063.0acbc484a73f0e0b727e06c100d8df7b#62,0,59
20030228_easy_ham/00064.cb4bd5482454f02b6c3d70343af090a8#63,0,60
20030228_easy_ham/00065.fa593405941ce1f32a29e813493eacf2#64,0,61
20030228_easy_ham/00066.7dda463deb5e41ba1af3a0da55ab504b#65,0,62
20030228_easy_ham/00067.23813c5ac6ce66fd892ee5501fd5dbd2#66,0,63
20030228_easy_ham/00068.5053f669dda8f920e5300ed327cdd986#67,0,64
20030228_easy_ham/00069.1477f740f56d3e0bd132ad70993edda5#68,0,65
20030228_easy_ham/00070.c62a036deb1de40aa32cabc761b0861c#69,0,66
20030228_easy_ham/00071.a1a5f4834bebcb59bb75698821cf9f9a#70,0,67
20030228_easy_ham/00072.8dcd09744b5534002262a8f3927ba3fc#71,0,68
20030228_easy_ham/00073.30ffa73f8021a40ac03218af092d0dc7#72,0,69
20030228_easy_ham/00074.71045f0bdb236b814e4729d318bd6509#73,0,70
20030228_easy_ham/00075.6485889c364c71761110c2b1190bb645#74,0,71
20030228_easy_ham/00076.5aa682e393bfbef53e244acf3b2d23d6#75,0,72
20030228_easy_ham/00077.24cfaba59d55d652be33b58bd7d41ca2#76,0,73
20030228_easy_ham/00078.2ea8ca29bc2ed373a6c8270b488def60#77,0,74
20030228_easy_ham/00079.5fa6a133fe202da2627f52bdf31fc6e2#78,0,75
20030228_easy_ham/00080.ba42e846212f912a63aa36c7a9ded217#79,0,76
20030228_easy_ham/00081.c16e4d631ac7941fd25ffb1cd316e100#80,0,77
20030228_easy_ham/00082.b40e4eedafc60aef72a0a0cbb63c2406#81,0,78
20030228_easy_ham/00083.d6bec4788401bc0df20b740557680768#82,0,79
20030228_easy_ham/00084.2ef0c65e298880c3869b39dc95b40e8e#83,0,80
20030228_easy_ham/00085.badc533c7037554017afb30c94dfcb55#84,0,81
20030228_easy_ham/00086.2d36c5f829135d1fed8f88471163b240#85,0,82
20030228_easy_ham/00087.03a92f5753c44cb83d28837121d82b06#86,0,83
20030228_easy_ham/00088.945614c3f6213f59548ab21306451675#87,0,84
20030228_easy_ham/00089.c31c9b44b66c440d6b39c5f8841ed43b#88,0,85
20030228_easy_ham/00090.3af9d04b3ade1077fce4fb224ebf38cb#89,0,86
20030228_easy_ham/00091.abb1965e279e4365f1ef31e4878c5d14#90,0,86
20030228_easy_ham/00092.7ecc7d565565fbe466bfc8db6e456f9d#91,0,87
20030228_easy_ham/00093.ee758841ef674e30d7d36f22fffeaeb6#92,0,88
20030228_easy_ham/00094.ef72156b3ba9ff0fc5fedc2125ceb736#93,0,89
20030228_easy_ham/00095.24caf7db5c45203f312f742f49385618#94,0,90
20030228_easy_ham/00096.3517ca839b03cdf37c14ff9b3667dd98#95,0,91
20030228_easy_ham/00097.e8e276c07ee885c4b8d904c1414412e5#96,0,92
20030228_easy_ham/00098.90c05d1ad65ea3fa796bfa2808f71052#97,0,93
20030228_easy_ham/00099.beef92f5eeeed3e40c1facf42809d510#98,0,94
20030228_easy_ham/00100.f070e3aaa7f475f95589b1900ff58d26#99,0,95
20030228_easy_ham/00101.216942b87258b063ec2d7b7981ee2454#100,0,96
20030228_easy_ham/00102.b18fa07ca9504cfc39be46ba8376ee7d#101,0,97
20030228_easy_ham/00103.23abe7cbe651a970e2dc6cc531c268a3#102,0,98
20030228_easy_ham/00104.1a66c829aa9b0883591a2e8266c18bb2#103,0,99
20030228_easy_ham/00105.00d508c7c037170e597798385b380a80#104,0,100
20030228_easy_ham/00106.d8f1a8de1b70767b3dbf5ce810da67fd#105,0,101
20030228_easy_ham/00107.787086c3c593b9e2335199019b130158#106,0,102
20030228_easy_ham/00108.9ab147c83812fc34f69032c40df5a21f#107,0,103
20030228_easy_ham/00109.bcb73e4561798e05f2299471ab0be1bb#108,0,104
20030228_easy_ham/00110.1e36beebd2dffe60b0d8f68d82bde52c#109,0,105
20030228_easy_ham/00111.a478af0547f2fd548f7b412df2e71a92#110,0,106
20030228_easy_ham/00112.55ec2d4a4203ff075f5570bdac744550#111,0,107
20030228_easy_ham/00113.6b233fa48d08abf97ff91e4548fd381d#112,0,108
20030228_easy_ham/00114.240461056916c0cdd555ba9d2bc9e63e#113,0,109
20030228_easy_ham/00115.d5db4a9d477aa17a19669e3945b7aedb#114,0,110
20030228_easy_ham/00116.22aef63fc606e0ad46b5593bc897469a#115,0,111
20030228_easy_ham/00117.a9afb0bc89818ffe2f2a590c8a40434b#116,0,112
20030228_easy_ham/00118.f15bf997342540b404a4672c47d57d55#117,0,109
20030228_easy_ham/00119.0f469afee6aef0a05d9850f7021bd629#118,0,113
20030228_easy_ham/00120.4de6f88fbcb22a39a0498f84d9ce358b#119,0,114
20030228_easy_ham/00121.333fff2f2cb3dfd617a6210b669757d3#120,0,115
20030228_easy_ham/00122.b4b9733750e203d0215d49043d29c173#121,0,116
20030228_easy_ham/00123.91b85aaea560d92f9199f9ba74e77918#122,0,117
20030228_easy_ham/00124.f0f8fe0588f5245c08846ca9d308dfb1#123,0,118
20030228_easy_ham/00125.0b972a986a586ab4ba3ff45e88f330db#124,0,119
20030228_easy_ham/00126.b0a45fbc9d8f9e6de6be5d3062cc91ef#125,0,120
20030228_easy_ham/00127.c1981aeb12ebd22536f12f0a044efe56#126,0,121
20030228_easy_ham/00128.0e92ec0c8bd8233f7e7873e93df43277#127,0,122
20030228_easy_ham/00129.ac1318f7fba969847e1ac4aa4ec3c26a#128,0,123
20030228_easy_ham/00130.77c75ddeffde2b89edaf8720370f6afc#129,0,124
20030228_easy_ham/00131.0884e29887b7378ca04f4defe0a069e0#130,0,125
20030228_easy_ham/00132.2eddfbbe44385a450eae4ee89da0a830#131,0,126
20030228_easy_ham/00133.e5aa9fa1cc35faff5801a6b16ca7afa6#132,0,127
20030228_easy_ham/00134.f7d26b0dc6c2f3de63b08d2810d54df6#133,0,128
20030228_easy_ham/00135.bd3bc1c036eab89c9c50cff40958c939#134,0,129
20030228_easy_ham/00136.c507301e643ec123aa6e487ce2e2e3e2#135,0,130
20030228_easy_ham/00137.11311a8e5dbfe18503bf736b82b91fc7#136,0,131
20030228_easy_ham/00138.b4fe49f8cd3b3bcc8d19741e705b0e01#137,0,132
20030228_easy_ham/00139.cfea5d726c0371fa63c9720a291ca9ad#138,0,133
20030228_easy_ham/00140.354632516317e3a37a05e93c609ec65d#139,0,134
20030228_easy_ham/00141.00b956daf6951da2bea354300d121512#140,0,135
20030228_easy_ham/00142.0f7dc427ea4ecdf0c257b8bf7d152249#141,0,136
20030228_easy_ham/00143.4cae4623140fc349a57dac7ffd863227#142,0,137
20030228_easy_ham/00144.a6f12b97adc08a63ce541daaba0b0825#143,0,138
20030228_easy_ham/00145.9e4594abeb96d3ba5650b9cf88e91015#144,0,139
20030228_easy_ham/00146.a6d4ba98c7866de55109077d2960d245#145,0,140
20030228_easy_ham/00147.fcb1b60290a155a5b837cd290b77a6dd#146,0,141
20030228_easy_ham/00148.6bdcd2791992fb3b923e961f71295ce8#147,0,142
20030228_easy_ham/00149.6ace09f27948721429b08699d9b92f4c#148,0,143
20030228_easy_ham/00150.a4c5a8aaccd6b54f1000e9fa02f53114#149,0,144
20030228_easy_ham/00151.4ecb35a7f837a0240663d3bbc5c8dbe8#150,0,145
20030228_easy_ham/00152.703c271de3d42fb8bf266db6f77a0dda#151,0,146
20030228_easy_ham/00153.2ba33aef8f6b3010c92db7f992fbec43#152,0,147
20030228_easy_ham/00154.cc63335f9a4e3b5f4a16be338b0d00a4#153,0,148
20030228_easy_ham/00155.22281cddbc29a93d630798e0aa97f725#154,0,149
20030228_easy_ham/00156.d4205c868d67d1c334455950b21d226d#155,0,150
20030228_easy_ham/00157.3a532432a98ebf828fdeb46a6ddfa082#156,0,151
20030228_easy_ham/00158.71abc842fe120eb73cbfa0fe6c5df852#157,0,152
20030228_easy_ham/00159.53acdde1c0b5aadf73295f0c58ddb6a7#158,0,153
20030228_easy_ham/00160.eb0db8e14a3308c08db1cc38c4c7d66a#159,0,154
20030228_easy_ham/00161.e75ee4467e41dd1d5f5156f2b9ca5bd8#160,0,155
20030228_easy_ham/00162.02738313b3d9cf5812167de5493c6852#161,0,156
20030228_easy_ham/00163.550a6ef7fd451fba494cc3128aaf3c7c#162,0,157
20030228_easy_ham/00164.8a0a728a1d5e56631369e5192f0348b6#163,0,158
20030228_easy_ham/00165.a626a87fa5b56f724e6a00e7c1ec163a#164,0,159
20030228_easy_ham/00166.8feace9f17d092d9532e62c35c37ce95#165,0,160
20030228_easy_ham/00167.ae9235b61c9e2fb740bfe4b0b3d703da#166,0,161
20030228_easy_ham/00168.a13640e4b9528891d2e6690008307683#167,0,162
20030228_easy_ham/00169.efbfc0b209eeae7c4c08e5ff14d539a8#168,0,163
20030228_easy_ham/00170.14c40e625814c14dfe2eb997157c6437#169,0,18
20030228_easy_ham/00171.71f0cff94c1091432c43111941bd015c#170,0,164
20030228_easy_ham/00172.de357389925b5094f2e7ff3d1c20deb9#171,0,165
20030228_easy_ham/00173.253a0161257f4fe309df9d9ffabd5ef3#172,0,166
20030228_easy_ham/00174.ea47d0c060fa8ce10dfb448db1f27be8#173,0,165
20030228_easy_ham/00175.04e562a3e92558eef6aa45dd66a96564#174,0,167
20030228_easy_ham/00176.69b5e43c0fb4a313ba18a91c291b3bbc#175,0,168
20030228_easy_ham/00177.22e75f7ffcce4664a3266d90a4b4266b#176,0,169
20030228_easy_ham/00178.e021e35d6b9ec076f35e72ed932356e2#177,0,170
20030228_easy_ham/00179.402096b649c7af65ed3b8b18ca416544#178,0,171
20030228_easy_ham/00180.1d7edb742cfbd5d48881c99a8e03cccd#179,0,172
20030228_easy_ham/00181.6831a0d4a6d648236f7ccd26b5e3e7ab#180,0,173
20030228_easy_ham/00182.8e6541320c6c08e0a899455a0a21f91c#181,0,174
20030228_easy_ham/00183.54d98788fca5892267d8dfe4d09b2bbf#182,0,175
20030228_easy_ham/00184.4534b61b19d6102fe241eecf0a436a35#183,0,176
20030228_easy_ham/00185.d596ca9befa5afe75fd8ebca4c215d46#184,0,177
20030228_easy_ham/00186.7fb6108d51b6cf37e682b16713376f98#185,0,178
20030228_easy_ham/00187.f2e1e617b73fa1c5137d78383372886f#186,0,179
20030228_easy_ham/00188.f416128c8a1bc74ac615e5bdf7ae0172#187,0,180
20030228_easy_ham/00189.b66293957540969a231d2fd09886ee0f#188,0,181
20030228_easy_ham/00190.e26c75eb1c827ea35cf2e3407595fa67#189,0,182
20030228_easy_ham/00191.41a15d7d511bc977b0fcb93cd9492bd1#190,0,183
20030228_easy_ham/00192.9ab41d05f7b9bad7f7eccf7d393293dc#191,0,184
20030228_easy_ham/00193.56c58a594fe8a1e7b830f48eaf12e654#192,0,185
20030228_easy_ham/00194.c2c3f757416af5818ec89cf01a9aa601#193,0,186
20030228_easy_ham/00195.d01606c130956bbbe4d0571e187a03de#194,0,187
20030228_easy_ham/00196.5a8ba13e30d79286b01472ef383d773d#195,0,188
20030228_easy_ham/00197.811a3c4022f3c7c548fcc7df7782e1d8#196,0,188
20030228_easy_ham/00198.abf0f5bd6209bb8e268d51902158e0aa#197,0,189
20030228_easy_ham/00199.05aa582ea00818b07c867878ced559fb#198,0,190
20030228_easy_ham/00200.883884dc35bd45feb65b9a351371a7c9#199,0,191
20030228_easy_ham/00201.190add142b96a42eec8969c51dcf89c7#200,0,192
20030228_easy_ham/00202.fc22c26924eef6d26b3818db4450e2b6#201,0,193
20030228_easy_ham/00203.b5773afbae12d0d79df74b32b2f46697#202,0,194
20030228_easy_ham/00204.5c64400ff51925eb0ca4bc7bdab0bc09#203,0,195
20030228_easy_ham/00205.a7ef07a6046817705ce83f59e2bd3ac8#204,0,196
20030228_easy_ham/00206.5c77fcb0b64166d0fd0795b9d5f7330b#205,0,197
20030228_easy_ham/00207.13171e04f004b9e401b749be95abb2ea#206,0,198
20030228_easy_ham/00208.f6805ede51fb25adfc2bebfa72e70f3b#207,0,199
20030228_easy_ham/00209.d685082621cfefa2f7a2e614b455258d#208,0,200
20030228_easy_ham/00210.a85c0673394ffce41e84cbd558ade870#209,0,201
20030228_easy_ham/00211.3ccf7a2df02a7f7ec7160e29eacfd8ee#210,0,202
20030228_easy_ham/00212.51860640683706a0041c8576cf35fe26#211,0,203
20030228_easy_ham/00213.cbab995631e4345875a326d533cf6cd6#212,0,204
20030228_easy_ham/00214.ccc58960373c957d965f300ace6c9576#213,0,201
20030228_easy_ham/00215.d09b3f3c0df56258c17c3de4dfbfc6c6#214,0,205
20030228_easy_ham/00216.70fc915ba97c52baa07a10c19b89f848#215,0,206
20030228_easy_ham/00217.e2416507f33a5350042484cc38de4800#216,0,207
20030228_easy_ham/00218.17547ce08d682678c539484cf094982d#217,0,208
20030228_easy_ham/00219.642f44312e1eaf0fbecf90d6b39876d9#218,0,209
20030228_easy_ham/00220.7c18420ed3257e8630e67dd0045f6563#219,0,210
20030228_easy_ham/00221.073d8414c8d4801265b1894e139284f9#220,0,211
20030228_easy_ham/00222.09f314ba527328f1537a99a2423af0c6#221,0,212
20030228_easy_ham/00223.02084417d77ed822ef1ba7391a7ff417#222,0,213
20030228_easy_ham/00224.937d82e92fbb4a21cc11cc49310eff39#223,0,214
20030228_easy_ham/00225.13c1eaece69dd93afacadb48189e65fc#224,0,215
20030228_easy_ham/00226.b629152d594cf90a252b1f45dce90a65#225,0,216
20030228_easy_ham/00227.9e23fa007bc1e12a6b957372d24116f0#226,0,217
20030228_easy_ham/00228.6cf71899d7146e93641d4ad9d0aeb34e#227,0,218
20030228_easy_ham/00229.5ee5fd3867d69cd25a5fde771fda0094#228,0,219
20030228_easy_ham/00230.9a0c6d7bc5e78a2b597bc050e491d05e#229,0,220
20030228_easy_ham/00231.b295668c907d5f4d50f8e9db78ae5714#230,0,221
20030228_easy_ham/00232.dba1ba74b7372e3b13b0a351e2d45b89#231,0,222
20030228_easy_ham/00233.46a5a0be6835c796dac95e1c5b691673#232,0,223
20030228_easy_ham/00234.335356ba4b116d347be3199b40cdaed2#233,0,224
20030228_easy_ham/00235.c3a09c057f8fec7d833a8f38062b9a48#234,0,225
20030228_easy_ham/00236.0d42e8e99de86aae42a4f3e3cdc2465b#235,0,226
20030228_easy_ham/00237.885411da9a2cf59e223a953a1747d44f#236,0,227
20030228_easy_ham/00238.dab1868a3b43de1e01ebdfd0e53de50f#237,0,228
20030228_easy_ham/00239.849f683f7532fe3ef85d3ae6cf2d7153#238,0,229
20030228_easy_ham/00240.6430542510c59bcb5e4cca0112eff3ac#239,0,230
20030228_easy_ham/00241.45aeb31a71118db41c3757eee21f8757#240,0,231
20030228_easy_ham/00242.640f27e47a5754dbf4893781ce156a75#241,0,232
20030228_easy_ham/00243.356078a6eb0847e4670477133553b3af#242,0,233
20030228_easy_ham/00244.d6a35c3356b3796b5ddc77ed1b1995e2#243,0,234
20030228_easy_ham/00245.5d4317b10e081f87fd2cd84e6fc94cd7#244,0,235
20030228_easy_ham/00246.b7cc35e095c9fae344813bf6e1bc681a#245,0,236
20030228_easy_ham/00247.e14fcbf137267399278507b469811f0a#246,0,237
20030228_easy_ham/00248.668706b3eca383f610723863786d422d#247,0,238
20030228_easy_ham/00249.5123280972d4935e630a46f92266f6c8#248,0,239
20030228_easy_ham/00250.c99c3af1901ffb471442f3ef4580ffc8#249,0,240
20030228_easy_ham/00251.7b7563dab83993b166e03ab8f052c5ac#250,0,241
20030228_easy_ham/00252.18ef1111d1d7543890e6b0a7eb13e014#251,0,242
20030228_easy_ham/00253.a396ca42887c9f843052432ff1bcbf41#252,0,243
20030228_easy_ham/00254.84ee8f124a5dbb36412c2e2d5cca3095#253,0,244
20030228_easy_ham/00255.11be25bd4a3d55702ed4a1f13e7d2a3d#254,0,245
20030228_easy_ham/00256.53663e6f042c696de327ed117c0990c4#255,0,246
20030228_easy_ham/00257.3e5b4e24045e108fedeff7d6ff8eecc5#256,0,247
20030228_easy_ham/00258.586a8a7ca9e58ea82936ef0487ae8638#257,0,248
20030228_easy_ham/00259.7310c53a2b5baca35187f0ee38aab709#258,0,249
20030228_easy_ham/00260.9c633d54c32d46465f4162f3a91f553c#259,0,250
20030228_easy_ham/00261.9e12183461e1f5e5061eb9f8d39d9822#260,0,251
20030228_easy_ham/00262.ce0f0852efe359866e64ad9a524e51d4#261,0,252
20030228_easy_ham/00263.6be4d6f2afb3d1b5b8acee019e560ce4#262,0,253
20030228_easy_ham/00264.cef5d54bbce2f4a833aab06487467f82#263,0,254
20030228_easy_ham/00265.d0ebd6ba8f3e2b8d71e9cdaa2ec6fd91#264,0,255
20030228_easy_ham/00266.edda19cbe2bb12d6aca8f9550b870824#265,0,256
20030228_easy_ham/00267.332a04bf60ba54e3a303ee253fb977ee#266,0,257
20030228_easy_ham/00268.ed64201ab977eaad5fd6ad999c2f8255#267,0,258
20030228_easy_ham/00269.b2b5cff76f0c1d2811d88cdfc81a2b4a#268,0,259
20030228_easy_ham/00270.d0a83be3891cf0ea26d2af0102e9a875#269,0,260
20030228_easy_ham/00271.b67b5b37ce874d5ccea3391922f14506#270,0,261
20030228_easy_ham/00272.c319ce83bd9b379fda60a7991da1b9d5#271,0,262
20030228_easy_ham/00273.b57629503558401c3945450dc5dfc5eb#272,0,263
20030228_easy_ham/00274.ecbd86ce57edcb6a419a92479216e43c#273,0,264
20030228_easy_ham/00275.4602fde18bf961c7bdff1a65e4e0fcbe#274,0,265
20030228_easy_ham/00276.5068c9f11be01b50bd179e900cee257e#275,0,266
20030228_easy_ham/00277.0b91824bfb092e74957ecff204754944#276,0,267
20030228_easy_ham/00278.143effa95043688280ced372741d3862#277,0,268
20030228_easy_ham/00279.db581b9c25766016fa42b54f426e1838#278,0,269
20030228_easy_ham/00280.c853f6dc1379a418f0a48e7ec7009744#279,0,270
20030228_easy_ham/00281.a143a6b20ae0f54335a78d477b3d82fe#280,0,271
20030228_easy_ham/00282.865809c7b627e9c6f0d5b32b5a80b02c#281,0,272
20030228_easy_ham/00283.3049b55cf228fd4add06e7b701f71878#282,0,273
20030228_easy_ham/00284.74169e544362fc645322f98d1de72128#283,0,274
20030228_easy_ham/00285.c422b202e0487f766ba13baa7b755bfd#284,0,275
20030228_easy_ham/00286.74f122eeb4cd901867d74f5676c85809#285,0,276
20030228_easy_ham/00287.175dfcaba6a69ffe40222e3937308e2f#286,0,277
20030228_easy_ham/00288.3bf1e169fdf5504b8fa28e9998da147a#287,0,278
20030228_easy_ham/00289.759738dc8d12e85d6e26b866faa94337#288,0,279
20030228_easy_ham/00290.98400fc8bb102f11e201c037a613cf85#289,0,280
20030228_easy_ham/00291.69656be850c89e739f4ae1db5b43d90f#290,0,281
20030228_easy_ham/00292.d70b6d753352d01060579b1c34df4e4d#291,0,282
20030228_easy_ham/00293.d74734bf5cf13ea138e4ee4df7555008#292,0,283
20030228_easy_ham/00294.73bcb5b3dfaccc628419d7ecfe69ff1b#293,0,284
20030228_easy_ham/00295.00390d9365839897c097b0db0d0a567b#294,0,285
20030228_easy_ham/00296.fd066cc4153d4d6e65dc8f06165e3f78#295,0,286
20030228_easy_ham/00297.be029fdbe088fc14a8124640f0bb053e#296,0,287
20030228_easy_ham/00298.8b7d79e9cff4860a08188dd3d0c4ceb9#297,0,288
20030228_easy_ham/00299.7e89319a2d14ca28a61ad12fcb49eff8#298,0,289
20030228_easy_ham/00300.e98a210bc3981e1d64524ed9984be049#299,0,290
20030228_easy_ham/00301.48ccf486575754a29b80e4eae2c5e227#300,0,291
20030228_easy_ham/00302.9aa28800eefcb167ac80f4b6b1e939d6#301,0,292
20030228_easy_ham/00303.72eec73b937da55ad1c649c0092f75ad#302,0,293
20030228_easy_ham/00304.d02fe9b0a4d9111f79643c1e0793d846#303,0,293
20030228_easy_ham/00305.4d30f302b0e02fed5944d83cf2de08e4#304,0,294
20030228_easy_ham/00306.a94c65293f1aa18dd41198b867329cb9#305,0,295
20030228_easy_ham/00307.a2256465cea488cb0ffe6da0a2b0fb07#306,0,296
20030228_easy_ham/00308.ba65bb8c48b44b1767ed1c1de1825892#307,0,297
20030228_easy_ham/00309.ac6da28f3f125547c80fb3fccc295f0d#308,0,298
20030228_easy_ham/00310.66b26e342f980a716f81bb66e9b28c92#309,0,299
20030228_easy_ham/00311.44caa311ef0bcbaf2efd0c9a4e09673f#310,0,300
20030228_easy_ham/00312.2909c5a1114ade0b2aa7c3da6960a3f7#311,0,301
20030228_easy_ham/00313.966f088102b6c7932c1a3655abd2a9be#312,0,302
20030228_easy_ham/00314.611159749e214b996589d557e335648e#313,0,303
20030228_easy_ham/00315.57e3c784e646e449c12675f2981a956f#314,0,304
20030228_easy_ham/00316.cec9411f0e3de588aaffde5847356a72#315,0,305
20030228_easy_ham/00317.62e22febb8eeb1d0a49673ddd92b543d#316,0,306
20030228_easy_ham/00318.5b1d22882c6fbfebcebe12a792b3c6c8#317,0,306
20030228_easy_ham/00319.2c5f52556f53f685fc0a72c6c12cd590#318,0,306
20030228_easy_ham/00320.9933c126186ef60960c78df427a2d8d6#319,0,307
20030228_easy_ham/00321.c3dda1549b97568144b8290208504673#320,0,308
20030228_easy_ham/00322.4eeafc78a7cbb0eb92f9030742660997#321,0,309
20030228_easy_ham/00323.8f7195f98946c42be7c95881ad779fbe#322,0,310
20030228_easy_ham/00324.ce7f14e25bb864ee4084ce6179f975fc#323,0,311
20030228_easy_ham/00325.4c10ab2dbc1ca699e7ce7a4f8aa89498#324,0,312
20030228_easy_ham/00326.e77a07ed3bc9f0e54bc12c3ea32e25fa#325,0,313
20030228_easy_ham/00327.f160a103dfff0676aad343813aeab390#326,0,30
20030228_easy_ham/00328.3f61d8085d0a6376ce225b4d9e5630e8#327,0,314
20030228_easy_ham/00329.84bd9e3cd5592c4335ded8736acbccae#328,0,315
20030228_easy_ham/00330.9676b57232270d009783f5276a1efde3#329,0,316
20030228_easy_ham/00331.ccd0a9edb0852f4811a401d533542237#330,0,317
20030228_easy_ham/00332.5f70a83716da60e6dde2cc0c29d0a0f9#331,0,318
20030228_easy_ham/00333.9542450892a144f44e4d63faabbdb27c#332,0,319
20030228_easy_ham/00334.c7dd12784ce69de4bb49147cce037d76#333,0,320
20030228_easy_ham/00335.a48aba9076c75a8eb74f74ae1f9be1e9#334,0,321
20030228_easy_ham/00336.6d3511fa350ee5cf350ec4827fab5100#335,0,322
20030228_easy_ham/00337.2214ccddb3c9bd9cae70fc25dc9b1de6#336,0,323
20030228_easy_ham/00338.e761d6d7c88c70b86e0dc9d7f0003fbf#337,0,324
20030228_easy_ham/00339.865b307b144029f04b1fc94110acdb91#338,0,325
20030228_easy_ham/00340.91d8c92aa5eccc84c40364fc4fc1ed63#339,0,326
20030228_easy_ham/00341.c7f56e7cd829d52190cfd4af810bebce#340,0,327
20030228_easy_ham/00342.e6c781df2ebba44a429b49b86b376559#341,0,328
20030228_easy_ham/00343.81675074f7fcb53fd83ebabd4d158cb7#342,0,329
20030228_easy_ham/00344.99ffe210a9d425a86ab01840bdfd86c9#343,0,330
20030228_easy_ham/00345.20c35f26ff6b56d678fdbe7750477668#344,0,331
20030228_easy_ham/00346.f1d941485f6a20b29329111c59760585#345,0,332
20030228_easy_ham/00347.f133df7e59af41ba1c596e60dde9dc48#346,0,333
20030228_easy_ham/00348.009168209d00ae1cb41ebe3a7f113d4b#347,0,334
20030228_easy_ham/00349.0a6507ca70c84e4beab8698a733970f6#348,0,335
20030228_easy_ham/00350.b01dafc878fcedbeee6a4d7c120ef0c4#349,0,336
20030228_easy_ham/00351.edc235781cd0e2e3b562d868d3a8df62#350,0,337
20030228_easy_ham/00352.986723b3325cd57e893cfcdf992d59b3#351,0,338
20030228_easy_ham/00353.ec01b62420323fffe253643fe0439c86#352,0,339
20030228_easy_ham/00354.2302c4c1801e52a59346a64a5a31ed85#353,0,327
20030228_easy_ham/00355.9fabc0fb3da1d8376c6db0702b60fb39#354,0,340
20030228_easy_ham/00356.f414aefc1fc74d9cd77da0f07f64546c#355,0,341
20030228_easy_ham/00357.d559b71616f64ba1d1c1e61a03644fd4#356,0,342
20030228_easy_ham/00358.df37619f4cc3d224acd6f8e57e67fd24#357,0,343
20030228_easy_ham/00359.dad4917f824800d6623db29ea557b514#358,0,344
20030228_easy_ham/00360.5e45677c7b7a664d516da6b003d9656d#359,0,345
20030228_easy_ham/00361.6a215262fed7b15f657b22c65107eafd#360,0,346
20030228_easy_ham/00362.bfb007d2df523d5e4ad58dfcdbc1b8cb#361,0,347
20030228_easy_ham/00363.64af27f0c753ccf6ec2e9c4e64c14b76#362,0,348
20030228_easy_ham/00364.30f174421507d353f1f602919dec35af#363,0,349
20030228_easy_ham/00365.b73623c2ea40e64854121432f02a5a15#364,0,350
20030228_easy_ham/00366.e6bc462793d21f588e2368dc089399fc#365,0,351
20030228_easy_ham/00367.d44ba629ed6383ee94999179bb6a04e2#366,0,352
20030228_easy_ham/00368.f86324a03e7ae7070cc40f302385f5d3#367,0,353
20030228_easy_ham/00369.f6f9d4cac4af831140abf032d0378365#368,0,354
20030228_easy_ham/00370.0a2e3b397565840b5c4e46d5c5700444#369,0,355
20030228_easy_ham/00371.3d08a5b828fb31bdacd4d07cad065171#370,0,356
20030228_easy_ham/00372.caa02bf9e0bbd7643dbe83fbac984003#371,0,357
20030228_easy_ham/00373.818730ce90950ecbf244e045a713de53#372,0,358
20030228_easy_ham/00374.67d51286926b6af9ae9be32a9e446b29#373,0,359
20030228_easy_ham/00375.205477cf488dba15ec6dbc46011b8251#374,0,360
20030228_easy_ham/00376.3d17aeac1de8eee4383e077b9e0fe703#375,0,361
20030228_easy_ham/00377.6adf708637c5f1dac1822d80ad0a5740#376,0,362
20030228_easy_ham/00378.46432f84e1aab28c26cf1bc5aa2d36bc#377,0,363
20030228_easy_ham/00379.9c4d9f4fb86361e3c21f376f2cbd0ac1#378,0,364
20030228_easy_ham/00380.9426f88747cb44438bb358841649f326#379,0,365
20030228_easy_ham/00381.235df96b897714cb8dd4fdb74113428d#380,0,366
20030228_easy_ham/00382.457cf61e60b0e7fe754a478f2e2c0592#381,0,367
20030228_easy_ham/00383.5b3e8da8353f48bae364fa900109c027#382,0,368
20030228_easy_ham/00384.956b8ffd2bf74442b89dcfc3b3ea32af#383,0,369
20030228_easy_ham/00385.c874a33cb7def0721807ea870e3c31c8#384,0,370
20030228_easy_ham/00386.d929d7bb175845f6eaa3549dedd8a1e6#385,0,371
20030228_easy_ham/00387.1a5243d401fec09abe374e77ad201d79#386,0,372
20030228_easy_ham/00388.18e2a6069150c2c9139f760fda7668ac#387,0,373
20030228_easy_ham/00389.8606961eaeef7b921ce1c53773248d69#388,0,374
20030228_easy_ham/00390.1b4f14e80c8e7797dce79cf5dc22b625#389,0,375
20030228_easy_ham/00391.57ff08c2830235fc1315c1745829d190#390,0,376
20030228_easy_ham/00392.1a94887ca585cbdaeec97524b9308b63#391,0,377
20030228_easy_ham/00393.b7ba3f196286b0c5ce6e5b1ec9078cd3#392,0,378
20030228_easy_ham/00394.608684acea4bef2ae7f5b89309a6046e#393,0,379
20030228_easy_ham/00395.01a60f5f85141b74be6aa6e347feb5d9#394,0,380
20030228_easy_ham/00396.e9b98e25827d06c7a9cc304282011961#395,0,380
20030228_easy_ham/00397.8e97b74b0753e9f56160fc8cb8d933c9#396,0,381
20030228_easy_ham/00398.d6847698229e6211c91085261e0a9002#397,0,382
20030228_easy_ham/00399.a7f6ab4a02fcda6c06662a660a75e677#398,0,383
20030228_easy_ham/00400.ff81f656b45e5f910a2a64116ea00fc8#399,0,384
20030228_easy_ham/00401.fccfd3c52e43aa3512874c3efec9edcb#400,0,385
20030228_easy_ham/00402.8e937401f8a8a7a1c7661e076f96cd55#401,0,386
20030228_easy_ham/00403.bda6864694236a9ec97714233b831c31#402,0,387
20030228_easy_ham/00404.fb2c69f7df37b12bc62737254d0ea36a#403,0,388
20030228_easy_ham/00405.c838c0717624d85d5a53371fdbce5955#404,0,389
20030228_easy_ham/00406.fe97503539c60ff6814fa2fadf1aa630#405,0,390
20030228_easy_ham/00407.11425a14d7fd9c3e1806fd7dc648001a#406,0,391
20030228_easy_ham/00408.d52d0dde484c37acb79bfdc18d4a2aa9#407,0,392
20030228_easy_ham/00409.6219d28fb4f2ca0173e3f76acbbec8ce#408,0,393
20030228_easy_ham/00410.2bd60034fe4c3f781e44ddac87195fd3#409,0,394
20030228_easy_ham/00411.478dc892fbb1a7970a4442fd6b977c25#410,0,395
20030228_easy_ham/00412.2f7375258785a03b8f8ca2adb0c72620#411,0,396
20030228_easy_ham/00413.e637d3bed73c6df691dc86dd61d46192#412,0,397
20030228_easy_ham/00414.c2dee68136358ceec7d235d03185822b#413,0,398
20030228_easy_ham/00415.62ff4ec7f1c4aa5e5ff0d1165892c0bd#414,0,399
20030228_easy_ham/00416.ea1ffcacd8dd84214e745d86a5013115#415,0,400
20030228_easy_ham/00417.7ec0b5a250ddfd52a9b46385688f9f9c#416,0,398
20030228_easy_ham/00418.93eb266673b3731d82ce305ce6f9aef4#417,0,401
20030228_easy_ham/00419.a88b7702054f8fe1ea38daf082124a6f#418,0,402
20030228_easy_ham/00420.04f6a1501e06ccfc93978982ee7ece8a#419,0,403
20030228_easy_ham/00421.805fdd426ce515374b9e0b42a83a4042#420,0,404
20030228_easy_ham/00422.ac4b66f9c3390c3a98d9c8cbe75f403a#421,0,404
20030228_easy_ham/00423.cfe8ba459149d893789505dcac7db306#422,0,405
20030228_easy_ham/00424.9975dd35a0bc8834d9ccd7dfb27ae7e6#423,0,406
20030228_easy_ham/00425.0ba16e840d94d629f8a3881b4e03a3ad#424,0,407
20030228_easy_ham/00426.dbc70af5d406b97fdf70de03697f5a5a#425,0,408
20030228_easy_ham/00427.49db73be9017efca7355ee80f173a26c#426,0,409
20030228_easy_ham/00428.f28828195802a97e84fbace0b81dbe53#427,0,410
20030228_easy_ham/00429.5c83e9a65ee27155654607ee770b8142#428,0,408
20030228_easy_ham/00430.3fc5dbd2463ea79d094b859e9d7e3465#429,0,411
20030228_easy_ham/00431.7f3adeb8cda736429bbe7ee757a07232#430,0,412
20030228_easy_ham/00432.039993123f40c5865c1a9831b3e32297#431,0,413
20030228_easy_ham/00433.881e63c5f176a80aeb5428f36bd0810e#432,0,414
20030228_easy_ham/00434.41010fa84308b599b5ca5b597185a576#433,0,415
20030228_easy_ham/00435.01f1329e5314b30b44b36c20a98ed846#434,0,416
20030228_easy_ham/00436.90165e25df2411e4bef93391f57d2257#435,0,417
20030228_easy_ham/00437.a1f4bc09ef8406e572438adeb849d31c#436,0,418
20030228_easy_ham/00438.e56e66c54e734033b4f014a98615eeb0#437,0,419
20030228_easy_ham/00439.982a2ff6189badfe70c2fe3c972466a2#438,0,420
20030228_easy_ham/00440.02086b5f064e33a48c34183441934bd3#439,0,421
20030228_easy_ham/00441.d98a50dfe00c17a9d864f859480617e2#440,0,422
20030228_easy_ham/00442.d35b7a477107b2e6bcf47f07eca41fa6#441,0,423
20030228_easy_ham/00443.cbff6c2a1679fe0ffa99c07c61c123ae#442,0,424
20030228_easy_ham/00444.eca3cc749e5630f73f2243f1f35563e7#443,0,425
20030228_easy_ham/00445.45f666c21ff201e070e34c0ddc33dbe0#444,0,426
20030228_easy_ham/00446.8305adb883b4b3721b4c9e541d5017f7#445,0,427
20030228_easy_ham/00447.decc7752d5a6bc685e47b094f76bb2c1#446,0,425
20030228_easy_ham/00448.18e06f65c923e685fb4f72d90962c217#447,0,428
20030228_easy_ham/00449.a5774525dc915cffc54433a1793cbf1a#448,0,429
20030228_easy_ham/00450.72b1e6931947f5bfcc7c116431e2a093#449,0,430
20030228_easy_ham/00451.939a31fdd3afff7c049dd3224ced6261#450,0,431
20030228_easy_ham/00452.82e58fa634669d9f5543b297cec9b6b7#451,0,432
20030228_easy_ham/00453.1b26da8f96711b00e186def7371d1e0d#452,0,433
20030228_easy_ham/00454.e4cd59db7f7856303052e3e882be313c#453,0,434
20030228_easy_ham/00455.d88c833e795f29473c862b4e4a43ac20#454,0,308
20030228_easy_ham/00456.6932df857bc1b0c8766e5a9794d167ba#455,0,435
20030228_easy_ham/00457.89579a11f9036c69e46063fb22057fe6#456,0,436
20030228_easy_ham/00458.ad4375d9c03bdcd1828da9c405441b65#457,0,437
20030228_easy_ham/00459.1b37170cbdad7f2ad4051ccff4d2b863#458,0,438
20030228_easy_ham/00460.ae11aa8c20cf158f55b6a180679d74ea#459,0,439
20030228_easy_ham/00461.94c0b7cab722e5ac253b285e50b047e1#460,0,308
20030228_easy_ham/00462.d20502b45c48c8bb613feb09cd9219c7#461,0,440
20030228_easy_ham/00463.4d93152b4c4c397486807b53501aed8b#462,0,441
20030228_easy_ham/00464.5a7f552394a07524c4aa23b06c9e5915#463,0,442
20030228_easy_ham/00465.772004398b9f98bc63ab9c603b10ce08#464,0,443
20030228_easy_ham/00466.cfc9f0d8a4e28c000bc8962d4d3924d9#465,0,444
20030228_easy_ham/00467.db0549489738f320732f286f74986743#466,0,445
20030228_easy_ham/00468.0aeb96f2dc4a95abedb750a6cff7f343#467,0,446
20030228_easy_ham/00469.b1d31cab7c1b3b5897393f46ce62b3e9#468,0,447
20030228_easy_ham/00470.efaf4cc30f0107b82eaee72c68af5bec#469,0,448
20030228_easy_ham/00471.4275aa8908e9754226118eb99aad8c6d#470,0,449
20030228_easy_ham/00472.32120f66ef86d03baf663889b0235d94#471,0,450
20030228_easy_ham/00473.18c8849136c818c42e6429e94bb42f6a#472,0,451
20030228_easy_ham/00474.df7437b06e0b8725f8309196ba8dd09d#473,0,452
20030228_easy_ham/00475.90154e8e3f3761b155d35323f54aaad7#474,0,453
20030228_easy_ham/00476.7133902476448f294ee064117d96c988#475,0,454
20030228_easy_ham/00477.ae6b0e13cfb834b905857a31327dda32#476,0,455
20030228_easy_ham/00478.416296a9700921997bbda37e62c65035#477,0,456
20030228_easy_ham/00479.1bf2cda4c4b42b94b9b0b14ecb9f826c#478,0,457
20030228_easy_ham/00480.a12b636b1444ed8273930c901422c6d8#479,0,424
20030228_easy_ham/00481.a7bee7a7de9cfdb9ad19c88c0440be61#480,0,458
20030228_easy_ham/00482.6967f5ac2b3b99a8c940773658f4c406#481,0,424
20030228_easy_ham/00483.0ce5057dc155d6a6aca6c917b4eb0793#482,0,459
20030228_easy_ham/00484.0196194ad15151d749ec445f38a2ab47#483,0,424
20030228_easy_ham/00485.51303357b6e195501f2bf225d60161b1#484,0,460
20030228_easy_ham/00486.8294dd2af26dd3d759390f412bbec227#485,0,461
20030228_easy_ham/00487.3f2dcd848a26fee4af6be79673ca12ad#486,0,424
20030228_easy_ham/00488.88642710e6c206d0de1d8a0093ed2700#487,0,461
20030228_easy_ham/00489.2a739cd71c4667d635698fff5120bceb#488,0,461
20030228_easy_ham/00490.4734366879f0805c510b6665d99d8fec#489,0,461
20030228_easy_ham/00491.c0d9405bdda12781f96bc37c00a382d9#490,0,462
20030228_easy_ham/00492.3ffb38f175e41790b1f05096dbe339d8#491,0,463
20030228_easy_ham/00493.29a23aaa27a825c8cfb67264b9d7aeb3#492,0,464
20030228_easy_ham/00494.ba6ae1d625f2a4e039f6822868ee48ad#493,0,465
20030228_easy_ham/00495.3bba63110f3a2a97ae71ce53268766cf#494,0,466
20030228_easy_ham/00496.6ebe7969144149d6c8c170732a1b63e1#495,0,467
20030228_easy_ham/00497.d1de10013dcdc07beee6507aa0d274c9#496,0,468
20030228_easy_ham/00498.05456f69b8ce95cc1846f396b73f31b8#497,0,469
20030228_easy_ham/00499.e9a4884055f2ee93c2c0d974c8b2e7cd#498,0,470
20030228_easy_ham/00500.eb1460f32ec4693ed36e356f0401c8e1#499,0,471
20030228_easy_ham/00501.d49136e1973b2bb467093cc28419b214#500,0,472
20030228_easy_ham/00502.19da1b53a1529e45350243255bee8fd2#501,0,473
20030228_easy_ham/00503.8371a5419a277838b32355a79e9d00cc#502,0,474
20030228_easy_ham/00504.9f783e81d6dd916618dc079f58606b8d#503,0,475
20030228_easy_ham/00505.22cfc49506156219ff2e4441d92e077a#504,0,476
20030228_easy_ham/00506.e8f8279bf8b010bab338e085be47dd9b#505,0,477
20030228_easy_ham/00507.accde385fd6700b6e66aaeaf9032bfc0#506,0,478
20030228_easy_ham/00508.80880b09c43a6a31fdf49578eb5692f1#507,0,479
20030228_easy_ham/00509.d5737f6af394368a65215162e3cb23f4#508,0,480
20030228_easy_ham/00510.850dcc2f8864451743299b60cbd4dd5b#509,0,481
20030228_easy_ham/00511.a729fad46d130c7f0990e0586ed25aa9#510,0,482
20030228_easy_ham/00512.c77705cc5e9a878a5c1f5b17583720f6#511,0,483
20030228_easy_ham/00513.8454cc27ffb04db6d63c81e33c0067e8#512,0,484
20030228_easy_ham/00514.d44bd760b7ea720b9d1e1a7ba105e696#513,0,485
20030228_easy_ham/00515.e84988067a252d765f7d24f15c0b0670#514,0,486
20030228_easy_ham/00516.139a390f9320423395da77f14f7118db#515,0,487
20030228_easy_ham/00517.4610bfad0be0872b61a11e2e7786a4e5#516,0,488
20030228_easy_ham/00518.9aaa49b7c1be4cece3992633347b8a40#517,0,489
20030228_easy_ham/00519.595dfd5bc0bec7bd5f06673fc428bbb3#518,0,490
20030228_easy_ham/00520.823579bff3285c4aefe85db5bff0d6c9#519,0,491
20030228_easy_ham/00521.900f67b5696388c58966c58e3aaaf90c#520,0,492
20030228_easy_ham/00522.db4b857b35a54049c2dc88b2516eb1ea#521,0,493
20030228_easy_ham/00523.9fcc28348487963a8ae5f43c3deb4334#522,0,494
20030228_easy_ham/00524.8635e65e0ff007a8d5cc29de21c04cfc#523,0,495
20030228_easy_ham/00525.08f2f03dc58bc667d28140d30c203cea#524,0,496
20030228_easy_ham/00526.27d0075c192b704fd3b804497b8c33d1#525,0,497
20030228_easy_ham/00527.fe739430917f1facd61acbc162d71970#526,0,498
20030228_easy_ham/00528.4069e359640cbe831b602fd3cc387469#527,0,499
20030228_easy_ham/00529.f267247f996b2eab55c6e18b63e3968b#528,0,500
20030228_easy_ham/00530.1a07bbd6fe2438ed2b3f11e92449327c#529,0,501
20030228_easy_ham/00531.711a16c97d6955bdc3d4b09656e44d93#530,0,502
20030228_easy_ham/00532.81180d4d1d632bb50c189b51f83921e0#531,0,466
20030228_easy_ham/00533.ebdd2ab43a73a867388b595061d66d59#532,0,503
20030228_easy_ham/00534.6db349fcd98d25f61e5bcc4552b45f57#533,0,504
20030228_easy_ham/00535.2c21f614f9593edc5049248d6e873ce8#534,0,505
20030228_easy_ham/00536.ee0a85c68f0db6388d6f8a3468af70ac#535,0,506
20030228_easy_ham/00537.0b676300c214afdc2dd6a5007e8b8e2a#536,0,507
20030228_easy_ham/00538.313057481a3b1638c05066fad46ae65f#537,0,508
20030228_easy_ham/00539.f3a3a009e8410ed004b045e724be525a#538,0,509
20030228_easy_ham/00540.c9e660864381381e6a16c599c8f2e1fe#539,0,510
20030228_easy_ham/00541.cbdcefd1a6109b8f95e1c8dddfbd7bb2#540,0,511
20030228_easy_ham/00542.1db9cca8020648c0ed80436b9aea4d33#541,0,512
20030228_easy_ham/00543.0641e755767b41b404070e155708cee6#542,0,513
20030228_easy_ham/00544.5a9365cf80100b89b50656045cb8b80c#543,0,514
20030228_easy_ham/00545.99996f28814c7028ce6aac44270ff3cd#544,0,515
20030228_easy_ham/00546.30fed3b8e986dc41b1865b9285e84e56#545,0,516
20030228_easy_ham/00547.59bf01e07cf08c7e3a778b747e020989#546,0,517
20030228_easy_ham/00548.120e45c5d33311bc09e844bf236521d2#547,0,518
20030228_easy_ham/00549.a847ea8934802a0ec67a7fd1d136d26d#548,0,519
20030228_easy_ham/00550.02e6c81fb637ae555b997d6fd72df731#549,0,515
20030228_easy_ham/00551.1c59fd8e4f3176c859b79b9a75fcc3b6#550,0,520
20030228_easy_ham/00552.2a17c933697e682b93c2f32b66230a3b#551,0,521
20030228_easy_ham/00553.d1e0ab732c8cbe70432e98301e352954#552,0,522
20030228_easy_ham/00554.a01a74aee9653a7ae8d1d558c75f0a5d#553,0,523
20030228_easy_ham/00555.4139b207075574b3774942a3a42013d8#554,0,524
20030228_easy_ham/00556.eea9a26e128c1b4b676b4180adbd547a#555,0,525
20030228_easy_ham/00557.62ed7b82fd342ca4d7932ccee2552337#556,0,526
20030228_easy_ham/00558.95b8c2677759a2f569a5dc0bd70b8cc0#557,0,527
20030228_easy_ham/00559.caa975fbe7e1641a76de679bdf213adc#558,0,528
20030228_easy_ham/00560.e49654efbb65ad7539d43d356457a322#559,0,529
20030228_easy_ham/00561.4fb75fe802e36488a6acbbcccbcde3c1#560,0,530
20030228_easy_ham/00562.3f2a351171504facae22864c794c26b6#561,0,531
20030228_easy_ham/00563.8c8efdf5034a0ba771e48494fd2d8099#562,0,532
20030228_easy_ham/00564.e6fc359c277f507a2e01198b9c60ae61#563,0,533
20030228_easy_ham/00565.4ef76da45577ee17827cec345ac543b0#564,0,534
20030228_easy_ham/00566.4ce66e249726f98555ef3a7ba1f666d5#565,0,535
20030228_easy_ham/00567.aa0b1a5ccd63ce58ca09389b7dd7a5aa#566,0,536
20030228_easy_ham/00568.e5478bfa670cbd9bc3d26ed23e7b3eb6#567,0,536
20030228_easy_ham/00569.d6da87140fd0ef187bcf217a57153cca#568,0,537
20030228_easy_ham/00570.d98ca90ac201b5d881f2397c95838eb2#569,0,538
20030228_easy_ham/00571.8f35c46bee6d7a238eabf207a5696b0c#570,0,539
20030228_easy_ham/00572.c406ac5bc5c42bedbce48f5661d29976#571,0,539
20030228_easy_ham/00573.f36b8bb4af93f6b0736e7475eb6cbcba#572,0,540
20030228_easy_ham/00574.6c736036ab8317e753dae53ef19123e9#573,0,541
20030228_easy_ham/00575.c4b32c1dc29245ce6298f5abf2f0b085#574,0,542
20030228_easy_ham/00576.36892439c0a6bdd5b4231b639b639399#575,0,543
20030228_easy_ham/00577.8f3db8ab8b69d38bddf8e5a91b353da2#576,0,544
20030228_easy_ham/00578.8c710aa944374d631b9969a806e32a30#577,0,545
20030228_easy_ham/00579.566d8e05220571bff1c2f392a1c7bf41#578,0,546
20030228_easy_ham/00580.41f4f9793351fe7c7d3abe77cedc5528#579,0,547
20030228_easy_ham/00581.9922b0f34aa8f51fb4adf4bf4ecf1464#580,0,504
20030228_easy_ham/00582.25153a03da1710fd133d6ff373d612d3#581,0,548
20030228_easy_ham/00583.7db5166f3ec5a8bcf81bf1b639b48361#582,0,549
20030228_easy_ham/00584.1994033689471c5000d715aeaaf7be24#583,0,550
20030228_easy_ham/00585.a55a40c5fca535871d78848d27efd540#584,0,551
20030228_easy_ham/00586.7ca83d6acc8e5b0e44b78a4fe8bab72c#585,0,552
20030228_easy_ham/00587.8d78332c747a44bf017724d66bf71647#586,0,553
20030228_easy_ham/00588.708ecb20113d4c80b91936cd1c86b186#587,0,554
20030228_easy_ham/00589.38f809ae603fbabb0d3f2389011e9150#588,0,555
20030228_easy_ham/00590.3b596d6b2e6ad9b9f5cf3593a398260b#589,0,556
20030228_easy_ham/00591.3bca4fff29ae5e89e2e2948401a24ab8#590,0,557
20030228_easy_ham/00592.9608ca87c212f35feae1ebde5567c0e2#591,0,558
20030228_easy_ham/00593.f71a708b88b51c4d428bb3bd741ece2d#592,0,559
20030228_easy_ham/00594.805dae98d1ad6f99a7792418c1faccfd#593,0,560
20030228_easy_ham/00595.7182665eb052808e2061bacbc75ed5ee#594,0,561
20030228_easy_ham/00596.73c2473a9c778e096f3a9160d72567e9#595,0,562
20030228_easy_ham/00597.d69fd43248612845c272cc277b890e1a#596,0,563
20030228_easy_ham/00598.583ed313ddee00f0dc9929f76d3bb24e#597,0,564
20030228_easy_ham/00599.94c013ab7037d45045aafbac3389bef0#598,0,565
20030228_easy_ham/00600.a1c1bac6e4b69ad676c35512fec98e05#599,0,566
20030228_easy_ham/00601.3db4b70f50e83050fcec38b75dee609e#600,0,567
20030228_easy_ham/00602.2dc7ba42179a34e52badfe383f7fe08a#601,0,568
20030228_easy_ham/00603.712b15c7b1e7bef7235068a3e4d9bd39#602,0,569
20030228_easy_ham/00604.2241c022167d341022d1f345689801d7#603,0,570
20030228_easy_ham/00605.63a8dd42dd6ce5499718d03acfeb0746#604,0,571
20030228_easy_ham/00606.9733a34d34069bbc9671b0292068449d#605,0,572
20030228_easy_ham/00607.5032b5e20289cecc351fc872b92c2003#606,0,573
20030228_easy_ham/00608.36856bbc19336f3fd57897105b32c720#607,0,574
20030228_easy_ham/00609.07f3cfa331e44f1fc138217fc9f9eb86#608,0,575
20030228_easy_ham/00610.ef7ca9c067516bdd7e29aebc488d1edd#609,0,576
20030228_easy_ham/00611.62116da308e2b9eb2e57ee12de12b677#610,0,577
20030228_easy_ham/00612.97d0559a45fd4630e954b8687dfff55a#611,0,578
20030228_easy_ham/00613.b8dd681e75a5583349b54f16991b096b#612,0,579
20030228_easy_ham/00614.2487f80400eb954b7c3ab257771ed393#613,0,580
20030228_easy_ham/00615.4762e05d7ff70fa43cccbad6745b34cb#614,0,581
20030228_easy_ham/00616.1111fc61de078f069db9d72e961ab5a1#615,0,582
20030228_easy_ham/00617.5433c6be9644f6d773afef39392cb24c#616,0,583
20030228_easy_ham/00618.bec430e993398552fbf09c76e04b9994#617,0,584
20030228_easy_ham/00619.b2a33ba25583113a3d435bcbc8759244#618,0,585
20030228_easy_ham/00620.8d1ccac5b4a36e47f5f168c19e6ac573#619,0,586
20030228_easy_ham/00621.2b161b5c7c09b45b568c1982ed49a008#620,0,587
20030228_easy_ham/00622.80ded6eb7b17a2bb45d502b85244dad1#621,0,588
20030228_easy_ham/00623.37932984e4241279e60e9c28f7fd6706#622,0,589
20030228_easy_ham/00624.2847b091fbcbd97af477c23439e0f22f#623,0,590
20030228_easy_ham/00625.bc9f45777515eeeb8da0c8898c0526c4#624,0,591
20030228_easy_ham/00626.349d4ef602ebce0ec03f1505989ab135#625,0,592
20030228_easy_ham/00627.fcd38764f184dd61db99e15081590e7c#626,0,593
20030228_easy_ham/00628.4a185fee450d8239cf82bee902dbd1af#627,0,594
20030228_easy_ham/00629.370fec99ddca8da57ef5cb0bf30375e5#628,0,595
20030228_easy_ham/00630.d4dad4b8734a30afbf8c80499e652c2c#629,0,596
20030228_easy_ham/00631.585978ee5a109ebd04ea2289ddaa3f20#630,0,597
20030228_easy_ham/00632.5aaf2a16e34b00ee971d17bd4343e61e#631,0,597
20030228_easy_ham/00633.a3d861bf0435fda936962c572ce0956a#632,0,598
20030228_easy_ham/00634.3215eb7dfc919ae5ca49520f9fcd43df#633,0,597
20030228_easy_ham/00635.b30f8636725812c0d15a96f31c07f8b6#634,0,599
20030228_easy_ham/00636.f15c6eabe3d5204cb8704b0a4b845403#635,0,600
20030228_easy_ham/00637.0f0bbdfd5cab1e45883719f70f691862#636,0,601
20030228_easy_ham/00638.62a452b9264fb77572bb34181f71a325#637,0,602
20030228_easy_ham/00639.bf2aca6432694667dc120fff4224e5be#638,0,603
20030228_easy_ham/00640.bd6aaf961fe455813d6cd9448c29f312#639,0,604
20030228_easy_ham/00641.96719d053974ef201283237fc146f384#640,0,605
20030228_easy_ham/00642.19131d951ee16af5a157685213dbc7b8#641,0,606
20030228_easy_ham/00643.25062169a6a9d2109b047a95c633f885#642,0,607
20030228_easy_ham/00644.47e9eaa5c1cac5f991f30201ae7fda6e#643,0,608
20030228_easy_ham/00645.2d95a6a89614625aafb7b333e799e111#644,0,609
20030228_easy_ham/00646.866a1abeab0f141ef2de39b398134d0b#645,0,610
20030228_easy_ham/00647.7d9cd4058b01e8b7f5f788e7fc159aae#646,0,611
20030228_easy_ham/00648.d3808dc202cff72d0326d74d23eaad17#647,0,612
20030228_easy_ham/00649.b630711c0f63812f552cbe85b22f4568#648,0,613
20030228_easy_ham/00650.2c20a3ae4da8ff5186f738ee5d833fda#649,0,614
20030228_easy_ham/00651.10adacfbcf0526d9aa331dbecc1a9509#650,0,615
20030228_easy_ham/00652.dde353b33fdd09f8daa33ffcdb016188#651,0,616
20030228_easy_ham/00653.5bf375439fd118575f08b85000c0d3c7#652,0,617
20030228_easy_ham/00654.820dea38bee9162874d734e791ef5ab9#653,0,617
20030228_easy_ham/00655.cf1f1255898932a567c5f7c39faab3b9#654,0,618
20030228_easy_ham/00656.7d0db073b656ae5ecd234e0c59e97623#655,0,619
20030228_easy_ham/00657.9095f1e5c94587ee44a269318647bf4d#656,0,618
20030228_easy_ham/00658.b990e54a957ef200aa8d668dff83e83c#657,0,620
20030228_easy_ham/00659.1217006d88c29f2f900a9406c51feb64#658,0,621
20030228_easy_ham/00660.91d1af396b1bc7b8703f5fae9de020d8#659,0,622
20030228_easy_ham/00661.e779083f6d4522af5231edf0b9371a1d#660,0,623
20030228_easy_ham/00662.020708cee6e991e3c3a58aa83df7f8d0#661,0,624
20030228_easy_ham/00663.cbfae39e27122415329840060e7619e8#662,0,625
20030228_easy_ham/00664.dd3769251f79f493bd990b8c3f870f24#663,0,626
20030228_easy_ham/00665.f1547d981d26d8c8ccfa9375dcd7d222#664,0,627
20030228_easy_ham/00666.9f288224f19ca69b2663b5b9a85d8d62#665,0,628
20030228_easy_ham/00667.dfa0ab3eb4214034892b8cda76d9d750#666,0,629
20030228_easy_ham/00668.c788422df192a179d3a6ddbcb8b8b612#667,0,630
20030228_easy_ham/00669.1324e7460b86ccd5cf81ea949704351d#668,0,558
20030228_easy_ham/00670.be029e37187b8615a231865e3663dcf9#669,0,631
20030228_easy_ham/00671.daf16d838d9b71f5f6cf09d54ebc1e3c#670,0,632
20030228_easy_ham/00672.f7e4f9c91f81b7506b0e9a22ef1fdfe5#671,0,633
20030228_easy_ham/00673.aa68749868d6679697146490282dc908#672,0,634
20030228_easy_ham/00674.6dcadfb64e1a333f826a1c7b5c722f5f#673,0,635
20030228_easy_ham/00675.2b3aefd8378ddbd20396c4b9d961a0bd#674,0,636
20030228_easy_ham/00676.5a7325cc70b1732867ec5b831da86eca#675,0,637
20030228_easy_ham/00677.b957e34b4dd0d9263b56bf71b1168d8a#676,0,631
20030228_easy_ham/00678.28c4d8cffba35f7a4fa077efb4836fc0#677,0,638
20030228_easy_ham/00679.7c3eae8e28aadb8ea378fb5c04bc5d29#678,0,639
20030228_easy_ham/00680.fba9fe0db5780caca8155fb4defdc679#679,0,640
20030228_easy_ham/00681.fd01c0551b4b72201697bfbd55bccd25#680,0,641
20030228_easy_ham/00682.7b96194cc45dfc4d54679a198dda3244#681,0,642
20030228_easy_ham/00683.7d0233053c9421fe2bf29e23a4aa5b18#682,0,643
20030228_easy_ham/00684.1969c6baadceb721cc2a565b93e7f63f#683,0,644
20030228_easy_ham/00685.0c2b26b54c5bb9e9072515d58ccc14ea#684,0,645
20030228_easy_ham/00686.24376d10c9d96b5aad34a8ed8e6b7586#685,0,646
20030228_easy_ham/00687.a044e978152b1411bd3ea6ddc0f537b2#686,0,647
20030228_easy_ham/00688.b05bdac7f180a6947d701b974b413dec#687,0,648
20030228_easy_ham/00689.baf30774fe011781f6822746345015d5#688,0,649
20030228_easy_ham/00690.f56ab439b3ce565dd3fbbefa5fefd0bc#689,0,650
20030228_easy_ham/00691.fe0daf79c97e1e314de953d18efc37e2#690,0,651
20030228_easy_ham/00692.9761f9740766106c5f982e773069a76d#691,0,652
20030228_easy_ham/00693.6849440c3e1d1584a9f05b067d0062aa#692,0,653
20030228_easy_ham/00694.d04cd6e81d2ff9a678a18607d32e229d#693,0,654
20030228_easy_ham/00695.4ea4110f03a11a6f24b27420647d375f#694,0,655
20030228_easy_ham/00696.767a9ee8575785978ea5174d3ad3ee26#695,0,656
20030228_easy_ham/00697.edd28212eb2b368046311fd1918aae7d#696,0,657
20030228_easy_ham/00698.09cdefd75c1242540db1183f9fc54461#697,0,658
20030228_easy_ham/00699.29e599983f044aee500f3a58c34acffc#698,0,659
20030228_easy_ham/00700.7eee792482a5a8cf20f1e4225f905f6b#699,0,660
20030228_easy_ham/00701.4c1a296394c3afdcb38020e8283d1a5d#700,0,661
20030228_easy_ham/00702.bf064c61d1ba308535d0d8af3bcb1789#701,0,662
20030228_easy_ham/00703.ec6e20ebdbfec16d51db2989785583ed#702,0,663
20030228_easy_ham/00704.e077ad131955ba1fa3b9ba7a68b78f62#703,0,664
20030228_easy_ham/00705.e481bd3281b960fad92e6dfaeb567d14#704,0,665
20030228_easy_ham/00706.a5e10c660dcdf09e6e760d87c0589b9b#705,0,666
20030228_easy_ham/00707.72dce8440a545f840d53765a11adce4f#706,0,667
20030228_easy_ham/00708.d3270ed75122fa3989cec02ffb5b3066#707,0,668
20030228_easy_ham/00709.ab6879788945a66541ed05b4f23edbed#708,0,669
20030228_easy_ham/00710.ab32156df4d26cf061b7e553b51547b5#709,0,670
20030228_easy_ham/00711.cd5fd593ba9d0f75c0af12f4fd2d64f0#710,0,671
20030228_easy_ham/00712.89e45eecae00da0b8207bc79d2e843f1#711,0,672
20030228_easy_ham/00713.7b4a3ad6c8b6bbcf358ee5ee23dcdc12#712,0,673
20030228_easy_ham/00714.16c4d34ab2c9622fe82de9570946f9ef#713,0,674
20030228_easy_ham/00715.ca0843463580080429cb2d0192b9ce0a#714,0,675
20030228_easy_ham/00716.c0e0c922db8f605b6475839d8fec9985#715,0,676
20030228_easy_ham/00717.041b5d95813b24c07616f52509bb9fd9#716,0,677
20030228_easy_ham/00718.1fc4cf16dbe6d0395c754671b24782e1#717,0,660
20030228_easy_ham/00719.6d73cfb0bea6fe5002fbd3b260d480e6#718,0,678
20030228_easy_ham/00720.60fb431980df487172ca5ba412bbedc4#719,0,679
20030228_easy_ham/00721.9f0c973b343b808cdf4ab26c9e9b3b50#720,0,680
20030228_easy_ham/00722.6520838870f11a569a006ac7e119782f#721,0,681
20030228_easy_ham/00723.e72e8e80f67f30983c089943e184f5e6#722,0,682
20030228_easy_ham/00724.06d186a9890c1bc07b1e0bd89b7efb8f#723,0,683
20030228_easy_ham/00725.5d2dec63252bb5fc57f3de280129656a#724,0,684
20030228_easy_ham/00726.96933510684f33c2eea5711f969fe444#725,0,685
20030228_easy_ham/00727.ea5bab335cc61c1d3d85a8566232f5e8#726,0,686
20030228_easy_ham/00728.b5de363dc254b32b4a44fc37743d9322#727,0,687
20030228_easy_ham/00729.d8f3ba695fd4f3c1ac6361f2e118ae55#728,0,688
20030228_easy_ham/00730.b2c9b979063d66d1a14f8d834a1c6dfa#729,0,689
20030228_easy_ham/00731.23dbba60cc6ea56f735599461109200d#730,0,690
20030228_easy_ham/00732.3ed34429d759468e94c14ca1e2bb231c#731,0,691
20030228_easy_ham/00733.8cd99b24ae020e6028d85ad0c4f06186#732,0,692
20030228_easy_ham/00734.e37922bdfd9e3246c18322e4b07a4b23#733,0,693
20030228_easy_ham/00735.97b119b8e994bfd0c9a3455b407e52a3#734,0,694
20030228_easy_ham/00736.ca47a5a3b86318e4f1ae4d6bcaa7fc80#735,0,695
20030228_easy_ham/00737.fe2d8d182d9bc421411c9ca9012f3afc#736,0,696
20030228_easy_ham/00738.5c6ce770da4cc06ebea777b8be30abaa#737,0,697
20030228_easy_ham/00739.9034df113ffe0cff225c698efcea7426#738,0,698
20030228_easy_ham/00740.aef9889d927eccf01a365d72db48882e#739,0,699
20030228_easy_ham/00741.03396e9c6182ba4f821ba2cd3740d1e4#740,0,700
20030228_easy_ham/00742.1be305d2baafb0b3699c2750ee546787#741,0,701
20030228_easy_ham/00743.1ee0d64b26edd4ab988d5b848232f554#742,0,702
20030228_easy_ham/00744.667c8aba4400684b27c339f72ad86968#743,0,672
20030228_easy_ham/00745.d2df6fc9d5de220dc9b34cf04addf9e2#744,0,693
20030228_easy_ham/00746.0ca47650bbc1a73fcfdb519b04fb635e#745,0,672
20030228_easy_ham/00747.39967f26d6c1cba3713e2b9f318d0531#746,0,692
20030228_easy_ham/00748.d6ca40c29f4224487fc8d802cb5dca88#747,0,691
20030228_easy_ham/00749.5f32bf86d99139f3256aa4afdd607f58#748,0,703
20030228_easy_ham/00750.5bf605243948976794d149274a18159b#749,0,704
20030228_easy_ham/00751.1e509bcc1e777532f90081474defea62#750,0,705
20030228_easy_ham/00752.3ce51c783c3d6160d34de35e429dc470#751,0,706
20030228_easy_ham/00753.880e08a60a1c96760d26d37f2d6b1cbb#752,0,707
20030228_easy_ham/00754.35836a337d451aa3b7cfc7a7e617c2b2#753,0,708
20030228_easy_ham/00755.798a2e0b9045d90a9bddbb501dc1fcfb#754,0,709
20030228_easy_ham/00756.286dd5a4431bc1a94af390a6bf4d0349#755,0,710
20030228_easy_ham/00757.0c98cd042bf54bed37dc526f0b57bf26#756,0,711
20030228_easy_ham/00758.af02ef2952273218fb9d6c7ddbec7910#757,0,712
20030228_easy_ham/00759.1c5ec35412195e0c2d80ae829d68e8e9#758,0,713
20030228_easy_ham/00760.705760ac23c26098abf407bfdfd30499#759,0,714
20030228_easy_ham/00761.b4bbbb76fb1fa8407236f5cb167c33d8#760,0,715
20030228_easy_ham/00762.c95ecbfb41e18e9ae4b9aceb4a7de176#761,0,716
20030228_easy_ham/00763.509a13b8ff69430aacaa8b786b322939#762,0,717
20030228_easy_ham/00764.13a2828e7c0475a4d67413331b3f7b2d#763,0,718
20030228_easy_ham/00765.ea01c46568902b1338c9685b55d77f6c#764,0,719
20030228_easy_ham/00766.9ac5716a891643ea31d43388a282cbbb#765,0,720
20030228_easy_ham/00767.d5b223070f2a19834daa88bc4338354d#766,0,721
20030228_easy_ham/00768.ce54703f83eb3bf04a04f665dbf55e96#767,0,722
20030228_easy_ham/00769.25bf9a767b5db0ed93f03c1637281663#768,0,723
20030228_easy_ham/00770.b6b328aeb18316cabd60aa75025771d0#769,0,724
20030228_easy_ham/00771.2ce14d08f77127e0720658404cc4ce11#770,0,715
20030228_easy_ham/00772.ab8da3bd11afb162b0ccbd65edaf6cc8#771,0,725
20030228_easy_ham/00773.d8b19e7b6c9a53f4f37242b3f1ca1276#772,0,726
20030228_easy_ham/00774.1af9be3cd1aba6a371ee11dacc7d1025#773,0,727
20030228_easy_ham/00775.0e012f373467846510d9db297e99a008#774,0,728
20030228_easy_ham/00776.20cdc88a69e453f1ef0dd3b5f55cc717#775,0,729
20030228_easy_ham/00777.5abc0824f35b966cf589b15c4f10f2d2#776,0,730
20030228_easy_ham/00778.d83af9d544ca2957ea6f326728ad004c#777,0,731
20030228_easy_ham/00779.d5e815dc2dda6819f41227fce324b31d#778,0,732
20030228_easy_ham/00780.3c407d4d7361184c739b0346741036dd#779,0,733
20030228_easy_ham/00781.f2f409be2c85d1303022b58db1551d85#780,0,734
20030228_easy_ham/00782.6600ba2aef2816e4852a4c8e43130591#781,0,735
20030228_easy_ham/00783.14a724489223eda0063e308c6914ee38#782,0,736
20030228_easy_ham/00784.372fcb5f8a0507aa4a8fa0de1e76fe79#783,0,737
20030228_easy_ham/00785.95b5f5d3a4210fd76015c4659c5b3ca0#784,0,738
20030228_easy_ham/00786.ca79d7745b67c62712e5a5553c3b83e1#785,0,739
20030228_easy_ham/00787.2ffb20c151e974ecf6dceb42547761d8#786,0,740
20030228_easy_ham/00788.cae8367898a24746723decabdd20ac38#787,0,740
20030228_easy_ham/00789.87278efee0d73a7e902af35c49084230#788,0,741
20030228_easy_ham/00790.226ce4b62d85d7ca13f3f837b731b082#789,0,742
20030228_easy_ham/00791.0150510afcb54992415d2eff33d5a8cb#790,0,743
20030228_easy_ham/00792.f321af7901fa6c9e85362d921eadf2ae#791,0,744
20030228_easy_ham/00793.6da29475fba399c38bb0a93efabcae5c#792,0,745
20030228_easy_ham/00794.ce4c417f911968e4be6ee1203db0bd94#793,0,746
20030228_easy_ham/00795.ea9b54832cc27bb552e483a6aefbde47#794,0,747
20030228_easy_ham/00796.1c06b1656c17f8aa92a42a82ef0ad2e9#795,0,748
20030228_easy_ham/00797.f9905519971d08a70a6d9815016f8295#796,0,749
20030228_easy_ham/00798.789e730c08cdcd58675c1f273fe507ab#797,0,750
20030228_easy_ham/00799.160a04b5935b5a9610b4dc15951b5d30#798,0,750
20030228_easy_ham/00800.0a94761ce8069732112ac9fe52b14e9d#799,0,751
20030228_easy_ham/00801.0a1ec38cd598d6c2e02323487c74e53c#800,0,752
20030228_easy_ham/00802.c2f1957d9e67ae45f06a7c0845b02f3f#801,0,753
20030228_easy_ham/00803.a9faabf181ecae3ece9f7003a005aeea#802,0,754
20030228_easy_ham/00804.a27b268d92e03d488d534b6e69d98f43#803,0,755
20030228_easy_ham/00805.15e21951a8e03def748ffb6b0de7220a#804,0,756
20030228_easy_ham/00806.eed01b7d2bc05e5490e75f366a534353#805,0,757
20030228_easy_ham/00807.ee4df461634d0e9d9c7ef72046c3fa2c#806,0,758
20030228_easy_ham/00808.1398044c30f7120129aed031ce56ba58#807,0,759
20030228_easy_ham/00809.93dfdb8801515083fde97a7fe6c921e4#808,0,760
20030228_easy_ham/00810.a290b36b1210ae7d5ad8d224aef851bf#809,0,761
20030228_easy_ham/00811.caf6de89b99d2266288dfeff16359be3#810,0,762
20030228_easy_ham/00812.5c9165b987d6010d672516ea28ffe213#811,0,763
20030228_easy_ham/00813.3bb7842dbc6ea433e2fa5fb94f3d2571#812,0,764
20030228_easy_ham/00814.6095f126eed33df37a63e3a37b2728fb#813,0,765
20030228_easy_ham/00815.141d4c82a4df4a06f0c0967a608109e6#814,0,766
20030228_easy_ham/00816.5fa114769164d0ff93317bc714a3f68f#815,0,767
20030228_easy_ham/00817.6dd747cab2629ac615233a528525bb8f#816,0,768
20030228_easy_ham/00818.02224a14a25dd7014fd4f48518f48e5b#817,0,769
20030228_easy_ham/00819.cbb61ae5d168944f5a02eccfd7217173#818,0,770
20030228_easy_ham/00820.13f6cb2d10777d8b8ff18399657607e8#819,0,771
20030228_easy_ham/00821.610507766f9b9a60431a96042fc135a5#820,0,772
20030228_easy_ham/00822.9d70f64546100d8f04b7394760cf512b#821,0,773
20030228_easy_ham/00823.187ae0372c96a338a86a19fc3215010d#822,0,774
20030228_easy_ham/00824.77239fe11a4e1336ea49ba0bfc2de54b#823,0,775
20030228_easy_ham/00825.49de040a4a48997da11b0e751d40c211#824,0,776
20030228_easy_ham/00826.6ab31aba455701b24c69fd1f6dd59184#825,0,777
20030228_easy_ham/00827.b863d1780c6c6ed248a3e9136bd52b72#826,0,778
20030228_easy_ham/00828.709e1ec58a2bf04455cdf5c0c83f444c#827,0,779
20030228_easy_ham/00829.7c74d7c59a6a5f0d0e54562ef671d14b#828,0,780
20030228_easy_ham/00830.3a2cadbd29e654a7cbbf64ba4bdc378d#829,0,781
20030228_easy_ham/00831.dfa70bbdaef79d5863917ba90097ba7a#830,0,782
20030228_easy_ham/00832.e30b18b8b964c0252bfcfbfe2b99efd6#831,0,783
20030228_easy_ham/00833.cc61a5d9b6ac040ef4ce65d1ee5ec069#832,0,784
20030228_easy_ham/00834.a73f96c83f5f638954df85ede58a3709#833,0,785
20030228_easy_ham/00835.9068443a73e2e4b91c9117ef9b022675#834,0,782
20030228_easy_ham/00836.0270377f02e23355cca97c0805001c03#835,0,786
20030228_easy_ham/00837.d989d85087fd0d2297bdfc4c4d9039fb#836,0,787
20030228_easy_ham/00838.5d38f350c098436eb6d9cccda1e054e2#837,0,788
20030228_easy_ham/00839.e4777b19e2429f9cece122c1d56998d8#838,0,789
20030228_easy_ham/00840.fd947072df20db5eebb0d015f20073a4#839,0,790
20030228_easy_ham/00841.d62d1f4d0dd8f02d0595dd52875776ef#840,0,791
20030228_easy_ham/00842.85c0352fd0fd5ed7b6008fbe62b42bb2#841,0,792
20030228_easy_ham/00843.0c778329d09499853d99746d0f6f2dc1#842,0,793
20030228_easy_ham/00844.4af56580a8f02ae25ec39faffafba8ce#843,0,794
20030228_easy_ham/00845.c74b7d7bdbbbab316dcb7498825bba9c#844,0,793
20030228_easy_ham/00846.cd171eed5306de66f8ebf444aa61e718#845,0,795
20030228_easy_ham/00847.f752ba326e2f6670fb6fecc5fd655d3a#846,0,796
20030228_easy_ham/00848.a99e7c1ff97407816f4c0b323421b5c9#847,0,797
20030228_easy_ham/00849.5ff774a5add00c6739307f6950b4ddf5#848,0,798
20030228_easy_ham/00850.9435ce0e094b16d0f2c9c458f2900706#849,0,799
20030228_easy_ham/00851.51d3571c945fd64a210d477de46e14b7#850,0,800
20030228_easy_ham/00852.8be48f515c9ecb089aa3fc5983eaf038#851,0,801
20030228_easy_ham/00853.8b209d0398d8c0f76b676097759e24e5#852,0,802
20030228_easy_ham/00854.357b5bdeea553ec020631b131b7e2278#853,0,803
20030228_easy_ham/00855.8e0647984e6592b6400021a5b87ee133#854,0,804
20030228_easy_ham/00856.b71f98991ee068f642498810ba0c5383#855,0,805
20030228_easy_ham/00857.cea46b6fc4077476d49923b4d56621e7#856,0,806
20030228_easy_ham/00858.54a727ce6b2e452f05e2719d99393999#857,0,807
20030228_easy_ham/00859.54a8c500034dd8056834ee17cec9c4cc#858,0,808
20030228_easy_ham/00860.a2a3bca553c3ec8e6ce24f45b3f2a9a4#859,0,808
20030228_easy_ham/00861.6e526bc95d6eb4736211696fec13d9f0#860,0,809
20030228_easy_ham/00862.b3e793b7c8e41cd45a0eccaa7abaf722#861,0,810
20030228_easy_ham/00863.f20cfe969a2e3162ce6ce19fd80188bd#862,0,811
20030228_easy_ham/00864.95da38aac2ee9c6c8d36d0f2f1e8c8e5#863,0,812
20030228_easy_ham/00865.ffa802dadbaca77b74f05cc1c23c30bd#864,0,813
20030228_easy_ham/00866.670508b848fa453d194f443f4737b351#865,0,814
20030228_easy_ham/00867.9e8b300d814c941ba6bbedba138239f0#866,0,815
20030228_easy_ham/00868.f6059340a945c22b175f306ee79e674e#867,0,816
20030228_easy_ham/00869.96acf5a2b0543fd7c1767e5562891eae#868,0,817
20030228_easy_ham/00870.cf6be25af593cc88d0c7f58e7deccea4#869,0,818
20030228_easy_ham/00871.f3bb3f8e157f00992af581a509234858#870,0,819
20030228_easy_ham/00872.b037dfd3ef82cc1690c6692ed42c4dd5#871,0,820
20030228_easy_ham/00873.9fa4518a4adfab3e6b194ee33a89b2e0#872,0,821
20030228_easy_ham/00874.d9f0374ce55cb5e03ca46a5459894e34#873,0,822
20030228_easy_ham/00875.b8e33b6137c804fbf4e77135aeae2283#874,0,823
20030228_easy_ham/00876.f075a944de6d2290fd7a1965ac72d94f#875,0,824
20030228_easy_ham/00877.fb94c382f9f10548db78b9d0339621e7#876,0,825
20030228_easy_ham/00878.23aea042030421f155edaf41a36b3701#877,0,826
20030228_easy_ham/00879.798415ecafdee535a11c68481f5d66b2#878,0,827
20030228_easy_ham/00880.146f15b727deb84e2459cecd3fd67088#879,0,828
20030228_easy_ham/00881.c1a373126fc964123ffbc018433b21d5#880,0,829
20030228_easy_ham/00882.7d2cb3dcfbe9ae110726e656347c0628#881,0,830
20030228_easy_ham/00883.c44a035e7589e83076b7f1fed8fa97d5#882,0,831
20030228_easy_ham/00884.48ae15dc5f48f6caafa8c235d148782a#883,0,832
20030228_easy_ham/00885.5923b3938b5b422e7d514cc4bf403316#884,0,833
20030228_easy_ham/00886.6d792e0aa2cd6975ef5e050f7b0173b5#885,0,834
20030228_easy_ham/00887.07d5efdf4a700dc6d1a7926e0008e57f#886,0,835
20030228_easy_ham/00888.b1cc484869abb3e20ae3843f597dc307#887,0,834
20030228_easy_ham/00889.8f1ca88d8dc661c9ffcd25a2104efe7a#888,0,836
20030228_easy_ham/00890.85334af70442efdbf0b83768fb1d2eb3#889,0,837
20030228_easy_ham/00891.e165e538480dcd42dc62b43b7622ecb3#890,0,838
20030228_easy_ham/00892.9dc7dadb7e1258d9d1256673f2ae741c#891,0,839
20030228_easy_ham/00893.6edf02e68e0e172b2142e5a75d467057#892,0,840
20030228_easy_ham/00894.5b21597d342d44631ebc33acf460883c#893,0,841
20030228_easy_ham/00895.0c7898bdc5199ca3efd6af04c80430d0#894,0,842
20030228_easy_ham/00896.73f4eb6d676530f00ca391dd522034ac#895,0,843
20030228_easy_ham/00897.116b99f81aa0d54498bca28abf4c29ab#896,0,844
20030228_easy_ham/00898.611a5a9738e5905aaff6344c1cdaf32a#897,0,845
20030228_easy_ham/00899.d7f9c80cf9bbd1355322a75886903b65#898,0,846
20030228_easy_ham/00900.04d3fc4b18f2def855155994cd956529#899,0,847
20030228_easy_ham/00901.dd49a05f9b0b28396c8a91b5b2fb0e2a#900,0,848
20030228_easy_ham/00902.1e45b913616e9e1f42bab6b6f31ea830#901,0,849
20030228_easy_ham/00903.49d4e076baf5a4d6272fa9a4e510dc5b#902,0,850
20030228_easy_ham/00904.42d2e7951496bc3b1ee4b67185ce2746#903,0,851
20030228_easy_ham/00905.05268a196c3e0e6464a45e41958a4554#904,0,852
20030228_easy_ham/00906.bdc0d543b54cc81cf378c33bdfa39d4d#905,0,853
20030228_easy_ham/00907.647447c8ce096234074b65ea25655a10#906,0,854
20030228_easy_ham/00908.0be94e6d9ef62596e0dd488fc4d98b8f#907,0,855
20030228_easy_ham/00909.777e83e14a0637cb3ffae7b5c8b0e77f#908,0,856
20030228_easy_ham/00910.ba4833ce4dbc0ae64d1c148cf41aedcf#909,0,857
20030228_easy_ham/00911.dcbdde154d9f25c1afe32f4b8f5f1f9b#910,0,858
20030228_easy_ham/00912.f7faf669f2794a54dd91d62e7ac3b904#911,0,859
20030228_easy_ham/00913.bc83c1f37836dee281cc5282e61acdee#912,0,860
20030228_easy_ham/00914.a24840d53c5f49a00e66fa4425e4626d#913,0,861
20030228_easy_ham/00915.22a9c52df39c264be488f62bba9d621c#914,0,862
20030228_easy_ham/00916.1ea7a40e892220d43795fee49ab4849e#915,0,863
20030228_easy_ham/00917.b633b615b29b9483b6e3ec54dd6914b9#916,0,864
20030228_easy_ham/00918.4fb416f486e8b21ffe522b4074598b69#917,0,865
20030228_easy_ham/00919.3ca1925f3bab9136611b8222f8cb047b#918,0,866
20030228_easy_ham/00920.d7c069763cedddefa021e23cae0dd259#919,0,356
20030228_easy_ham/00921.0407865778a278e577c287a9a04763a7#920,0,867
20030228_easy_ham/00922.699506b21f6625eaaa1482c7fa034e1d#921,0,868
20030228_easy_ham/00923.1a2af021ec7490b689a04ecd0226f9d5#922,0,869
20030228_easy_ham/00924.4dbdc2c81ad764bfe29627498857b6f3#923,0,870
20030228_easy_ham/00925.f32ef12bc4c8a7f4831cdfecd3b743e5#924,0,871
20030228_easy_ham/00926.11b20c87f289b3743af174cd5a1d2c4f#925,0,872
20030228_easy_ham/00927.acbc1da1de97d9257d57b4f46ed7a3f4#926,0,873
20030228_easy_ham/00928.83cc6f8987cb3dd6090a8928f04bd608#927,0,874
20030228_easy_ham/00929.8de0f155d0404d74ae006c0edff6b957#928,0,875
20030228_easy_ham/00930.dd136d3d36e14ab324b79c3cf8c9e6e2#929,0,876
20030228_easy_ham/00931.c27bf5c9bcb24c213aafe1b28fcbcc7a#930,0,877
20030228_easy_ham/00932.659c11cb26c11baa33395f6f6c363ef6#931,0,878
20030228_easy_ham/00933.20b1ef5013048f152931fb6c4e92e9ce#932,0,879
20030228_easy_ham/00934.f9ba910a655535304bf26a3e281cb324#933,0,877
20030228_easy_ham/00935.8ecbeab3ef30caba2c29e25744a2265a#934,0,880
20030228_easy_ham/00936.e8fd8c240b680e948f85f2326cc87250#935,0,877
20030228_easy_ham/00937.1442bfa30552275d60548860104339c3#936,0,881
20030228_easy_ham/00938.e1a61251ecebf0f323c7815e68bdaa27#937,0,882
20030228_easy_ham/00939.e48ae1c641ef0958595719db1befb0d9#938,0,883
20030228_easy_ham/00940.2d6167e70e2aaa01e531409f1dbdd551#939,0,884
20030228_easy_ham/00941.6805692546cf6517f808151dcc9dd6f4#940,0,885
20030228_easy_ham/00942.727cb1619115cdee240fa418da19dd1f#941,0,255
20030228_easy_ham/00943.c87bed16cca1b008f6e796a9e652ddbf#942,0,886
20030228_easy_ham/00944.4c4f3aa0e543af3cab4859ad1b1b16be#943,0,887
20030228_easy_ham/00945.e6eb589db145071f678c95f19b162b9b#944,0,888
20030228_easy_ham/00946.36ac3a6b0fc1b34bb8c125fe75cff193#945,0,889
20030228_easy_ham/00947.488310e3c7ba27ec9d99d390007b8c53#946,0,890
20030228_easy_ham/00948.12717d1c7815c5e226f5b4324220dcd8#947,0,891
20030228_easy_ham/00949.5a860f580179b99a227c4064ac28724c#948,0,892
20030228_easy_ham/00950.552f3425d82204ce19d468127085b7d9#949,0,893
20030228_easy_ham/00951.23649926ba46e21259b518be64d300af#950,0,894
20030228_easy_ham/00952.61bd88dce9acd2fd68dfd2c2e2d9b675#951,0,895
20030228_easy_ham/00953.39959392b9ccbbcbcacdb4211f2986f0#952,0,896
20030228_easy_ham/00954.64e0c6e4f6fad8027420d8082164331d#953,0,897
20030228_easy_ham/00955.34c902aff03e7a4911b6d5e378f69635#954,0,898
20030228_easy_ham/00956.f566e64727b8f438aa73ee8d26e8f31d#955,0,898
20030228_easy_ham/00957.7a0420bc5e7ed1ce8333c98dc766e702#956,0,899
20030228_easy_ham/00958.82f86525742d7ae45f4e6a9df49fb674#957,0,900
20030228_easy_ham/00959.68fb2328c01cd34b7e0f1763c85f9c66#958,0,901
20030228_easy_ham/00960.c4805da3c25d516184adc9343144c909#959,0,902
20030228_easy_ham/00961.509b19e210cc3cda4ae6615a47663d68#960,0,903
20030228_easy_ham/00962.52e0a3b43febe264a7010803f7909f88#961,0,904
20030228_easy_ham/00963.0cc9003be43ed6a642376156e98f5fb1#962,0,905
20030228_easy_ham/00964.4c5e48c8c2668559fbc379616893f3a7#963,0,906
20030228_easy_ham/00965.5732172f491041028b563a9c919d9b4f#964,0,907
20030228_easy_ham/00966.2a4fb2559839748a35516c870f765211#965,0,908
20030228_easy_ham/00967.e95bd7ad9ef796e4b8f762d898bfc690#966,0,909
20030228_easy_ham/00968.747f6cb40f4a18a2e7185454549d06c2#967,0,910
20030228_easy_ham/00969.2d5fb4b3c8c376b12157cc8e0a2e7111#968,0,911
20030228_easy_ham/00970.b567daf8f05ff88b2cc4418bdc993913#969,0,912
20030228_easy_ham/00971.5b0ba338d08a9077b1256678781e4a93#970,0,913
20030228_easy_ham/00972.b94b5871ba0d2d042da63d0fcaa2fa32#971,0,912
20030228_easy_ham/00973.42545038686536033b1032380502ae09#972,0,914
20030228_easy_ham/00974.e075ae7ee23cfacb24d0d1b59ae5af83#973,0,915
20030228_easy_ham/00975.23aa3095e145bf342502ee60bc602c28#974,0,916
20030228_easy_ham/00976.13ecce82e8d787ee17ae688d4c70737d#975,0,917
20030228_easy_ham/00977.8046655ae38293b58a69a94389f20020#976,0,918
20030228_easy_ham/00978.a136387f15961a4f0a2c0ca583206199#977,0,919
20030228_easy_ham/00979.9eef0c20fa5a680d5d4d5b752bbf9453#978,0,920
20030228_easy_ham/00980.c44ba5c1509adaeba8e9e496c91aef25#979,0,921
20030228_easy_ham/00981.3eb28c739b5443730f65626c58e3995e#980,0,922
20030228_easy_ham/00982.4e1d46e8b99725e70515f1df7410aa44#981,0,923
20030228_easy_ham/00983.42eb62cc4057d03dfd3eb1c8afc270e2#982,0,924
20030228_easy_ham/00984.6f4ec805e2e78d5310e0a4ae931e67b3#983,0,925
20030228_easy_ham/00985.e20b9f4f171d907fb8d8439584fe03b1#984,0,926
20030228_easy_ham/00986.93b7eb74f26330872be1d58ec9d2b64c#985,0,927
20030228_easy_ham/00987.88641ac821f19f26060f12197bc585a4#986,0,927
20030228_easy_ham/00988.2154210bb53f94daded7a622e26225a1#987,0,928
20030228_easy_ham/00989.59155225507b38fbee48407ebb6cc68d#988,0,929
20030228_easy_ham/00990.ee34876c3873d8e6197432ad9c558429#989,0,930
20030228_easy_ham/00991.ec5d16cf8c633a2f15b8f98a39c58a60#990,0,931
20030228_easy_ham/00992.4a6d6d9013a804213fff718806aaae49#991,0,932
20030228_easy_ham/00993.041d0d8e108657fd1ba5c605a10e2bfa#992,0,933
20030228_easy_ham/00994.63ad3cd73487972bfc2eb3e78e2e7cf9#993,0,934
20030228_easy_ham/00995.11200ae0fc914c7056dcbf7dcfb4c107#994,0,935
20030228_easy_ham/00996.01a4386651fb07928d2314d8690e61cf#995,0,936
20030228_easy_ham/00997.3e7c9ac060fb43183adc891520f41ce0#996,0,937
20030228_easy_ham/00998.84daa7907ccbbee4f20c4da1288cb196#997,0,938
20030228_easy_ham/00999.c78296e77769d280844fe48f2f3babde#998,0,939
20030228_easy_ham/01000.bd0b18ad8256a7cb29f5508a20cd19ba#999,0,940
20030228_easy_ham/01001.ea532debe8b8f0f94d2fdbbaa743204b#1000,0,941
20030228_easy_ham/01002.c71b3eb67b112d8bf7d101cb3cacd6f0#1001,0,942
20030228_easy_ham/01003.56ffd3c6ad3dcb0598cb3b79a1e2dc11#1002,0,943
20030228_easy_ham/01004.beda866d3cdf304a31d178d03960a3f3#1003,0,944
20030228_easy_ham/01005.5ad1b924b3315046822ae89493e5572f#1004,0,945
20030228_easy_ham/01006.4a648f164dd2f6076f59272ea14c3c03#1005,0,946
20030228_easy_ham/01007.69e228a20df371852b13376f64d01002#1006,0,947
20030228_easy_ham/01008.507687dd01e1572bcd2392e1ba70345e#1007,0,948
20030228_easy_ham/01009.a48979e302c75b3b7427e2a494f71469#1008,0,949
20030228_easy_ham/01010.d1dee04c1b00b3b3fd642a475b6ef52e#1009,0,950
20030228_easy_ham/01011.026a9a3bdab758181c61e6d828a4e212#1010,0,951
20030228_easy_ham/01012.27f1267454edd513b56e375205d1cbdd#1011,0,952
20030228_easy_ham/01013.5e43d991c292968615961b1ccfc378b3#1012,0,953
20030228_easy_ham/01014.4268008fc066b05b4a6de75c8221bdde#1013,0,954
20030228_easy_ham/01015.8a6eaecc5bc6782f0f60bc0cafd412d9#1014,0,955
20030228_easy_ham/01016.553813d21aa39e50dee2eb5af2d67cc6#1015,0,956
20030228_easy_ham/01017.6b308cae901605ef24e3cb038d89c3f7#1016,0,957
20030228_easy_ham/01018.010877fb4fd12c66ec90c2d0dc36af4d#1017,0,958
20030228_easy_ham/01019.58335c892624e5dcf06dd7ba8706bfae#1018,0,959
20030228_easy_ham/01020.5476f3169409fc3128ed353f765869a6#1019,0,960
20030228_easy_ham/01021.3fc1c0955f38f5873882a577f00a5f2c#1020,0,961
20030228_easy_ham/01022.c0028d36bedd0f6be69cf55265ebce3f#1021,0,962
20030228_easy_ham/01023.fc38576d2e2054cc52566252f8c75465#1022,0,963
20030228_easy_ham/01024.97d0b660e8cc7c56294ba3a801d46d28#1023,0,964
20030228_easy_ham/01025.11e89c01b958ab83027b5ea3d508998a#1024,0,965
20030228_easy_ham/01026.96f87ecca532224622e3910ba33d8a13#1025,0,966
20030228_easy_ham/01027.427bd788f0799aabe46eb0d976bb3dc8#1026,0,967
20030228_easy_ham/01028.9bc3697b9d9eb23fc4427b482b012f40#1027,0,968
20030228_easy_ham/01029.2daa3bd281a583d4044a97d591e5155d#1028,0,969
20030228_easy_ham/01030.c51edb65048a8f86717b049b00ed7356#1029,0,970
20030228_easy_ham/01031.58993bacb186b32660aae3fc69890840#1030,0,952
20030228_easy_ham/01032.45c15f19b17814767f5e4e50e722e79d#1031,0,971
20030228_easy_ham/01033.d64406df785dc24169d6026c61287e08#1032,0,972
20030228_easy_ham/01034.6a298abdc5efe614a638c2b55582cdc6#1033,0,973
20030228_easy_ham/01035.1210cd8593aa0ed6eb21b86b9c97cc46#1034,0,974
20030228_easy_ham/01036.e008967440cf8ad7931ff05a1a845084#1035,0,975
20030228_easy_ham/01037.6b42b5f3d3d9e6293bf24af66b250655#1036,0,976
20030228_easy_ham/01038.2c9d48308237d4d7ad50bb6864602ab4#1037,0,977
20030228_easy_ham/01039.2b799ff9acbf233a7842eab00fcb848f#1038,0,978
20030228_easy_ham/01040.07f0f1f73a3c4408b488be99114a32c0#1039,0,979
20030228_easy_ham/01041.12f5732227f6d383a0e32355efbf0f59#1040,0,980
20030228_easy_ham/01042.5379f7151fef6cce3e2638aee3b193fa#1041,0,981
20030228_easy_ham/01043.e8e4f25ec1bd22dc927732b46860df36#1042,0,980
20030228_easy_ham/01044.33acf4acbd1ac5f96486771baeda20c7#1043,0,982
20030228_easy_ham/01045.5f6b92624699ddf883fc56e9b158c031#1044,0,983
20030228_easy_ham/01046.f0371dba9ae76787d5541e73a09099f9#1045,0,984
20030228_easy_ham/01047.16b625191a9dc2f7b4247daca75866a4#1046,0,985
20030228_easy_ham/01048.fb90c7a3003b8ea5117264b27842bf34#1047,0,986
20030228_easy_ham/01049.91539978b8a1bbef1b7eef0bb123b07c#1048,0,987
20030228_easy_ham/01050.bb48dfade0a8f372957e8cb2be0476e9#1049,0,988
20030228_easy_ham/01051.a739ef0dcd31c40cfeddcdcc017edd15#1050,0,989
20030228_easy_ham/01052.15a1e32baa8fb172ca169cf8481897ff#1051,0,990
20030228_easy_ham/01053.9f4c2fea143d25bf2680c444e547df55#1052,0,991
20030228_easy_ham/01054.7ed05844c2c47feea3059d7173a9f275#1053,0,992
20030228_easy_ham/01055.e1fbd6fb316f80e72bd883198f6098c9#1054,0,993
20030228_easy_ham/01056.3b111e8f39863835cc7133841b4649b5#1055,0,994
20030228_easy_ham/01057.e1933319a8e0ed075aab6d302b132dbd#1056,0,995
20030228_easy_ham/01058.89acc8a125f46d7fc204c132e3b37845#1057,0,996
20030228_easy_ham/01059.f40b9601c05badff9a3f39ac01660d12#1058,0,997
20030228_easy_ham/01060.9c32422288bf0e565cd43473fa6ac5c5#1059,0,998
20030228_easy_ham/01061.6610124afa2a5844d41951439d1c1068#1060,0,999
20030228_easy_ham/01062.ef7955b391f9b161f3f2106c8cda5edb#1061,0,1000
20030228_easy_ham/01063.ad3449bd2890a29828ac3978ca8c02ab#1062,0,1001
20030228_easy_ham/01064.9f4fc60b4e27bba3561e322c82d5f7ff#1063,0,1002
20030228_easy_ham/01065.b1ad1862ff2ceeb1bfc9cbdf3f87ebee#1064,0,1003
20030228_easy_ham/01066.f1bb150ef4ede1f6e29ea63ad2ef5684#1065,0,1004
20030228_easy_ham/01067.960ee297ebec4e02bf924cdbccb893d4#1066,0,1005
20030228_easy_ham/01068.09401b10e30f84e5cb9c8c5579296f04#1067,0,1006
20030228_easy_ham/01069.a94a9df489c4da9bf8cf3cbca70b3e53#1068,0,1007
20030228_easy_ham/01070.6e34c1053a1840779780a315fb083057#1069,0,1008
20030228_easy_ham/01071.5d83f457fafaabe795b84a483a42a9e1#1070,0,1009
20030228_easy_ham/01072.81ed44b31e111f9c1e47e53f4dfbefe3#1071,0,1009
20030228_easy_ham/01073.b7af066dcf93f399434af1a0872a33f0#1072,0,1010
20030228_easy_ham/01074.8590d61ac0aeeadb58dc2f2ba776c406#1073,0,1011
20030228_easy_ham/01075.510d4d750a3f004389358a0c715175a5#1074,0,1012
20030228_easy_ham/01076.3a56372738701391cf04b8a1fd379d3b#1075,0,1013
20030228_easy_ham/01077.01e634786d242f323e683dd39e468c47#1076,0,1014
20030228_easy_ham/01078.e83af8e93466283be2ba03e34854682e#1077,0,1014
20030228_easy_ham/01079.da9e5ee6e70ae459ef6cc777d7b1621f#1078,0,1015
20030228_easy_ham/01080.b8d12c010e45434e95f67889e26ba456#1079,0,1016
20030228_easy_ham/01081.844461cf79fe409cdfed1c9456c064f0#1080,0,1017
20030228_easy_ham/01082.39917c590e0204c5de0142acd3fb3d08#1081,0,1018
20030228_easy_ham/01083.68ca1eec938ec95c00e6fcd3ed282dd3#1082,0,1019
20030228_easy_ham/01084.f085d737f5244ffe14e8743e9226fd30#1083,0,1020
20030228_easy_ham/01085.15903c3e109d4d35eae6bf5ef80acf77#1084,0,1021
20030228_easy_ham/01086.b08af755794dea40b0f9fac774923811#1085,0,1022
20030228_easy_ham/01087.cbaefdc8d4dc306f627eac05955cb858#1086,0,1023
20030228_easy_ham/01088.a46067a122aa5ad5d062961e6ecb3951#1087,0,1024
20030228_easy_ham/01089.b823a36e49a975cbe29c26766aaa55f8#1088,0,1025
20030228_easy_ham/01090.a6575cc193fe3bb9f143aa0eb4fed7ac#1089,0,1026
20030228_easy_ham/01091.9ae9c7b90e88ce075538a8f2ffe71595#1090,0,1027
20030228_easy_ham/01092.de7b8468488cc45962d2f2d4882aeb66#1091,0,1028
20030228_easy_ham/01093.a14e2f376790556ad2580f10f761f2cb#1092,0,1029
20030228_easy_ham/01094.f14bc2edd6fc45fa7b09c0a4ad5b82e3#1093,0,1030
20030228_easy_ham/01095.d350c57509e9508b773fa5294a9afc83#1094,0,1031
20030228_easy_ham/01096.0ecf28b2697d77f7039d82f8838bcf8d#1095,0,1032
20030228_easy_ham/01097.08d3f921b8b1e6627c89504ea1c14069#1096,0,1033
20030228_easy_ham/01098.f1aee47bcb53f9e9810bc45602904ecb#1097,0,1034
20030228_easy_ham/01099.7273b08ddcb69f15239cb516b118be07#1098,0,1035
20030228_easy_ham/01100.3f3a79ad6a2cdd501aa86421fb5157a5#1099,0,1036
20030228_easy_ham/01101.304a220a50b40f8f729e33ef0ed22f49#1100,0,1037
20030228_easy_ham/01102.d178bf64121423fea27fcbf754d5f984#1101,0,1038
20030228_easy_ham/01103.08012d5ec27410861a9b6b32b3ce0164#1102,0,1039
20030228_easy_ham/01104.703f48a4a1fa8c0e7053fba23997ee81#1103,0,1040
20030228_easy_ham/01105.7dff67aad7fedce9979018a890846b45#1104,0,1041
20030228_easy_ham/01106.4a0535d0232e24b9b7107bcd16da1ae0#1105,0,1042
20030228_easy_ham/01107.18f0cd87bd40e5c64270187a75d668e8#1106,0,1043
20030228_easy_ham/01108.c6ab8ebf1a366d6420b94fbd4d06cb5c#1107,0,1044
20030228_easy_ham/01109.871741426740bcfa32cdde600ea0805d#1108,0,1045
20030228_easy_ham/01110.852a6d27fe8dabfba9b811d8016faa1a#1109,0,1046
20030228_easy_ham/01111.2f7361f87bcf1782c2f7622d92c6bf7d#1110,0,1047
20030228_easy_ham/01112.bedeb8c24b16a1351dc11e6d16233f9a#1111,0,1048
20030228_easy_ham/01113.444c4a1faf97d17bc580aea2905b773b#1112,0,1049
20030228_easy_ham/01114.ec145f9bdff18c1f07cdcc734fc554f6#1113,0,1050
20030228_easy_ham/01115.2ba9b3536c901006108da168f1ea2e7e#1114,0,1051
20030228_easy_ham/01116.a2298fb07d7033a5448f96a375884930#1115,0,1052
20030228_easy_ham/01117.df1f4e3f246e4104bc4dad63548e59db#1116,0,1053
20030228_easy_ham/01118.fde67e178520cc3f2557da150983ac00#1117,0,1054
20030228_easy_ham/01119.055376f4837787aaa7890bf855b45dca#1118,0,1055
20030228_easy_ham/01120.acaa2a2d6d3688986104cce5b2d3bc95#1119,0,1050
20030228_easy_ham/01121.cbf22a7c1f37266504f71d7b7b5c8baa#1120,0,1056
20030228_easy_ham/01122.69d3ebe6675d828f75af6ca1f905802c#1121,0,957
20030228_easy_ham/01123.c9c1c0a854f47b3249e596fc2bb361ed#1122,0,1057
20030228_easy_ham/01124.d97a9cf2c49c6e1e15e0c0aa024d20fc#1123,0,1058
20030228_easy_ham/01125.e1388e6a675c99fbf85b0ef5ac02d77d#1124,0,1059
20030228_easy_ham/01126.d930bf33cb3a9468623c15fb4cc24542#1125,0,1060
20030228_easy_ham/01127.979ce598c5cb0d3d68705e15040f5799#1126,0,1061
20030228_easy_ham/01128.48db2981ac933d672bcc5203a7063305#1127,0,1062
20030228_easy_ham/01129.f7613b6d091c77280226d622f866dd9c#1128,0,1061
20030228_easy_ham/01130.616ad0cc28de13b6deabe9dd13d0dfe0#1129,0,1063
20030228_easy_ham/01131.f0a4fc8a86ce5529ae7e96e86de6ad2f#1130,0,1064
20030228_easy_ham/01132.2755d7d8107be0b804bb1f3f5ce29e83#1131,0,1065
20030228_easy_ham/01133.d9329be5511d9ba5af54e36ce4cb3777#1132,0,1066
20030228_easy_ham/01134.ababef706c62d3b9efd341c1ee763c85#1133,0,1067
20030228_easy_ham/01135.d8ebf01721cded4695ffc8ae22b79caa#1134,0,1068
20030228_easy_ham/01136.994c27928a3ef2d69d08453c49c95f7a#1135,0,1069
20030228_easy_ham/01137.862bf0c202b134ec11c965d1a46a43a0#1136,0,1070
20030228_easy_ham/01138.01c3f9c51755c5c8e2dca29bed384009#1137,0,1071
20030228_easy_ham/01139.12d25b7cb030b26d64d0a16cd3462b21#1138,0,1072
20030228_easy_ham/01140.71d7100b58f00faaf258b49150c6f54a#1139,0,1073
20030228_easy_ham/01141.4dcaffc342880fbdbace580e702a1385#1140,0,1074
20030228_easy_ham/01142.c86c585292af26a7c1b09ed6345982a4#1141,0,1075
20030228_easy_ham/01143.77077715a838bb473dad6a466d2e2403#1142,0,1076
20030228_easy_ham/01144.b3cbc4db9d2eac4cd0bea04fd75fc859#1143,0,1077
20030228_easy_ham/01145.4280ea0a58b56c22eb21583a3b3db290#1144,0,1078
20030228_easy_ham/01146.fe05a7a131928bf0997793278e203448#1145,0,1079
20030228_easy_ham/01147.ee1b78a672dbd806bf3393ee9c3903c8#1146,0,1080
20030228_easy_ham/01148.a8dd7b8896c5c7966bbc52e4f4b0a164#1147,0,1081
20030228_easy_ham/01149.a3ac28c8860e0beffc8ace0ff49b4532#1148,0,1082
20030228_easy_ham/01150.8cf9e9429b48ec70e4912a0acacf6a99#1149,0,1083
20030228_easy_ham/01151.a454cc33dce527bedd70cf42cff5f079#1150,0,1084
20030228_easy_ham/01152.94d97f41bdf572892508e21b3906aa3b#1151,0,1085
20030228_easy_ham/01153.d533f7f18252b1a26a9f44a52bf0559a#1152,0,1086
20030228_easy_ham/01154.9e17bb23e3f1dc6f61f25ea4e7946505#1153,0,1087
20030228_easy_ham/01155.f0c05f9bee1162915522055b817f7a4f#1154,0,1088
20030228_easy_ham/01156.64602d74854cb26859c88c6f560fca27#1155,0,1089
20030228_easy_ham/01157.4717355611939c9adc6f999948fcc975#1156,0,1090
20030228_easy_ham/01158.43389f122c4f93b2570339801a2be1a0#1157,0,375
20030228_easy_ham/01159.722f7cc3779f8b3d075043e2174378e1#1158,0,1091
20030228_easy_ham/01160.98234b7fbbabe3d268a31b17141cf1a8#1159,0,1092
20030228_easy_ham/01161.25f5db0a9305744347c51f64ac62efaf#1160,0,1093
20030228_easy_ham/01162.526ce617b7abacafecf4fc1729c49516#1161,0,1094
20030228_easy_ham/01163.8acc09ecc06772e532281df46843427e#1162,0,1095
20030228_easy_ham/01164.2736b1ea833f290333e168efb0c356f4#1163,0,1096
20030228_easy_ham/01165.5c0ba98485fd4a2e53286b852d62c1b6#1164,0,1096
20030228_easy_ham/01166.8ab8acc80452beed11a4b841a05d4456#1165,0,1097
20030228_easy_ham/01167.6c1a9d12bb40059b2b3aba3d1c5c0f3c#1166,0,1098
20030228_easy_ham/01168.83677f30f1d1c95b863e4e464396e7d7#1167,0,1099
20030228_easy_ham/01169.ef0eb0827674dd4d69006ed7cb2f6c8c#1168,0,1100
20030228_easy_ham/01170.ff1eb252e91b1481ee0a2887eb862c16#1169,0,1100
20030228_easy_ham/01171.bc028721505534967b4371da24b1e042#1170,0,1101
20030228_easy_ham/01172.548e6eb1a164cc875189890a4b78e4f7#1171,0,1102
20030228_easy_ham/01173.30be73e4da024638bfbdf5afc05b438f#1172,0,1103
20030228_easy_ham/01174.6f3f36997e912f8c919ca2d5742b474b#1173,0,1104
20030228_easy_ham/01175.1cc3a3de60d72ceacc94ecd526d8bf7c#1174,0,1105
20030228_easy_ham/01176.ea3b78b12b9501f85cb38db408286ba1#1175,0,1106
20030228_easy_ham/01177.c02828dcc9e06deffbdfb48b97206cb5#1176,0,1107
20030228_easy_ham/01178.a90ac824be5cbfe0dbbe8824fa07cdd4#1177,0,1108
20030228_easy_ham/01179.bf1aa6047c74cad4860b8010439f199a#1178,0,1109
20030228_easy_ham/01180.13edd21d3fb5e2c397528cbc0a581b76#1179,0,1110
20030228_easy_ham/01181.a1a32438921904f88c7c78f1fea03a8f#1180,0,1111
20030228_easy_ham/01182.c9d5fc1ef170c05409bf3daa8f36568e#1181,0,1112
20030228_easy_ham/01183.36c29b5d6d19a328c9928a157019a49c#1182,0,1113
20030228_easy_ham/01184.d8c35f26c87d09b57575cd666070afd4#1183,0,1114
20030228_easy_ham/01185.14b996f1781bdf510f63de191373d517#1184,0,1115
20030228_easy_ham/01186.84abe104b1ba13a5fece47a170d5dbf1#1185,0,1116
20030228_easy_ham/01187.26511acbd0a46e181d130e70080962f8#1186,0,1054
20030228_easy_ham/01188.fc8b5d073a903f3de50d4b8e49457b9b#1187,0,1117
20030228_easy_ham/01189.cca889df55c39eb86b57501a014c3e59#1188,0,1118
20030228_easy_ham/01190.9f9b5b58c404059cc3cc6e20ee4bbe6f#1189,0,1119
20030228_easy_ham/01191.07778802f15f6579b274b85a867ebde6#1190,0,1120
20030228_easy_ham/01192.bf5336caa5be79062f70233fa759a1b8#1191,0,1121
20030228_easy_ham/01193.5b3aa2609dfb823e754b1407d451f97f#1192,0,1122
20030228_easy_ham/01194.222c2f540913589b180c35e7034fa5ee#1193,0,1123
20030228_easy_ham/01195.a22a2504bafda16790a70217d253e770#1194,0,1124
20030228_easy_ham/01196.bed50a1e10eb99f9ef1dbefa84c54731#1195,0,1125
20030228_easy_ham/01197.4296fdc3b52c7a52d5373d5bc2205e69#1196,0,1126
20030228_easy_ham/01198.7d3088654bb7b2cb0796da65b8c71247#1197,0,1127
20030228_easy_ham/01199.59f410d0b6c37510d6a29d0d02f62101#1198,0,1128
20030228_easy_ham/01200.fabbc41326c88fd504ae20791dcc3aaf#1199,0,1129
20030228_easy_ham/01201.2da17f4409568ea3fad63130544ede70#1200,0,1130
20030228_easy_ham/01202.9fe368b4f333335b31d0d5ede2db37ee#1201,0,1131
20030228_easy_ham/01203.a19fd2f1ffc3d70528bd30e76a7e35d5#1202,0,1132
20030228_easy_ham/01204.023682c9961ab23115eef87bb1e15e31#1203,0,1133
20030228_easy_ham/01205.e3401c959bace9b175eba8c24da908d2#1204,0,1134
20030228_easy_ham/01206.d6053e42110b3d3279a4e22613df13eb#1205,0,1135
20030228_easy_ham/01207.3619f002d359bc9c29090c58d7c1b838#1206,0,1136
20030228_easy_ham/01208.dd294e4904940446bb82b45b37981bce#1207,0,1137
20030228_easy_ham/01209.b9169047bffea1b9af14ca41f336eede#1208,0,1138
20030228_easy_ham/01210.3b4f94e91b69061def190573072e880c#1209,0,1139
20030228_easy_ham/01211.6f83def18349bc93808cbd6b0642b173#1210,0,1140
20030228_easy_ham/01212.5f88fb786e44da332e42c578fe657978#1211,0,1141
20030228_easy_ham/01213.25bf48d2ed386aa84360862062fc9c54#1212,0,1142
20030228_easy_ham/01214.7c4b7b61391c72f324a17a04b680c30c#1213,0,1143
20030228_easy_ham/01215.94a01e7d8bb1206fbb2f1cc7fb3dcdbd#1214,0,1144
20030228_easy_ham/01216.e30b39890b41cf8740b3315f79521f59#1215,0,1145
20030228_easy_ham/01217.ca4f6cab0653e40829f209aefb242ae0#1216,0,1146
20030228_easy_ham/01218.9ccb65e5b538133faf5c90bf7b3f8374#1217,0,1147
20030228_easy_ham/01219.45cd32c7d6ff5dcbc288797d8e8d7514#1218,0,1148
20030228_easy_ham/01220.f57815121767436c538407a25eacdd88#1219,0,1149
20030228_easy_ham/01221.84df71e86c3f6a71a7cd8bb4f6a97741#1220,0,1150
20030228_easy_ham/01222.924583306d4cc0c089a9b295915439e4#1221,0,1151
20030228_easy_ham/01223.bd57469f0b8c0ca986d7a3f40681b56e#1222,0,1152
20030228_easy_ham/01224.62979c059bdc69eae460be6a91f0bf1a#1223,0,1153
20030228_easy_ham/01225.394c24658bf3f9f8f741bcbc94ca017c#1224,0,1154
20030228_easy_ham/01226.a6b2d7b7cf1bc0586ed8cb7ee055d67f#1225,0,1155
20030228_easy_ham/01227.0c0989577c7476c986aa5328e4ef6118#1226,0,1156
20030228_easy_ham/01228.8d68492f313838ba1c667c04e0886f86#1227,0,1157
20030228_easy_ham/01229.ac0aaae3ef49b84eee5d0749fa140f0b#1228,0,1158
20030228_easy_ham/01230.8ff878325b7c108b20c4d9d609c511b6#1229,0,1159
20030228_easy_ham/01231.6586e5650d4dc69bff659d38a695721c#1230,0,1160
20030228_easy_ham/01232.2f44f5a2186e97cf4d65cf191d98e646#1231,0,1161
20030228_easy_ham/01233.e83467b2f6c65830f00860df89f3b0c5#1232,0,1162
20030228_easy_ham/01234.868bd8bcbcca009a5856a8ce6da3f593#1233,0,1163
20030228_easy_ham/01235.ba9c966dd1894a1206da779f572da412#1234,0,1164
20030228_easy_ham/01236.80295013ea9517181a3a42ad0d4a7f63#1235,0,1165
20030228_easy_ham/01237.2707518b441177e2f7e8497b63028981#1236,0,1166
20030228_easy_ham/01238.ccc75b68c2caed8cb251f188164ce8d8#1237,0,1167
20030228_easy_ham/01239.366f4cc20cf91bd48ec1645f27dc35b3#1238,0,1168
20030228_easy_ham/01240.606580f695bf5dcf324240db2776def8#1239,0,1169
20030228_easy_ham/01241.6256684c417b030200ac2792ec46aae4#1240,0,1170
20030228_easy_ham/01242.813fdb697bdf7abcc40b61a31364ea94#1241,0,1171
20030228_easy_ham/01243.4288f9b90d18390df79cd4d6f95feee5#1242,0,1172
20030228_easy_ham/01244.b9cb6115cc7d56d7cba71051834a4d06#1243,0,1173
20030228_easy_ham/01245.eb8e87560f382001583084d77b047e19#1244,0,1174
20030228_easy_ham/01246.1734a462e0890957b876bd2bdeca2818#1245,0,1175
20030228_easy_ham/01247.2a40443c1cba2e07a993b186db41971d#1246,0,1176
20030228_easy_ham/01248.cd8df6fde5910535d604ad30d0fd872c#1247,0,1177
20030228_easy_ham/01249.0898a8cbcc6fd1f663d3674685afa7ee#1248,0,1178
20030228_easy_ham/01250.d793a216ea4b705ea8ea27e396fb115d#1249,0,1179
20030228_easy_ham/01251.793e5c04967cb90191e805dfa619c55a#1250,0,1180
20030228_easy_ham/01252.60a457d292a0e9c1307a196324d298dc#1251,0,1181
20030228_easy_ham/01253.17f98c5b0388d2ae46e31cb6308c7ab6#1252,0,1182
20030228_easy_ham/01254.e1ba700d620871e67b4f7db4b8859ac3#1253,0,1183
20030228_easy_ham/01255.3b6925695108a60022e1557430f4973f#1254,0,1184
20030228_easy_ham/01256.406e1d468dbbc7347179c131ba33f76e#1255,0,1185
20030228_easy_ham/01257.cd426b4dcf52fd10d26e645b7ace3e14#1256,0,1186
20030228_easy_ham/01258.a655740f71f7f330ffd270d20444aac6#1257,0,1187
20030228_easy_ham/01259.503b1765330dada13ff5c85d8b5d9d29#1258,0,1188
20030228_easy_ham/01260.00507d8794730b35f686ed06471e12ce#1259,0,1189
20030228_easy_ham/01261.eafbf152124bcd764327d9fda1e8c86f#1260,0,1190
20030228_easy_ham/01262.0c914a94f4d603363d76958a84c954ec#1261,0,1191
20030228_easy_ham/01263.40cec40ea12c55f2ac9a98dc07c55d1c#1262,0,1192
20030228_easy_ham/01264.a6ae16864e0d116132a7d3850e33e9a6#1263,0,1193
20030228_easy_ham/01265.a6a6ab5606db30f275ee08d3a54b24a9#1264,0,1194
20030228_easy_ham/01266.94c891b6d36df9a9c187a71e7d90eb83#1265,0,1195
20030228_easy_ham/01267.88686fe91228476214e39e736ef35838#1266,0,1196
20030228_easy_ham/01268.0cd2c295a12fb03140c6549cb8980012#1267,0,1197
20030228_easy_ham/01269.e302364af9816c7d7be5926ebb7652ed#1268,0,1198
20030228_easy_ham/01270.49d052edd258d0f9eb08ca05e177f965#1269,0,1199
20030228_easy_ham/01271.519b987eddc0633ac3a5908c33a1fa2c#1270,0,1200
20030228_easy_ham/01272.8262ec8f7abfb5b42a2548ce966120dc#1271,0,1201
20030228_easy_ham/01273.0fbb8edd390685df241007451832f145#1272,0,1202
20030228_easy_ham/01274.bfe4843cd130926efe53dc96bd3dfeea#1273,0,1203
20030228_easy_ham/01275.5355809b43b1476a1a64a01049857097#1274,0,1204
20030228_easy_ham/01276.ae29d5365a747f3c249768ba47e73b52#1275,0,1202
20030228_easy_ham/01277.80c68862f31f15ac616d77358c449fed#1276,0,1205
20030228_easy_ham/01278.a6b5dc8309ecd924c2ee872d35899de7#1277,0,1206
20030228_easy_ham/01279.8cd7c5fcfd7a06b4e2b066a7c76846fe#1278,0,1207
20030228_easy_ham/01280.08e69f637d901fab10aec6c9492d068e#1279,0,1208
20030228_easy_ham/01281.f5f822f148c91fb7bc87e782f37bd5d4#1280,0,1209
20030228_easy_ham/01282.8a72fa3979269299eadf8f9742cc4ab6#1281,0,1210
20030228_easy_ham/01283.a6c7612823e8b946c41bb4c25a64b31e#1282,0,1211
20030228_easy_ham/01284.5134a1b148030ba27c152e387c3e8369#1283,0,1212
20030228_easy_ham/01285.64cc8542a7474c2d10de1d890a849307#1284,0,1213
20030228_easy_ham/01286.a545b12da2ac94e36c6a7033bf077072#1285,0,1214
20030228_easy_ham/01287.c8de1608b71977e5dd6b71da6a2019d7#1286,0,1215
20030228_easy_ham/01288.f426e00bfbba33dcca835e93097497bb#1287,0,1215
20030228_easy_ham/01289.1546c81997f7f3f154f6ef18d6e6bbf7#1288,0,1216
20030228_easy_ham/01290.41e79a15cd074594f220dfaed53d51aa#1289,0,1217
20030228_easy_ham/01291.dfc4b8ceb611c971fb6b821eecaa9cea#1290,0,1218
20030228_easy_ham/01292.554aabaf0a334854817cf994e6951ada#1291,0,1219
20030228_easy_ham/01293.d9df56671e03c3767875a6e5d4673a09#1292,0,1220
20030228_easy_ham/01294.8c242aa8998042dd666b7f9db56a6a3e#1293,0,1221
20030228_easy_ham/01295.c440ea598ea18fee4cf3d2a1a9cd6864#1294,0,1222
20030228_easy_ham/01296.d07e5ec1fd7ad9a466deb9cf621e7ed9#1295,0,1223
20030228_easy_ham/01297.911ece8836afba884cf1d352d6749578#1296,0,1224
20030228_easy_ham/01298.65b9c164b1fc671b0c050ff3f82e77d2#1297,0,1225
20030228_easy_ham/01299.3d97e3706e7d000ee12fb9e2a5947ed5#1298,0,274
20030228_easy_ham/01300.b4d2c4f321c89df3e5f3e7b4bb9326c1#1299,0,1226
20030228_easy_ham/01301.83b3e0f947cca0c2e3f5cbaffd2772eb#1300,0,1227
20030228_easy_ham/01302.06ac4ee24e3c434afa330b8c0408649b#1301,0,1228
20030228_easy_ham/01303.e0dac36f259ebc7b7b4ac81c6923d56e#1302,0,1229
20030228_easy_ham/01304.33e179931a138954fe23c556cb2068aa#1303,0,1230
20030228_easy_ham/01305.2c525c3b4e9d21a1af3534d1a059cfaf#1304,0,1231
20030228_easy_ham/01306.01273f7d32eaabde7b20f220e13eb927#1305,0,1232
20030228_easy_ham/01307.4b06bdd9604366d63b4106aa8c715c06#1306,0,1233
20030228_easy_ham/01308.18d641ec475649b1a8ea5ba7292b3e05#1307,0,1234
20030228_easy_ham/01309.2bec637bc28145370e47c323f994e6eb#1308,0,1235
20030228_easy_ham/01310.770eccd33b2cdef430359fe8a771e2de#1309,0,1236
20030228_easy_ham/01311.bcbaf39917e22619944a0e18eb7233f7#1310,0,1237
20030228_easy_ham/01312.f553517c829fc5778f61f879aa6330df#1311,0,1238
20030228_easy_ham/01313.f8778c3339382c5514c9e201847f75ee#1312,0,1239
20030228_easy_ham/01314.ba7b992d372c23964b8b4a1de885a095#1313,0,1240
20030228_easy_ham/01315.8e0a668ce9b6e62261baccba167f8a67#1314,0,1241
20030228_easy_ham/01316.41c15382cdd5ff4fe78ae3484ff1dc6d#1315,0,1242
20030228_easy_ham/01317.55468871d6f7618afed9a0b07ee2609e#1316,0,1243
20030228_easy_ham/01318.db11c5ecba49aba4fb12fbead712f815#1317,0,1244
20030228_easy_ham/01319.683e3c750cb5757c27ee18cf6a2ff905#1318,0,1245
20030228_easy_ham/01320.f1760dca874206f2189cd242da670499#1319,0,1246
20030228_easy_ham/01321.837b8a696b13b820d154fcb1a0ef6465#1320,0,1247
20030228_easy_ham/01322.3fde258b3dda105ed24385384566c2e8#1321,0,1248
20030228_easy_ham/01323.596c172d2be2aee1c7b688b043cce5be#1322,0,1249
20030228_easy_ham/01324.277cb41dbcbdb083741a66b0c0900cf6#1323,0,1250
20030228_easy_ham/01325.a0795ecac90cad480868674cfe180695#1324,0,1251
20030228_easy_ham/01326.d8a709dac6b1c32aa355f0556350b4ab#1325,0,1252
20030228_easy_ham/01327.1fa998a9866210caed63b142b5b44156#1326,0,1253
20030228_easy_ham/01328.d0911b225327299d50bc7c7f2284afdf#1327,0,1254
20030228_easy_ham/01329.19b80c37a933da3531c62ce091e7447c#1328,0,1255
20030228_easy_ham/01330.765b68f74cf98c8f9cca11999799c206#1329,0,1256
20030228_easy_ham/01331.4c2d95f57be99f72685e0baff1d32450#1330,0,1257
20030228_easy_ham/01332.04432fe71e50fbd52f3d8811c1704df6#1331,0,1258
20030228_easy_ham/01333.fa9c7de34b2a881a69cf649a6a89b15c#1332,0,1259
20030228_easy_ham/01334.03de0c9d7098f5546c8b95ba9bba0265#1333,0,1260
20030228_easy_ham/01335.7ea8fb1b5cbb5f10d5e59ce2dffbe2d6#1334,0,1261
20030228_easy_ham/01336.82adb611b4bea7ae97c57911d3152cee#1335,0,1262
20030228_easy_ham/01337.e515b1d01d6d98606d994b1c8901904c#1336,0,1263
20030228_easy_ham/01338.d83fecb2046120fc72d0bb23c150ec4f#1337,0,1264
20030228_easy_ham/01339.363b1a2eaf356c7b0972c1b81b1db5d5#1338,0,1265
20030228_easy_ham/01340.2ad5807dd42687fa1f00f40143e175e4#1339,0,1266
20030228_easy_ham/01341.34cf1021232db9d1c782888dcd1e5328#1340,0,1267
20030228_easy_ham/01342.ed7748538ffe5695ead0f2135d88d9da#1341,0,1268
20030228_easy_ham/01343.bc684655fe9c17545f0eea20d6ebdae4#1342,0,1269
20030228_easy_ham/01344.9076ec44d13f2da07adbe956c032f17b#1343,0,1270
20030228_easy_ham/01345.ffcc21afc6fa4e97f32f1980c05b33e8#1344,0,1271
20030228_easy_ham/01346.cbc6b23ec727627babef10bb4cb37158#1345,0,1272
20030228_easy_ham/01347.5dd5701d8031b7142d587456be226816#1346,0,1273
20030228_easy_ham/01348.4cfe9c750b06d2062813ea730233e077#1347,0,1274
20030228_easy_ham/01349.dfb652931b4c7be5c825220a319e9af5#1348,0,1275
20030228_easy_ham/01350.a0f7f7dbe59f334cd83793d518e603c5#1349,0,1276
20030228_easy_ham/01351.17df08b43e42781f7e92b91a3ee174b1#1350,0,1277
20030228_easy_ham/01352.400cef8d0d007f3d7ba8a0c7a8717fcb#1351,0,1278
20030228_easy_ham/01353.cf72da836d8b771bea4110c8f9b5599b#1352,0,1279
20030228_easy_ham/01354.8a0699778c705d4f2fbc6f611c11bd05#1353,0,1280
20030228_easy_ham/01355.9604b641ed970d50b35f2ec2af848e1f#1354,0,1281
20030228_easy_ham/01356.6edc052e900ddd438a25c6fbe4106334#1355,0,1282
20030228_easy_ham/01357.cf1f4075b85a439abfc8c0b81bca73ec#1356,0,1283
20030228_easy_ham/01358.856ab1787169df5216c2c426392cbfbd#1357,0,1284
20030228_easy_ham/01359.6da1f33746a38bed81d2e7badd0e33a5#1358,0,1285
20030228_easy_ham/01360.542f5bf8fe1935cc079504c0a0269923#1359,0,1286
20030228_easy_ham/01361.bc57ef0754c9fae5ab89cac38f656200#1360,0,1287
20030228_easy_ham/01362.0892cc75c110776a0de7d611d8bab241#1361,0,1288
20030228_easy_ham/01363.77a99b8d1fa345c7fa3af272f41591e1#1362,0,1289
20030228_easy_ham/01364.eaba5be49d5662dd5e3f89a7f430e614#1363,0,1290
20030228_easy_ham/01365.6c57c95938ec12a82d900ad529ad95fd#1364,0,1291
20030228_easy_ham/01366.f862e5456473e82837fc0a89c6abf5c2#1365,0,1277
20030228_easy_ham/01367.9a717ca796511aa95c97274c68525fe6#1366,0,1292
20030228_easy_ham/01368.777aeabc5c7bd8e90b3c1cd33438b394#1367,0,1293
20030228_easy_ham/01369.164f2b4346151fcef70cd4c71d335ca3#1368,0,1294
20030228_easy_ham/01370.2b2624810ea623cb3b83e4181c114964#1369,0,1295
20030228_easy_ham/01371.2e4162848b6034ea5ba93431c6d69d36#1370,0,1296
20030228_easy_ham/01372.67735089b50706e59ad0573492fc9af2#1371,0,1297
20030228_easy_ham/01373.fe9c60e3649ce258e8f5f6c40c9b2ce7#1372,0,1298
20030228_easy_ham/01374.5d5d21f3e389c6de699918082d008fac#1373,0,1299
20030228_easy_ham/01375.969eb724c2a164f9a010c82fdec8704a#1374,0,1300
20030228_easy_ham/01376.d80cb9df41061f317f7a1b8e5c6c4038#1375,0,1301
20030228_easy_ham/01377.16cba8696342f88afb336b700c049819#1376,0,1302
20030228_easy_ham/01378.b2879080e678334d2473d0e93e89c818#1377,0,1303
20030228_easy_ham/01379.fa3f6f5c9a842b4bed1a4578d1f56e37#1378,0,1304
20030228_easy_ham/01380.0a97683490023a8f59c230f5057d15bd#1379,0,1305
20030228_easy_ham/01381.e8771e2f2786ccd37b1ecdbecd63c881#1380,0,1306
20030228_easy_ham/01382.cd81392e9d575f84e9870b00f41e2fcf#1381,0,1307
20030228_easy_ham/01383.18c85b7ead9efe35b9a128c42e5170fc#1382,0,1308
20030228_easy_ham/01384.e7263302093734244d473fe1f7518497#1383,0,1309
20030228_easy_ham/01385.2bd848b0b7319c71ebe0fb9282a0a814#1384,0,1310
20030228_easy_ham/01386.4421abca51be5e71c1651102468420e2#1385,0,1311
20030228_easy_ham/01387.cd289cbef7f9cb842982e78e49575ca0#1386,0,1312
20030228_easy_ham/01388.69b4bb3955f65fc32e46fa6e45c65539#1387,0,1313
20030228_easy_ham/01389.59a935b5c0c95126a686378c5cac67dd#1388,0,1314
20030228_easy_ham/01390.b29cb5347273b971d876082ebf77242e#1389,0,1315
20030228_easy_ham/01391.1b54dd8d1b54c65ecb9fd0e9ecbe55be#1390,0,1316
20030228_easy_ham/01392.775dfd40216f19a11446aa0a3d8d1e73#1391,0,1317
20030228_easy_ham/01393.7c259c411369b7039505bc91769f09a6#1392,0,1318
20030228_easy_ham/01394.cdeefbed999cb93e1643908d2c30f217#1393,0,1319
20030228_easy_ham/01395.2b05351de956c6df76680ac3d2c8afc6#1394,0,1320
20030228_easy_ham/01396.54a6a27cbd8983e74c7646cb18330f61#1395,0,1321
20030228_easy_ham/01397.53c38cd7bcd8f13b0d6b784c9265cec1#1396,0,1322
20030228_easy_ham/01398.71acfbb0cfc859e20438e06955e66d27#1397,0,1323
20030228_easy_ham/01399.1bc3334a93af5c1919c0520a12965223#1398,0,1324
20030228_easy_ham/01400.a654793f35a555abaef51abf76d47d75#1399,0,1325
20030228_easy_ham/01401.70777d5f3e75c701de00d7df66e0dcd2#1400,0,1326
20030228_easy_ham/01402.602c05e4bdb1f3e4d293f3f9f5a7baad#1401,0,1327
20030228_easy_ham/01403.240c78274ebf62c726f214797242b409#1402,0,1328
20030228_easy_ham/01404.789355d67d32ceeedce39b891883eed5#1403,0,1329
20030228_easy_ham/01405.e574cc5a3baa8e1a715977d29474c6a2#1404,0,1330
20030228_easy_ham/01406.73967a202d2dbbc9651d0828f3fea38f#1405,0,1331
20030228_easy_ham/01407.5388b24c7941469cb0164922cf67d111#1406,0,1332
20030228_easy_ham/01408.3967d7ac324000b3216b1bdadf32ad69#1407,0,1333
20030228_easy_ham/01409.6874e3b9aad08eb5081dfcbaa3871ffe#1408,0,1334
20030228_easy_ham/01410.ea9902d4f7947bd3105d23f2b9874690#1409,0,1335
20030228_easy_ham/01411.f65bc59a6c6b8a80794b04e271148b39#1410,0,1336
20030228_easy_ham/01412.c6d74476958fabc3a2a7572079a6ce8c#1411,0,1337
20030228_easy_ham/01413.d1561ddcf3ead3a670b4516b3337216c#1412,0,1338
20030228_easy_ham/01414.162de78ddf6779f2130568460cbe2924#1413,0,1339
20030228_easy_ham/01415.f3a2a0972d0e7c8490bcd79664be7db5#1414,0,1340
20030228_easy_ham/01416.dd0b9717ec7e25f4adb5a5aefa204ba1#1415,0,1341
20030228_easy_ham/01417.ce7b07a2114218dbac682b599785820d#1416,0,1342
20030228_easy_ham/01418.de6a5fe900081a0492fb84f6bfae46a1#1417,0,1343
20030228_easy_ham/01419.97da4f8a986b55cbe1f81bb22836ac58#1418,0,1344
20030228_easy_ham/01420.4ee4b7db2ca10b3f5ec512d26bf8b3f9#1419,0,1345
20030228_easy_ham/01421.e01ad8fa7bcb36e969c838578051d684#1420,0,1346
20030228_easy_ham/01422.cbcae309928553721fdf49cdf98541db#1421,0,1347
20030228_easy_ham/01423.d12eaa7e292c15107171b0eb39ea40df#1422,0,1348
20030228_easy_ham/01424.14cf0162b6bf5274305b7b573a0c3a82#1423,0,1349
20030228_easy_ham/01425.c6c34c1234e8b04e01326868202110fd#1424,0,1350
20030228_easy_ham/01426.a44cbbf8a894adb293a56a20758ae065#1425,0,1351
20030228_easy_ham/01427.7c150370fd480849df4e8ab564d88fe9#1426,0,1352
20030228_easy_ham/01428.a040cc94f80fe9db775e898acfe3c3c9#1427,0,1353
20030228_easy_ham/01429.6d9cae984e2f92f32d70594f5cc37c87#1428,0,1354
20030228_easy_ham/01430.a13c07ca5673aad2384d380041305054#1429,0,1355
20030228_easy_ham/01431.007d88c08ff1d098101146a0b68f7665#1430,0,1356
20030228_easy_ham/01432.398dffdbd1e29fb5b5af86bc1f939f64#1431,0,1357
20030228_easy_ham/01433.4392b7c4884f0f218e74a0b86cc5b8c3#1432,0,1358
20030228_easy_ham/01434.91fb1f11e7d4feae12121239c4c19d9c#1433,0,1359
20030228_easy_ham/01435.e25d83af5e02f2d2e97880c2e2f17eb2#1434,0,1360
20030228_easy_ham/01436.dc449ba377210e77d84647619e49c872#1435,0,1361
20030228_easy_ham/01437.a16dc704b4bfe8b170724a4b68389a40#1436,0,1362
20030228_easy_ham/01438.3bdd05f78df18d1add2e9a5afd85a6e6#1437,0,1363
20030228_easy_ham/01439.6a7c45811ec7605d19d385f32cbee42d#1438,0,1364
20030228_easy_ham/01440.cfce91ecdbad4a984e4efb71c5c497df#1439,0,1365
20030228_easy_ham/01441.28d32ca53515c4d059474dcf544cfa20#1440,0,1366
20030228_easy_ham/01442.a81b9c1ad6e37314caa3068a26ca203e#1441,0,1367
20030228_easy_ham/01443.fbf45616f74c213bc92c655133eeee73#1442,0,1362
20030228_easy_ham/01444.e1ba7ba95203d116703a10056396a037#1443,0,1368
20030228_easy_ham/01445.943b6ecc93ff03231306c4e9efeadc01#1444,0,1369
20030228_easy_ham/01446.2bc1d074ad6e9bc83adf861ccbf0c498#1445,0,1370
20030228_easy_ham/01447.98e4b20ceb192594e992f7db9f8dfc53#1446,0,1371
20030228_easy_ham/01448.335343826f0aef0c176f3aebe3c1806a#1447,0,1372
20030228_easy_ham/01449.36c83d8ef96bc2bf4f6606ab8e62a4a5#1448,0,1373
20030228_easy_ham/01450.b1d4f6eb3023d388319422cec20d1b0d#1449,0,1374
20030228_easy_ham/01451.b5a50ca35f50e38d37a2eba47399f57d#1450,0,1375
20030228_easy_ham/01452.05464b6ef101be1f2f10809d1577d630#1451,0,1376
20030228_easy_ham/01453.457f368091551f4307961511ce0ead34#1452,0,1377
20030228_easy_ham/01454.9d6b2206cc67fc7bdce65109a7bf1b5f#1453,0,1378
20030228_easy_ham/01455.6f59785ae19e2d0c92f0f18764e5e8a6#1454,0,1379
20030228_easy_ham/01456.5f475d17a5f72ce4067c8727d2db160a#1455,0,1380
20030228_easy_ham/01457.7702aebfdeac35ac42bd6214f0292a18#1456,0,1381
20030228_easy_ham/01458.faf90fabe2c118e46dd6a60139a7317f#1457,0,1382
20030228_easy_ham/01459.47dae1d7997a3d599a8e8f92e53485f4#1458,0,1383
20030228_easy_ham/01460.09c189854f1d2107aa2ca1a9f3d3e167#1459,0,1384
20030228_easy_ham/01461.df42ad590ab7cb5ccde90f0cc1ef3dda#1460,0,1385
20030228_easy_ham/01462.0c2d54d028173cebcb091842144d268a#1461,0,1386
20030228_easy_ham/01463.28034eb6874b95b8cd4f681cedd0069f#1462,0,1387
20030228_easy_ham/01464.e3de6d443aab79ba36f75b7e737c7888#1463,0,1388
20030228_easy_ham/01465.b1fa1feb0603eff01231fa4a5a74cf37#1464,0,1389
20030228_easy_ham/01466.cf50ec729ec45590dfbb6eb9c4f33175#1465,0,1390
20030228_easy_ham/01467.3c3e579305d1975c1792ab734c99cdda#1466,0,1391
20030228_easy_ham/01468.a68ebe03295c662d692e89930e88d07e#1467,0,1392
20030228_easy_ham/01469.c15d5afb7a49819feadf6c4f3f40c224#1468,0,1393
20030228_easy_ham/01470.7c7fe4fbf02ec4ec0361bac300830e9d#1469,0,1394
20030228_easy_ham/01471.df4b4b9ea2810aa90193462b95cfc05b#1470,0,1395
20030228_easy_ham/01472.b946f70fda01dbc20c92e78c1afeea17#1471,0,1396
20030228_easy_ham/01473.1b15dc3174af070411cb9f2bd16add15#1472,0,1397
20030228_easy_ham/01474.87ab36335ec20ae5f4f60955a1c07c5f#1473,0,1398
20030228_easy_ham/01475.031c58f71a4943490cc3b5aeb13b795c#1474,0,1399
20030228_easy_ham/01476.63631b2e613c4c2cafa59a581e2f620b#1475,0,1400
20030228_easy_ham/01477.705f3f5f15f10c4ed2f2cf802e1a5bf1#1476,0,1401
20030228_easy_ham/01478.6539703e21dfb4f52faa4db689dbc6d5#1477,0,1402
20030228_easy_ham/01479.c8a6082ee6a9e21154786f69c71b95bd#1478,0,1403
20030228_easy_ham/01480.1d6e92e72f85630b288a712075387058#1479,0,1404
20030228_easy_ham/01481.cf3798a158a9f359fd048b6a2895a878#1480,0,1405
20030228_easy_ham/01482.a3576ddec34b0481a9a671c1f3c141c3#1481,0,1406
20030228_easy_ham/01483.25278a257e2a09ef840351510809e000#1482,0,1407
20030228_easy_ham/01484.135f04f6f10d59dbc5c67c4841f4d33f#1483,0,1408
20030228_easy_ham/01485.4efa6516427c6184adbb4f559ee84055#1484,0,1409
20030228_easy_ham/01486.d055246ae702f2eaac34a5ce2719c87e#1485,0,1410
20030228_easy_ham/01487.7bfc394e400ea1925c895925dfeb6b6a#1486,0,1411
20030228_easy_ham/01488.e5500a90fb3169185bfcf41ef381bd7d#1487,0,1412
20030228_easy_ham/01489.408e736d2c2fb22b64f9b588c788dad1#1488,0,1413
20030228_easy_ham/01490.859db59aa3abbf8c92e1766d1aa147b5#1489,0,1414
20030228_easy_ham/01491.870d988a32a3c80dd577625de0f2b708#1490,0,1415
20030228_easy_ham/01492.d8e254a173dfdaf36911e9e76ed3e518#1491,0,1416
20030228_easy_ham/01493.54825a42c8197a8f7045cf4eca7f3ec3#1492,0,1417
20030228_easy_ham/01494.546fc9949239936419fc8decce22bd7e#1493,0,1418
20030228_easy_ham/01495.4e9c81cc55d6f717163921629055bc6a#1494,0,1419
20030228_easy_ham/01496.eb636682660e89dc6411f4587d18bdc8#1495,0,1420
20030228_easy_ham/01497.7bd463ca8ed96d9d4e12ed6a3958008c#1496,0,1421
20030228_easy_ham/01498.e0d9701d1bf2798b86efb602a44d072b#1497,0,1422
20030228_easy_ham/01499.a60b4403c9b03c1812b8aaa7d3e666df#1498,0,1423
20030228_easy_ham/01500.e0ad2000e488cfcfb840cb50a9383c01#1499,0,1424
20030228_easy_ham/01501.78f2f952275ec4ddeb969cf596d3ac66#1500,0,1425
20030228_easy_ham/01502.e49f253ddfc6fb63d759ad198890404f#1501,0,1426
20030228_easy_ham/01503.5e13994a5676296ed31b14e83367031c#1502,0,1427
20030228_easy_ham/01504.3a306a038f96c31abe2440db7f7c6806#1503,0,1428
20030228_easy_ham/01505.736da2d34e20948b7287da130be6e7da#1504,0,1429
20030228_easy_ham/01506.4bbed296f60b0c14d64999d64081fe40#1505,0,1430
20030228_easy_ham/01507.e06cf7fcfb3a512f43c827529c19a9e6#1506,0,1431
20030228_easy_ham/01508.8e4d2554f8964f6b4d78170884abd0d3#1507,0,1432
20030228_easy_ham/01509.e13d579ab7ecc89514b343c16ea37ecc#1508,0,1433
20030228_easy_ham/01510.08454da046a34bf7a209a3f3957066fa#1509,0,1434
20030228_easy_ham/01511.61654b90f93541b604ca624bca8ffc8e#1510,0,1435
20030228_easy_ham/01512.9a1a7937d7a0691e79d806bdfbda28a3#1511,0,1436
20030228_easy_ham/01513.80c5fbd984e4ff243d1deeae20ca78b8#1512,0,1437
20030228_easy_ham/01514.5038367be8c46c0ade062ddd7e03422d#1513,0,1438
20030228_easy_ham/01515.8eef4db7541adb66e4da229a41666635#1514,0,1437
20030228_easy_ham/01516.c4f43cc7b838c86bae2005e25850f08b#1515,0,1439
20030228_easy_ham/01517.254d90491f1660ec23989b4bfc90d2ec#1516,0,1438
20030228_easy_ham/01518.cc9c410a551f14cd20f150b73d226353#1517,0,1440
20030228_easy_ham/01519.9b05511d9273ddffdbc1f45dd43fd9ee#1518,0,1441
20030228_easy_ham/01520.2a29e50286ea0bc939e9fb4c9cc13a50#1519,0,1442
20030228_easy_ham/01521.ab51de7c30aa23d361c81b99cfb55d3a#1520,0,1443
20030228_easy_ham/01522.399f9b55d65180631a94a13de6048244#1521,0,1444
20030228_easy_ham/01523.bdb6a45d09498aa3d8328161459adb26#1522,0,1445
20030228_easy_ham/01524.59942583cc58fa95ab7d333121598c2c#1523,0,1446
20030228_easy_ham/01525.fb1d9c8b16b705c53e4cbaf0c1658767#1524,0,1447
20030228_easy_ham/01526.c30529e56e1407674dfcb3f7080ec91b#1525,0,1448
20030228_easy_ham/01527.81281cede1b20e6bbfd9f53ee846f815#1526,0,1449
20030228_easy_ham/01528.09b67e7e14a95859ee6353702058323c#1527,0,1450
20030228_easy_ham/01529.a34b955e2414056d9d41b48c95f7f15e#1528,0,1451
20030228_easy_ham/01530.a942433d8d15aa78b6dbee89bf0f09d8#1529,0,1452
20030228_easy_ham/01531.b1009af0f58d3f0002fbcb3d95f6c1f1#1530,0,1453
20030228_easy_ham/01532.9baef6f6223b67dc9a0354edabd518d7#1531,0,1454
20030228_easy_ham/01533.9043f31a8168ff0742a99269f4628d2a#1532,0,1455
20030228_easy_ham/01534.0af697b73ae39808dd4035294018be4d#1533,0,1456
20030228_easy_ham/01535.5820cd5a31671e561c20802d2e005914#1534,0,1457
20030228_easy_ham/01536.9182389be6cb243f644c8cb962a5679e#1535,0,1458
20030228_easy_ham/01537.ded3233d7649ef141c30e4cc1349f790#1536,0,1459
20030228_easy_ham/01538.5360a2f683734ab1db6aed00cb329fcb#1537,0,1460
20030228_easy_ham/01539.1c647c2f17378d671f0b94c25767f708#1538,0,1461
20030228_easy_ham/01540.a88bbd554b661bc22b47ebbd2763e88d#1539,0,1462
20030228_easy_ham/01541.88870557aa0c4375f11749cf5cbc6c05#1540,0,1463
20030228_easy_ham/01542.ed72bf2cd81ccd4c076533fb0af004e5#1541,0,1464
20030228_easy_ham/01543.044ee0da6eaa44adbadc131be0bcb2d2#1542,0,1465
20030228_easy_ham/01544.62616d90c7904be02b84255b8dd94006#1543,0,1466
20030228_easy_ham/01545.0ead90c2ca16ba3631a48c1fff4fa3ef#1544,0,1467
20030228_easy_ham/01546.600ca62f96dca0db15aa9ebbb19426a8#1545,0,1468
20030228_easy_ham/01547.637d2970bb87c9f4090d809bfa16fe9a#1546,0,1469
20030228_easy_ham/01548.e180f41d2fba17905a020043c78febc9#1547,0,1470
20030228_easy_ham/01549.a465f982502ac6d7c10118f1939f6974#1548,0,1471
20030228_easy_ham/01550.a036d340bdcf122c8eca891557d50b51#1549,0,1472
20030228_easy_ham/01551.f08fe347237aafcc3c8cff08a9cf94c3#1550,0,1473
20030228_easy_ham/01552.340f1924ed7f83b0db34841845465f7d#1551,0,1473
20030228_easy_ham/01553.da9908f7cf34f302bb78a9986f901ac5#1552,0,1474
20030228_easy_ham/01554.0aed12846b3981a2a13adf793083e4f0#1553,0,1475
20030228_easy_ham/01555.14d3d514cf6188c29a13e0d2cdb90a8c#1554,0,1476
20030228_easy_ham/01556.126fd032d9f624e282a711df96f64cc6#1555,0,1477
20030228_easy_ham/01557.25496d0c7fc8acbf284debadd4f1dc07#1556,0,1478
20030228_easy_ham/01558.72508aead37c2c8073e32f9e33e62532#1557,0,1479
20030228_easy_ham/01559.8648558d73a0837e970b7720184fdffe#1558,0,1480
20030228_easy_ham/01560.62422bb7104da6017e5568907fd41fb7#1559,0,1481
20030228_easy_ham/01561.4d9ed1a0103b1a90cfd91921b9014124#1560,0,1482
20030228_easy_ham/01562.c9d27ce4f88c44947e1480991162b11c#1561,0,1483
20030228_easy_ham/01563.15052ebc391295c9d722e9b7f9e01f6e#1562,0,1482
20030228_easy_ham/01564.a9ec7dadba295233cc729b3f7410e983#1563,0,1484
20030228_easy_ham/01565.c10c0b0e0c9903345e28f9c17fc84400#1564,0,1485
20030228_easy_ham/01566.d3880fbc5242d59335e33c7485ac692e#1565,0,1486
20030228_easy_ham/01567.451fa9142ae23a1c09dbbc87a09c557d#1566,0,1487
20030228_easy_ham/01568.ef4cc7ced238f479403332ec27f3e562#1567,0,1488
20030228_easy_ham/01569.f7c58b134199bd4d821ca41598e7d79c#1568,0,1486
20030228_easy_ham/01570.8328542217bef2e4eb7ee644609efdbb#1569,0,1489
20030228_easy_ham/01571.a12d989267cd61ed856ebc41cc9075bc#1570,0,1490
20030228_easy_ham/01572.75046f3a9b60454aa0432ddfe764154d#1571,0,1491
20030228_easy_ham/01573.5f924ad49f0980813de1a9d02dc958d1#1572,0,1492
20030228_easy_ham/01574.5c7050ec28a486ed83aac7d6ee562038#1573,0,1493
20030228_easy_ham/01575.9eec6737661d3d57e8b3ca91200d7ef7#1574,0,1492
20030228_easy_ham/01576.6b733eba3bd6a287e0ef2a99b9afbd68#1575,0,1488
20030228_easy_ham/01577.481ae48bcd887cf4af60219de12f42a1#1576,0,1494
20030228_easy_ham/01578.c6f29a4932ca0d892e409d8233619022#1577,0,1495
20030228_easy_ham/01579.434bedd57f027223f76db3d11f4d960e#1578,0,1495
20030228_easy_ham/01580.18d5a4c41d28019ab90c111133a07d6a#1579,0,1494
20030228_easy_ham/01581.83fd47e65808dbeddb6340cfcf40b44f#1580,0,1496
20030228_easy_ham/01582.251d2e9ec5028a548d6ddfa3dffe86c2#1581,0,1497
20030228_easy_ham/01583.588f335629805c17aaa6b880c2f586c7#1582,0,1498
20030228_easy_ham/01584.c2bc0fb5826431ed3df58a0fc968c068#1583,0,1499
20030228_easy_ham/01585.b819696d5221a8f929902b77a2fc966b#1584,0,1500
20030228_easy_ham/01586.9f27ed39ecac8ed15e18dc166e930005#1585,0,1501
20030228_easy_ham/01587.574845236697b5ca4b2133ec681b224a#1586,0,1502
20030228_easy_ham/01588.f0623dc7b744dd2ba0417f8f0a98662f#1587,0,1503
20030228_easy_ham/01589.be65e620bca0f1734cd13c71aea78d4c#1588,0,1504
20030228_easy_ham/01590.8403446e474e3cc1f6acfa87058463a1#1589,0,1505
20030228_easy_ham/01591.7504f83163aa1c627354192d452a43e3#1590,0,1506
20030228_easy_ham/01592.2b5d8fc350354b303b6baf2d27f531df#1591,0,1507
20030228_easy_ham/01593.72453c2f0f6643b4e5f7da773a850b9d#1592,0,1508
20030228_easy_ham/01594.9e0ea187c7d58d78b9c2a00ecbb57e70#1593,0,1509
20030228_easy_ham/01595.2dda182ee17cdc04e14dd985a9845330#1594,0,1510
20030228_easy_ham/01596.fa947ffc2560132f53cc7c0bbf39b584#1595,0,1510
20030228_easy_ham/01597.03954d8ac44189d40142445ac632f6cf#1596,0,1511
20030228_easy_ham/01598.3e6e25959eae3d358e21d7144f61c42b#1597,0,1512
20030228_easy_ham/01599.30e5cb62246ea4c06dbe1f8024ef9ffc#1598,0,1513
20030228_easy_ham/01600.2a010487f947580f4281abdb3afe5750#1599,0,1514
20030228_easy_ham/01601.e5488e0e0b9bde9c22e601b1450b63b1#1600,0,1515
20030228_easy_ham/01602.2fd825dddd8dd74f7f82b2d93aeafc8e#1601,0,1516
20030228_easy_ham/01603.d3522fb154c0d7e5fcaf91d7720c3ea5#1602,0,1517
20030228_easy_ham/01604.6034486f13e8427d9e70ad088092d856#1603,0,1518
20030228_easy_ham/01605.41b0a44d660334296aa720bb40b1c405#1604,0,1519
20030228_easy_ham/01606.cf1844a356849ed8cdafb12185afd52f#1605,0,1519
20030228_easy_ham/01607.85bc88e7dae2efaa4f87e070272008b4#1606,0,1520
20030228_easy_ham/01608.17c1ea3c65f8c32d5762fb045daafcf2#1607,0,1521
20030228_easy_ham/01609.9e95ea932d2a0d804e7f53bb8d551fa4#1608,0,1522
20030228_easy_ham/01610.b932de9054af897c91eb2296e8be689c#1609,0,1523
20030228_easy_ham/01611.f2803c52f689e2139f8ebb09ed5a8d91#1610,0,1524
20030228_easy_ham/01612.cdcef456e3de75e0c6478cee11565c41#1611,0,1525
20030228_easy_ham/01613.120a60ca54dbc3331f12609c19388fc4#1612,0,1526
20030228_easy_ham/01614.005f290e71d13de44d3503c640dfe57c#1613,0,1527
20030228_easy_ham/01615.63a41aa663eeaf93728e7b1ab572ce91#1614,0,1528
20030228_easy_ham/01616.f02bab7494befc6a9f31a8b12523beab#1615,0,1529
20030228_easy_ham/01617.dabfe28cb18f031b5c9335955ba0c164#1616,0,1530
20030228_easy_ham/01618.c12a22faa8de12e5dacd4d988a0b50a7#1617,0,1531
20030228_easy_ham/01619.e65e0291e555b111a9acd8b2267a0e1f#1618,0,1532
20030228_easy_ham/01620.444bae1904c633c8de3f890cf9e5a5b3#1619,0,1533
20030228_easy_ham/01621.877e68b6e88c06b95504693c90cef86a#1620,0,1534
20030228_easy_ham/01622.91f94fb37ab624a4b3f0b26fbc428c25#1621,0,1535
20030228_easy_ham/01623.e4e8861a3bb3e57547fddbaba4b76f3f#1622,0,1536
20030228_easy_ham/01624.594e8b3d4bb51222991dde7f1db2e5a4#1623,0,1537
20030228_easy_ham/01625.a7d55f4ad9a62d11bf4e0e5894963f70#1624,0,1538
20030228_easy_ham/01626.daf72a49b735dc3319a809ec520f2283#1625,0,1539
20030228_easy_ham/01627.99a91446ce39d668286e93f7703dba3a#1626,0,1540
20030228_easy_ham/01628.ec313c39ed14b11c19c8621f679fe2cd#1627,0,1541
20030228_easy_ham/01629.0ff6ccf08604c57e81a797521f9c0e6d#1628,0,1542
20030228_easy_ham/01630.2ce9002966c4aabfcd51c0ed8182b513#1629,0,1543
20030228_easy_ham/01631.2cba1b5addc12959348f0318a6cd9bee#1630,0,1544
20030228_easy_ham/01632.60dcbeefdff4ef0a1a8fb4625240507c#1631,0,1545
20030228_easy_ham/01633.3eb28763a8b55952e8050cbade5daa49#1632,0,1546
20030228_easy_ham/01634.124f7f456644842860afd1522cd88b55#1633,0,1547
20030228_easy_ham/01635.7ee140ca2744c34a2ed33de3ceecb016#1634,0,1548
20030228_easy_ham/01636.07c82f37d072bce96820af0bbef80eff#1635,0,1549
20030228_easy_ham/01637.cd9dec755fc9e6d819137b8e0111e031#1636,0,1550
20030228_easy_ham/01638.1025c8d81a3ce398f65fb401537214fb#1637,0,1551
20030228_easy_ham/01639.9ebb5f33ccd9bcfb089d758b7523f0c5#1638,0,1552
20030228_easy_ham/01640.75e754f7e80ce9c9e26898513069d35f#1639,0,1553
20030228_easy_ham/01641.af4f10c1dad2aea2637aa8cd093adc34#1640,0,1554
20030228_easy_ham/01642.6e47b00b04a6f2cb1cf9c5c86031132d#1641,0,1555
20030228_easy_ham/01643.e3c2e047714a395c583f80730acd3762#1642,0,1556
20030228_easy_ham/01644.77c7add87dfb454c2bcc8ce9f60482bd#1643,0,1557
20030228_easy_ham/01645.f61b77d47c074402d1ee5976e9a4fd7d#1644,0,1558
20030228_easy_ham/01646.6943600e0de67c472ee13c9f14345e0f#1645,0,1559
20030228_easy_ham/01647.c5afcba50538a5f49d6e261f6bcfed40#1646,0,1560
20030228_easy_ham/01648.7758ab9d9eb224bcb73e0e8e803e92c9#1647,0,1561
20030228_easy_ham/01649.5bcdd9205f59d95e025a2896a38ee2bb#1648,0,1562
20030228_easy_ham/01650.f51bd31e8f0e63be278c22d7a4d2bf10#1649,0,1560
20030228_easy_ham/01651.7cafcb2d9dcaadd665afabc65c267f36#1650,0,1563
20030228_easy_ham/01652.864cc509960bb627696e65943038856e#1651,0,1564
20030228_easy_ham/01653.b13797de35037c4f26356e89ba3f9fb1#1652,0,1565
20030228_easy_ham/01654.ade7f371dd3f7c4393baf201b803755a#1653,0,1566
20030228_easy_ham/01655.c3fc45d31d7f105f7baa0d7617f71402#1654,0,1567
20030228_easy_ham/01656.705cfa5ceb056324fe8fef48d12754db#1655,0,1568
20030228_easy_ham/01657.a57fd76dcafe47299543685aa2387d32#1656,0,1569
20030228_easy_ham/01658.eeb706ce24cbbf2cd21648a4781a1464#1657,0,1570
20030228_easy_ham/01659.1d4646886358156accce640171c77c1d#1658,0,1571
20030228_easy_ham/01660.2ac623f4f429bbe90824fa535e73b558#1659,0,1572
20030228_easy_ham/01661.1393ea887720c777d1429b07fce98ab4#1660,0,1573
20030228_easy_ham/01662.4257318f87e53aa246882d00e42c67d5#1661,0,1574
20030228_easy_ham/01663.16e55768065036480deaa72ebb3bd8d5#1662,0,1575
20030228_easy_ham/01664.f726e854a4f84a55fa0961e65c372e8d#1663,0,1576
20030228_easy_ham/01665.e849ebd7ee95f02a6f4d937acb7575e2#1664,0,1577
20030228_easy_ham/01666.531649d2c834408569b5aba7d5b2b9fb#1665,0,1578
20030228_easy_ham/01667.4aac42588f98c49a6d4c39c4e65d3387#1666,0,1579
20030228_easy_ham/01668.8880ac0caa45450bea484d7e9cafdece#1667,0,1580
20030228_easy_ham/01669.d4ebf95243e3b22d80ea63a1f2be06cc#1668,0,1580
20030228_easy_ham/01670.2f86bbeac16f343c0c9e8d9d363cabb2#1669,0,1581
20030228_easy_ham/01671.572d5d58699f0b03e959bbdc6ee14e83#1670,0,1582
20030228_easy_ham/01672.dd744a40e87e0715cd0153fef3a63a99#1671,0,1583
20030228_easy_ham/01673.6a0570ff6d45b717e0b6352d8fbf7ad4#1672,0,1584
20030228_easy_ham/01674.6bb054bf786bfbfeacc78dd1918ffbfa#1673,0,1585
20030228_easy_ham/01675.5e3a4fdad399e2557d6921d7e938faef#1674,0,1586
20030228_easy_ham/01676.b1039d148dbb347b468973dc6bfe0319#1675,0,1587
20030228_easy_ham/01677.35908078146d2d19fccf8b786aa83cf7#1676,0,1588
20030228_easy_ham/01678.8f5053b1fda58d8224b0fb4827413912#1677,0,1589
20030228_easy_ham/01679.e027f2af78c05f8498f09d7979cd127d#1678,0,1590
20030228_easy_ham/01680.3c26c587b4fe3b681981c38f90593e02#1679,0,1591
20030228_easy_ham/01681.0e74974631f665395f5e6b01148b4bee#1680,0,1592
20030228_easy_ham/01682.aabc3014dc8e7bbf3748d1e1b2afbf56#1681,0,1593
20030228_easy_ham/01683.59383d91430d9cb58e7d0aa4e25b1320#1682,0,1594
20030228_easy_ham/01684.94ca5ccaec9be05c252bf32961a86a3d#1683,0,1595
20030228_easy_ham/01685.26beacaa0fa03cb6199c57b8a99a2852#1684,0,1596
20030228_easy_ham/01686.146b27f3890e3350b0e596b42e18a985#1685,0,1597
20030228_easy_ham/01687.305d7c2b4c83864ca868937855ad1b27#1686,0,1598
20030228_easy_ham/01688.77ff25da8e59d16dfba5c708a0cf3b69#1687,0,1599
20030228_easy_ham/01689.f3dfa7db118b7738bcdaa1cd81a0f1e2#1688,0,1600
20030228_easy_ham/01690.c20b0ff2930d9b36d7aa70e54939d12c#1689,0,1601
20030228_easy_ham/01691.6057cf5e982869286b4742cee5639a4b#1690,0,1602
20030228_easy_ham/01692.3349a6670b58d2a39307e87ae0012294#1691,0,1603
20030228_easy_ham/01693.5f6c04f93ace9da3b5f9e0906ba608c2#1692,0,1604
20030228_easy_ham/01694.5bae1500a6c23344cde8b81dd95a2dd7#1693,0,1605
20030228_easy_ham/01695.5914721a121b85cfdc0e39bf4b4e8970#1694,0,1606
20030228_easy_ham/01696.70dc9da58ada190c2c66f34986636594#1695,0,1607
20030228_easy_ham/01697.75f57c5146462b574d13349e5c0c4bcc#1696,0,1608
20030228_easy_ham/01698.906dd11cca6bee22c6843afb597c87a3#1697,0,1609
20030228_easy_ham/01699.235f7aea351e2aa201447c134468f723#1698,0,1610
20030228_easy_ham/01700.03a577fc11e0a5121098e0dc83c97d6c#1699,0,1611
20030228_easy_ham/01701.a28b76746a64d3d352375a462f4f8404#1700,0,1612
20030228_easy_ham/01702.3a7add5306fcbf4ac7eb42c57c125e85#1701,0,1613
20030228_easy_ham/01703.db99848ddb40f4d5a0694557363c7250#1702,0,1613
20030228_easy_ham/01704.7f2b82a41322fa94c43a0dbb75472ff4#1703,0,1614
20030228_easy_ham/01705.54f25b5c3ce8b81c56da0ef6693c5ffb#1704,0,1615
20030228_easy_ham/01706.582f22e10f4f792eb0efe0499d37db30#1705,0,1616
20030228_easy_ham/01707.46172a3da4e739c7b65a3b3aa3869e9d#1706,0,1617
20030228_easy_ham/01708.49621617c6fee0551ce210e30094898a#1707,0,1618
20030228_easy_ham/01709.f25ce16131a4a1e9b4eb4e04f748509a#1708,0,1619
20030228_easy_ham/01710.c86ae674674567c5779cfb7a30385e45#1709,0,1620
20030228_easy_ham/01711.95d3ab2beeba9b96666d25c09de2143f#1710,0,1621
20030228_easy_ham/01712.c20d5899b4b27415389a10cd4f400019#1711,0,1622
20030228_easy_ham/01713.7e6c3f51ab4a45f60fbb0968d56f512c#1712,0,1623
20030228_easy_ham/01714.822fd92abf93a33969943a291d819fdf#1713,0,1624
20030228_easy_ham/01715.30f57f8851044a464064eec4c938963d#1714,0,1625
20030228_easy_ham/01716.8e1547062c811ff9b62183ad65bf4ed6#1715,0,1626
20030228_easy_ham/01717.7b6864b6307973a30ec24e69fc4a466a#1716,0,1627
20030228_easy_ham/01718.049911b67a0ff546e80e2acc6bcbe6ff#1717,0,1628
20030228_easy_ham/01719.a401ddc61fc3d89fbaee70ea107a9956#1718,0,1629
20030228_easy_ham/01720.edac63c7227d89192cc41c922d689d22#1719,0,1630
20030228_easy_ham/01721.33f28d80618a37469e4530603d6f8b5b#1720,0,1631
20030228_easy_ham/01722.d77de28865080535c4e108eada26ed24#1721,0,1632
20030228_easy_ham/01723.26284dbbc6f595fdc9c388008e5aa72c#1722,0,1633
20030228_easy_ham/01724.9dd46d474cc33df16c9443ac6759e679#1723,0,1634
20030228_easy_ham/01725.80327e3b2580e1e277165899b2532871#1724,0,1635
20030228_easy_ham/01726.1c598ff775a4de81c391eb9bb738d0c9#1725,0,1636
20030228_easy_ham/01727.d6713b65baf275582be556a87a824dd4#1726,0,1637
20030228_easy_ham/01728.0bbb7ccf73587c7f02655596e7fa6477#1727,0,1638
20030228_easy_ham/01729.01f5d745e5bca5dcb35f0f863f4b0bdf#1728,0,1639
20030228_easy_ham/01730.3d930e2d4968f325cc6a773df09e8969#1729,0,1640
20030228_easy_ham/01731.48b91fabd8e14b220898d3daef4ff0b1#1730,0,1641
20030228_easy_ham/01732.6c654f95a549a4f09daff21def44f511#1731,0,1642
20030228_easy_ham/01733.7b8c9da065dd15894b0c6f851ac461e8#1732,0,1643
20030228_easy_ham/01734.e1c6a4364e0762f323cd69d23e030fc8#1733,0,1644
20030228_easy_ham/01735.d038cbb36f734c5ddbb023d074711d10#1734,0,1645
20030228_easy_ham/01736.c66fbc9c72afb9ea062537d3635d1d6c#1735,0,1646
20030228_easy_ham/01737.0adb46c649c37f8f26c46c6d1b0d8d93#1736,0,1647
20030228_easy_ham/01738.780eecf7f0db1db00bd0a6248de51260#1737,0,1648
20030228_easy_ham/01739.f57fcc3356b4c910af8ac2ce06d7301c#1738,0,1649
20030228_easy_ham/01740.22ff82ab4b9265075924f41abe0460f7#1739,0,1650
20030228_easy_ham/01741.2a15d667c53727befded94d9b526afff#1740,0,1651
20030228_easy_ham/01742.e5c02ab6101d2a7759f059da0e6385ca#1741,0,1652
20030228_easy_ham/01743.07f7f47e25de2b8f08cabfc5ef3e3709#1742,0,1653
20030228_easy_ham/01744.add31f8a35fa0fd63e70eacd58c82a44#1743,0,1654
20030228_easy_ham/01745.46a467858b1369e9513a8a369a67a70b#1744,0,1655
20030228_easy_ham/01746.06fb7b96d18dae121abb94e8a7624f4b#1745,0,1656
20030228_easy_ham/01747.147241797a056a32e99562b240ebb283#1746,0,1657
20030228_easy_ham/01748.69dcabe5a5fe6ffc5e20522e4c5477e4#1747,0,1658
20030228_easy_ham/01749.da79f6e9c4f07174e5dec173c9481b99#1748,0,1659
20030228_easy_ham/01750.73b4d9ab83de83ae58707c8bdcda0fc5#1749,0,1660
20030228_easy_ham/01751.bff303bb4466a91b0f88491b207e8ed8#1750,0,1661
20030228_easy_ham/01752.a672617b99187e1c4029bc33a4e8a596#1751,0,1662
20030228_easy_ham/01753.ae52e350b9847d6f5c6ca350c4f4eacb#1752,0,1663
20030228_easy_ham/01754.8fbef0589564bb19c088156227772fb9#1753,0,1664
20030228_easy_ham/01755.51e8b76626231abf27c682904ee4b4c1#1754,0,1665
20030228_easy_ham/01756.0e8cedd7ff0e281e2da6e6c40fd177a8#1755,0,1666
20030228_easy_ham/01757.994c77afc8d6fb072d8b95ccfdf09627#1756,0,1667
20030228_easy_ham/01758.ace2433031b3ea150e728b34850cdceb#1757,0,1668
20030228_easy_ham/01759.9f36557559ed64908479a42411c17b4b#1758,0,1669
20030228_easy_ham/01760.bfe819f6abc823642064dc200a54be39#1759,0,1670
20030228_easy_ham/01761.3dc0d0a66c067a0de0afd63c2524594e#1760,0,1671
20030228_easy_ham/01762.9c9c7d47366cfecf47ceff0f68554ec9#1761,0,1672
20030228_easy_ham/01763.33f1ae2bd826fe0fcee7fa711e6658a0#1762,0,1673
20030228_easy_ham/01764.67be9637b8f7f4dd85f8a96b016a92ed#1763,0,1674
20030228_easy_ham/01765.1fdea814d93c5d2f3254299057e78ed5#1764,0,1675
20030228_easy_ham/01766.cb970cd14ed91de5dc42765019865a19#1765,0,1676
20030228_easy_ham/01767.6311d2facfb91a58256337892138dd6e#1766,0,1677
20030228_easy_ham/01768.d947c066118f7fe81e5d4b45fc572f94#1767,0,1678
20030228_easy_ham/01769.c9114afaa3ce4beff694dc5cfcfed322#1768,0,1679
20030228_easy_ham/01770.0e2c720e2d4abac3f8734b9914186f21#1769,0,1680
20030228_easy_ham/01771.dafcc5e0c21e3748ff6169c2c9fa0e63#1770,0,1681
20030228_easy_ham/01772.e17237d8112c2741c1b8819ed4cff474#1771,0,1682
20030228_easy_ham/01773.e0850dc6f3d7e902f61de852025ad50b#1772,0,1683
20030228_easy_ham/01774.cf5f37a5bfe6c69ad140690964495add#1773,0,1684
20030228_easy_ham/01775.4ede389289dcd6b898f0486ee505e2b7#1774,0,1685
20030228_easy_ham/01776.a24065765090b85ec4ddf2959d995685#1775,0,1686
20030228_easy_ham/01777.847e32367275b88c4d83c54288486c14#1776,0,1687
20030228_easy_ham/01778.942b9362f8c42ef1b372d45d423f33f0#1777,0,1688
20030228_easy_ham/01779.417598c604ceede305e840bf6cd39bcc#1778,0,1689
20030228_easy_ham/01780.cefffc9e96ebdadead2eb63ffc6fa8d8#1779,0,1690
20030228_easy_ham/01781.37ea8ceefdbde6881efe1460f4a9406a#1780,0,1685
20030228_easy_ham/01782.278f53b8f65fcd422cb26c5bbe74599d#1781,0,1691
20030228_easy_ham/01783.8eb2bfc28026b79260080a288a8a468c#1782,0,1692
20030228_easy_ham/01784.c15f9f673cafccec42a66a0ac5c93bcc#1783,0,1693
20030228_easy_ham/01785.e7cfe3e061b24884f128628969d5d790#1784,0,1694
20030228_easy_ham/01786.3ceb1c3eee839cc3c0493c42182a1d06#1785,0,1695
20030228_easy_ham/01787.8c7c325481bbce39e57c1fc224ded7d5#1786,0,1696
20030228_easy_ham/01788.13a01b91868ffe1729e48559df46e978#1787,0,1697
20030228_easy_ham/01789.f0bfa328796c1dbfb2be2b30c54b1d8f#1788,0,1698
20030228_easy_ham/01790.b34e1f2eb1469c7eca5e14f49bdb1956#1789,0,1699
20030228_easy_ham/01791.e4725d74c9e65532740c0939f407c063#1790,0,1700
20030228_easy_ham/01792.d692d61a2055379dbe501674ecca6b58#1791,0,1701
20030228_easy_ham/01793.40201d6bb7828b8f79e793823cc25580#1792,0,1702
20030228_easy_ham/01794.e322c3e66406d3a985a61aba25902c5b#1793,0,1703
20030228_easy_ham/01795.81e9f47a31cf1179ec98bf927e26e9de#1794,0,1704
20030228_easy_ham/01796.a693e22b61e4ab58fd68f1b52c39e293#1795,0,1694
20030228_easy_ham/01797.bc81a0859adaca5ea082f4db7cdac088#1796,0,1705
20030228_easy_ham/01798.0b993670b6535ff7567d1f05af8eb4e8#1797,0,1688
20030228_easy_ham/01799.b520d5d5fcbafd03435d8d2b887581e4#1798,0,1706
20030228_easy_ham/01800.1fd79d18b9d3c56996ba3c40b26df35a#1799,0,1688
20030228_easy_ham/01801.1724b0100b279470dfe73c76f0f12b90#1800,0,1707
20030228_easy_ham/01802.ff9ee51b3e799284764549c0ac551301#1801,0,1685
20030228_easy_ham/01803.ef4fe207e525dee50b369a7d61b5d9ed#1802,0,1708
20030228_easy_ham/01804.4a2382011fcfcff362ab880720012e74#1803,0,1694
20030228_easy_ham/01805.10159c57f30716e6768671cfdd865e7d#1804,0,1709
20030228_easy_ham/01806.cc26d0fd2e1f4320462e811aad1e9a5f#1805,0,1685
20030228_easy_ham/01807.08bdc96ca0f8ca425fe8acd21fb25c70#1806,0,1710
20030228_easy_ham/01808.6c7e63e38f30e266d3fd878049ee4836#1807,0,1711
20030228_easy_ham/01809.2edc06abde52f0d98a38f0d82f1df79f#1808,0,1712
20030228_easy_ham/01810.185304bab9dec6787060fb4580a01729#1809,0,1713
20030228_easy_ham/01811.e6ab34fdde98dbbb9beabd7cd99028d7#1810,0,1714
20030228_easy_ham/01812.feffa846675a880e453fd3445af97ee0#1811,0,1715
20030228_easy_ham/01813.2711af4b8a31e4ff0c38fe92f2fa79d7#1812,0,1716
20030228_easy_ham/01814.147154187b3dcab4d2065a1cd9beac95#1813,0,1717
20030228_easy_ham/01815.8d7b043ae6c9306a2926deb530eeb7a7#1814,0,1718
20030228_easy_ham/01816.6b3df134031475f588f5f5533afd344e#1815,0,1719
20030228_easy_ham/01817.90971d2fe4d8208860ceabfc847c418f#1816,0,1720
20030228_easy_ham/01818.25094be6fb43cd96116debebf792807f#1817,0,1721
20030228_easy_ham/01819.6fa6ec281b4b77dbe5e802748882249f#1818,0,1722
20030228_easy_ham/01820.96d981c2fc543b11a6dd277e7b510bf1#1819,0,1723
20030228_easy_ham/01821.8c40839ff8502b2f68bc7295e1cf1371#1820,0,1724
20030228_easy_ham/01822.b7ebd6708eae196f05fcd57fc3e79efb#1821,0,1725
20030228_easy_ham/01823.facfb054d9543739725ce71d1c611ade#1822,0,1726
20030228_easy_ham/01824.6d42c63b158791596bce94b47b076b66#1823,0,1727
20030228_easy_ham/01825.824c1cafd03a8dbf953d5ab27a191e3e#1824,0,1728
20030228_easy_ham/01826.ad12430bacae88235edc88001bf80c9e#1825,0,1729
20030228_easy_ham/01827.e9f4e7b5f1fd68f9e800366097c648f2#1826,0,1730
20030228_easy_ham/01828.11c5a509322a65af2e98181f5a47b8b1#1827,0,1731
20030228_easy_ham/01829.1c87e9a5f2b7eb832ab305288b9b8438#1828,0,1732
20030228_easy_ham/01830.edfe460e0871e3f0da84f16a76abf064#1829,0,1733
20030228_easy_ham/01831.3d5b1520c6a4ea6801db4e60f6d20374#1830,0,1734
20030228_easy_ham/01832.f1fd44d2d038f5c6f845b1baf01b0c2e#1831,0,1735
20030228_easy_ham/01833.a5d6896566d14f58063642635cc92756#1832,0,1736
20030228_easy_ham/01834.e716d845b22e35a8b7192215a3705057#1833,0,1737
20030228_easy_ham/01835.c8221e8dc28b9896f51c8cad173a2321#1834,0,1738
20030228_easy_ham/01836.b3c961ef5ae267e9d3809233982b0b23#1835,0,1739
20030228_easy_ham/01837.35d2e6dc532ce52d25be82b08b6daf5b#1836,0,1740
20030228_easy_ham/01838.ca87fad0e36751e30a3595555d3200ab#1837,0,1741
20030228_easy_ham/01839.cbc2edf86a3edffd90cf1150c9829396#1838,0,1742
20030228_easy_ham/01840.1f9b806a13652241523473772e8bd6d7#1839,0,1743
20030228_easy_ham/01841.f6e93800676ee7030137e589a2906013#1840,0,1744
20030228_easy_ham/01842.87765cd89a91416e1ac34a38628be46d#1841,0,1745
20030228_easy_ham/01843.ce0f26c22efed433edbce217b1e56331#1842,0,1745
20030228_easy_ham/01844.291384ad2b36270505f0923d501a0c1a#1843,0,1746
20030228_easy_ham/01845.7d5cdeb25bed88bfefaeb8c1e01681ca#1844,0,1747
20030228_easy_ham/01846.af884c94693e5cce571396b4fd151167#1845,0,1748
20030228_easy_ham/01847.82d1ad908c6b97d8c713a9633992bfa5#1846,0,1749
20030228_easy_ham/01848.0d688cb288a6392e87737952a68961b7#1847,0,1750
20030228_easy_ham/01849.d52088ef45a2453969e563a04df1e1e4#1848,0,1751
20030228_easy_ham/01850.f789b0fdb4ed4a2407565f9525815222#1849,0,1733
20030228_easy_ham/01851.7d72251b2e0ef6c5092d34b393efac00#1850,0,1752
20030228_easy_ham/01852.2f84d9c30b714b8acda055bdf3585a7d#1851,0,1753
20030228_easy_ham/01853.0898df4ab8739dd95d821cb6cf834083#1852,0,1754
20030228_easy_ham/01854.b9d034bad2e2cae90a94cf369eb37673#1853,0,1755
20030228_easy_ham/01855.19acbc78b4bb1959ace6f1ec1d6329e8#1854,0,1756
20030228_easy_ham/01856.c021a63248e3e6a2e151b67689d75e13#1855,0,1757
20030228_easy_ham/01857.573641361191125a643d0d6c52451e0a#1856,0,1758
20030228_easy_ham/01858.c6147940a2048fd84b1d8c2d0485a9b6#1857,0,1759
20030228_easy_ham/01859.8998777b348fa74fc13a7140fd95766c#1858,0,1760
20030228_easy_ham/01860.e3c05c35ba29c002364a701b79ceb7d1#1859,0,1761
20030228_easy_ham/01861.b9f301b256385d122143d7de7ecc711e#1860,0,1762
20030228_easy_ham/01862.0f817e5ccbe32d7e7ed0886f2393b887#1861,0,1763
20030228_easy_ham/01863.bd70d6cfad21b043c84dab8e1e86e2be#1862,0,1764
20030228_easy_ham/01864.5c470b3dac9aa63055ed0d4557f9c43f#1863,0,1765
20030228_easy_ham/01865.ce38cf9b8b0850e17b0510a181f6167d#1864,0,1766
20030228_easy_ham/01866.75c5029703de73d75e5ed23b657ea052#1865,0,1767
20030228_easy_ham/01867.bef318a5c37fc91ac6973482f70e50ce#1866,0,1768
20030228_easy_ham/01868.387fbe2fed47c184aba7bc60bb90e6b3#1867,0,1769
20030228_easy_ham/01869.1eb8e1093d75d3694e00857f680fd768#1868,0,1770
20030228_easy_ham/01870.2c9f4adcd1eec7ae3607d76bbf9063bc#1869,0,1771
20030228_easy_ham/01871.559182646be4765b896699c6b1036739#1870,0,1772
20030228_easy_ham/01872.12ce21b8ad1ce1683ad4ada3ad4d3f8e#1871,0,1773
20030228_easy_ham/01873.a6f902f85a5f8170fbe24b3da8ce78b3#1872,0,1774
20030228_easy_ham/01874.e7532bf3a643c2eba1d2ff1dda98aa25#1873,0,1775
20030228_easy_ham/01875.a904e15f372e7f833164f6f94e136304#1874,0,1776
20030228_easy_ham/01876.2cf3694e786c36b8538d4e8e72b2b520#1875,0,1777
20030228_easy_ham/01877.ef69b53341e4f02ccf01ffdf83db34fa#1876,0,1778
20030228_easy_ham/01878.e825bd2722968151f439704c324ca9d9#1877,0,1779
20030228_easy_ham/01879.5983208e53737f295fe86bafed730c6a#1878,0,1780
20030228_easy_ham/01880.648d1b6e86c56206eb60856243321265#1879,0,1781
20030228_easy_ham/01881.5fd0ccb8cf61b46dac75efd3aa4893f4#1880,0,1782
20030228_easy_ham/01882.2d19f172c5d4beb01b16e4106ea6fed5#1881,0,1783
20030228_easy_ham/01883.16589be1ac43846c99b29ce78cd60223#1882,0,1784
20030228_easy_ham/01884.668657309015de89f9c77353a649aaa3#1883,0,1785
20030228_easy_ham/01885.55d0ff99f3f0300f151c636966a077e2#1884,0,1786
20030228_easy_ham/01886.a5067b050d45de749e4ffb058ebb836b#1885,0,1787
20030228_easy_ham/01887.733f8aab4f2bb3d9b709acd44dc175f5#1886,0,1788
20030228_easy_ham/01888.8a0b734ddcedf7c25b60250d8c7b6e11#1887,0,1789
20030228_easy_ham/01889.494c3e4735873024c557ac4b0a4fae61#1888,0,1790
20030228_easy_ham/01890.ca549f2cd53f42b6b70717f051f03e08#1889,0,1791
20030228_easy_ham/01891.ea821f774736a6a9b155fe0dd4a53ad1#1890,0,1792
20030228_easy_ham/01892.701fbf72f73f9dacf3fd176e14660a04#1891,0,1793
20030228_easy_ham/01893.b4a8f702e496578a4df29d12624abb4b#1892,0,1794
20030228_easy_ham/01894.a6896770e24b5211fa506b0039343769#1893,0,1795
20030228_easy_ham/01895.45d546ac150b5bdfc6eee0e122aabbcb#1894,0,1796
20030228_easy_ham/01896.516f258e3f8185d4a0e002a7d806bddf#1895,0,1797
20030228_easy_ham/01897.c6a89cc02dd2e65063ef2f16ad080021#1896,0,1798
20030228_easy_ham/01898.063ef9dcd226ad1fd43c94e2d9de4e49#1897,0,1799
20030228_easy_ham/01899.c95b24588b4ed006af5332e498a23723#1898,0,1800
20030228_easy_ham/01900.1b90f4154957d1860a3de19ba95ede12#1899,0,1801
20030228_easy_ham/01901.b9c2a64e9531ae9f0f6aedbb42b7c1fb#1900,0,1802
20030228_easy_ham/01902.7911c2c7f6b6f3ca8ecf8fc35df8aa28#1901,0,1803
20030228_easy_ham/01903.7cd58b43139e430224c5de7639b0d5d7#1902,0,1804
20030228_easy_ham/01904.c85458b60f9ef9b77f1f9530a7d3729e#1903,0,1805
20030228_easy_ham/01905.5ef2d9dfa4dc1df5e1c2cc2f7f694092#1904,0,1806
20030228_easy_ham/01906.9445c6890c7a515634bfd7f52116cb45#1905,0,1807
20030228_easy_ham/01907.e3d6292e517c3efb5e11773790b9be4f#1906,0,1808
20030228_easy_ham/01908.d4433993e642ce126d272930d9ce47da#1907,0,1809
20030228_easy_ham/01909.46dafb96df4c8a412d5d7b1ba7469109#1908,0,1810
20030228_easy_ham/01910.2eb8fda6fb32ed1a19ac7cc9a4e51f82#1909,0,1811
20030228_easy_ham/01911.4b2610df15a17c72bde555e33ec43784#1910,0,1812
20030228_easy_ham/01912.a26e261a1b2b9af7d0c2a4341f173786#1911,0,1813
20030228_easy_ham/01913.2a83ce1d003b4e136cc6a4f35cb09b50#1912,0,1814
20030228_easy_ham/01914.4d0a9a472c29ba4b5fa18e479881f627#1913,0,1815
20030228_easy_ham/01915.45328e54f66be8d9049a97d4bf52ac4d#1914,0,1816
20030228_easy_ham/01916.927341170e7ab60892b8ad1294be7454#1915,0,1817
20030228_easy_ham/01917.5d9c51a24c9b60a4ac76d2f55364acd4#1916,0,1818
20030228_easy_ham/01918.3f9c0a50f6fcfe9f048fa71f58c71760#1917,0,1819
20030228_easy_ham/01919.d7184a960a5372abc840760b64476b79#1918,0,1820
20030228_easy_ham/01920.cd24c8611ba6d6f47ea171fdf5907194#1919,0,1821
20030228_easy_ham/01921.fcba8196561fbe679e04ee55aa5bccb8#1920,0,1822
20030228_easy_ham/01922.87f1df03581a29cd517b8fd78fe73e62#1921,0,1823
20030228_easy_ham/01923.6b9f0ab130fa8a9762525e7ea6d2b478#1922,0,1824
20030228_easy_ham/01924.1df566db37be7bab3b91a279282a055a#1923,0,1825
20030228_easy_ham/01925.bf3c999d8afa02dda7e5cbadb2590c56#1924,0,1826
20030228_easy_ham/01926.a39cdccce6bf270df65526eb028cd53f#1925,0,1827
20030228_easy_ham/01927.813aaa504987571f43b3eb0f264a1191#1926,0,1828
20030228_easy_ham/01928.d1ee764b9abe31d0074a052066b62e81#1927,0,1829
20030228_easy_ham/01929.9db22d74f8863514abb093de574529c8#1928,0,1830
20030228_easy_ham/01930.4a3619ad3669bda50855cd8e3ab85cb5#1929,0,1831
20030228_easy_ham/01931.95bc125f167b45a2fe51796fc69af04c#1930,0,1832
20030228_easy_ham/01932.f8c1d938ebba259e2926cf4400891c86#1931,0,1833
20030228_easy_ham/01933.340608a4c5e02c7f6fce00e78818da21#1932,0,1834
20030228_easy_ham/01934.c78fac21c6a9fdd42667a2e35f8a4692#1933,0,1835
20030228_easy_ham/01935.ee107676efc24029cdbae10a0d2fdcb9#1934,0,1836
20030228_easy_ham/01936.f08c29205773f60e0c4960c32d8ca845#1935,0,1837
20030228_easy_ham/01937.34432f6d48dea72a52f5feb0593ff808#1936,0,1838
20030228_easy_ham/01938.da956f847b734888d96d8dd4ee736f40#1937,0,1839
20030228_easy_ham/01939.189b450fa1626558188f4eea2216a77f#1938,0,1840
20030228_easy_ham/01940.8cdfd0318485cb2a285f705c962b783e#1939,0,1841
20030228_easy_ham/01941.37649e11410be2f2e3b9edb8753b4d8a#1940,0,1841
20030228_easy_ham/01942.30343e06573f363493a13a5a2b4ebc6f#1941,0,1842
20030228_easy_ham/01943.8c51a0c70d8f706da2c5435fe4f2bdd0#1942,0,1843
20030228_easy_ham/01944.246605bdc72c4edf26299853775632d8#1943,0,1842
20030228_easy_ham/01945.68b0cc1d272dc3bc3bffcb3112379650#1944,0,1844
20030228_easy_ham/01946.c1c46e47ea231deff72265e4913d2989#1945,0,1842
20030228_easy_ham/01947.1d30e15168424f7d1342c5dcd60f22b2#1946,0,1845
20030228_easy_ham/01948.d51fec6f7672e603b0a3113a86869d10#1947,0,1841
20030228_easy_ham/01949.bbbed2631072b12ec6ce17ee94aa0852#1948,0,1846
20030228_easy_ham/01950.5861f344d1425a202572f92ba78455b1#1949,0,1847
20030228_easy_ham/01951.2705d634a1fbf2b8f592c5904fb3c3e1#1950,0,1848
20030228_easy_ham/01952.b1c3aefbb256d7b5ed14a7adbfe46cc7#1951,0,1842
20030228_easy_ham/01953.68702f882d7ae19147b1e20ae27fe192#1952,0,1849
20030228_easy_ham/01954.1e0de194b37c10621fd49e3364fac758#1953,0,1850
20030228_easy_ham/01955.9a79544ac8b1f704edf3a5279199a2b4#1954,0,1851
20030228_easy_ham/01956.48e99fecde779559c37f2cbe80268a5f#1955,0,1850
20030228_easy_ham/01957.cb77a3e0c65f431a0b2060fecbc77e17#1956,0,1850
20030228_easy_ham/01958.1e8e2e3b7209d3f368f2ec07a6ed7d18#1957,0,1850
20030228_easy_ham/01959.95ec2c4a427341dc7907c29de27eeb02#1958,0,1850
20030228_easy_ham/01960.fba6095606ddf528fe030b09bc0d213d#1959,0,1850
20030228_easy_ham/01961.b47390d07cd4c2dba35176e9a948bac4#1960,0,1852
20030228_easy_ham/01962.0d30a20c3c442d13266e8818fdbc2e40#1961,0,1850
20030228_easy_ham/01963.8e6f21d04d443ff9c7ee96c9afda33fd#1962,0,1853
20030228_easy_ham/01964.1aca2f1241d31ef4b04d07804347b592#1963,0,1854
20030228_easy_ham/01965.05b80e8b7ec20c70737999bdf82714ed#1964,0,1855
20030228_easy_ham/01966.892057de32d635ad24f06844dea3ef71#1965,0,1856
20030228_easy_ham/01967.c30def1b9cb26faec22834ab35e8a4d8#1966,0,1857
20030228_easy_ham/01968.3e981a6ec4270b2d9c5ff91b412270b7#1967,0,1858
20030228_easy_ham/01969.cf0d52e9e3e36aad1531882f263d2c16#1968,0,1859
20030228_easy_ham/01970.953f97d05583f057ab9a56bf1e8a9087#1969,0,1860
20030228_easy_ham/01971.9ad3a97c1c02d6d43eb6d36d6554187f#1970,0,1861
20030228_easy_ham/01972.2cf954aa6e8e1228f1641f222aa1365c#1971,0,1862
20030228_easy_ham/01973.993039d29cddde0cdf4b0d58ed71fbe5#1972,0,1863
20030228_easy_ham/01974.1d45bc3954f2572bcced02004515cf9f#1973,0,1864
20030228_easy_ham/01975.cf8723fe55a068c4cc86a29ba3d7a96a#1974,0,1865
20030228_easy_ham/01976.36f1e6364384d6b12b89200071b5c926#1975,0,1866
20030228_easy_ham/01977.ba3a34c315c74fbc8c92ec2802b59deb#1976,0,1867
20030228_easy_ham/01978.f18e3f39d0279942276343a9fd0b5858#1977,0,1868
20030228_easy_ham/01979.d734b8873a97f8bdd28ff533c2a57bd9#1978,0,1869
20030228_easy_ham/01980.7c8a47a94e97e6e9c5c7ad7385ee932c#1979,0,1870
20030228_easy_ham/01981.9490b3cdd1178076369a9687a7ba61d4#1980,0,1871
20030228_easy_ham/01982.082a7fbaf9f6926f0fe7db4024f7e847#1981,0,1872
20030228_easy_ham/01983.c86e755901d631e96568bd63d3d42b34#1982,0,1873
20030228_easy_ham/01984.d4decf46e66a4fce3fe8fb718de0345a#1983,0,1874
20030228_easy_ham/01985.6c30949152f8ef16b89a14157828f338#1984,0,1875
20030228_easy_ham/01986.50558fe132d11c723dd80f7b17944d0a#1985,0,1876
20030228_easy_ham/01987.5a551d9f6cf04a2c2465f59a64e5c349#1986,0,1877
20030228_easy_ham/01988.28cb6159d514e801aa832a9b9e074664#1987,0,1878
20030228_easy_ham/01989.6164d7ff1901c22ad3aef666d9b0e00b#1988,0,1879
20030228_easy_ham/01990.39a9a025cc77060562dc4aa2558c9bfe#1989,0,1880
20030228_easy_ham/01991.27c828be78e15dbf223bb3f3944508d6#1990,0,1881
20030228_easy_ham/01992.a1001b981c9a668d9ecac46c889a5516#1991,0,1882
20030228_easy_ham/01993.0d629f3a16f0cd287ebb51fa9b18ad30#1992,0,1883
20030228_easy_ham/01994.6adf7b49957166bcd6d6bbd3715b44ca#1993,0,1884
20030228_easy_ham/01995.cdffea988c8a96c8ad9246306a1bd851#1994,0,1842
20030228_easy_ham/01996.042a235bff6cf2c28002f366a0014042#1995,0,1885
20030228_easy_ham/01997.854ac67a4aee0e4c65f0ba7aa8602421#1996,0,1886
20030228_easy_ham/01998.f090217aafda1257441170988ef77744#1997,0,1887
20030228_easy_ham/01999.be500ef9ae24936ccde1ec4300fb97b8#1998,0,1841
20030228_easy_ham/02000.b361c999f4744dbbdcc4b63f9136c0ec#1999,0,1842
20030228_easy_ham/02001.2c618fdfdfa2ea01d0a5b6dc936942fa#2000,0,1841
20030228_easy_ham/02002.9d050af76b119f481ac03fdfff6d2855#2001,0,1888
20030228_easy_ham/02003.0efdf5386d93ddbff346b304c637ab35#2002,0,1889
20030228_easy_ham/02004.58880d4612fa6d656058f7d919a8a931#2003,0,1841
20030228_easy_ham/02005.6dcbdb5a9ca527afb89bb80e65f94fc1#2004,0,1890
20030228_easy_ham/02006.e6e362eb554a8cebfec08a622aa57ade#2005,0,1842
20030228_easy_ham/02007.56f76b49333a3f97e5464dd8dc0cc419#2006,0,1891
20030228_easy_ham/02008.457f36e690db26cbdfcffbc4a97aaa86#2007,0,1892
20030228_easy_ham/02009.905783cbb4da8e14c78b45e7e22a024c#2008,0,1893
20030228_easy_ham/02010.19960a552d8fcac95ee22e40089b65d6#2009,0,1850
20030228_easy_ham/02011.2ff6e35252bc54d7c4d2a88902985c24#2010,0,1894
20030228_easy_ham/02012.8ae061c514b0ac3666a3c468bae38b8b#2011,0,1842
20030228_easy_ham/02013.63c8067b2baa06b3d1b0e4703f242080#2012,0,1841
20030228_easy_ham/02014.9bd5595bc7eb6aa723a125b1c4597af7#2013,0,1895
20030228_easy_ham/02015.3eb2d99abc124ddf8e557c21412b7c1a#2014,0,1896
20030228_easy_ham/02016.bee6489a5881c10f72f8fc9ed69647c7#2015,0,1897
20030228_easy_ham/02017.0fa26737f69e42fbd91df35b8c40798d#2016,0,1841
20030228_easy_ham/02018.da7863829eb2ffbc8cba0ba84e19ce19#2017,0,1842
20030228_easy_ham/02019.be738f87dbaaa59311e56b502ed7a217#2018,0,1898
20030228_easy_ham/02020.c4892988e3528bb4cd4fa0e127fb8367#2019,0,1842
20030228_easy_ham/02021.8cb448c156646bcd63bd5f4d801445fb#2020,0,1899
20030228_easy_ham/02022.5ecf975278edd8b82be5e9afaaf5f4ff#2021,0,1842
20030228_easy_ham/02023.36162b9866a8ec72ee07e96ff71b28dc#2022,0,1842
20030228_easy_ham/02024.a456c36c72668eacb428a23a0020fd77#2023,0,1841
20030228_easy_ham/02025.0beab0f85f7c33fe9fd50d2006defbfc#2024,0,1900
20030228_easy_ham/02026.e6e094c6110cbff0c3a55e0fc5c9273a#2025,0,1841
20030228_easy_ham/02027.60b6c65b051a3172d1277cae222638c7#2026,0,1901
20030228_easy_ham/02028.8bbeba8b0c9494fd378235a5ab6e0c34#2027,0,1902
20030228_easy_ham/02029.d5a4d6426d7b98b1855162933e94e489#2028,0,1841
20030228_easy_ham/02030.596414a1b7f0e928af1b40535a6cc0ca#2029,0,1903
20030228_easy_ham/02031.b9ff23aa908548b80f2a19f81b9fa700#2030,0,1842
20030228_easy_ham/02032.c9f7d8c8ebdcf626a6bbf4e2ae23a827#2031,0,1904
20030228_easy_ham/02033.7e339b1a98f4c553ca9f293b32409336#2032,0,1905
20030228_easy_ham/02034.bd799f09b362a83731ae6931a7916caf#2033,0,1906
20030228_easy_ham/02035.842dff8f82400d04db0407a2ec98881f#2034,0,1907
20030228_easy_ham/02036.ab9f23457f950a124c5b78449cc610c7#2035,0,1908
20030228_easy_ham/02037.e8c4c40b39c2c650031428e8e06d9be4#2036,0,1909
20030228_easy_ham/02038.66020ba7bdc7df1d4254b6371d688e14#2037,0,1910
20030228_easy_ham/02039.e857d7be701dfbf786040367b1a7c4ab#2038,0,1911
20030228_easy_ham/02040.fe93b48dcafdc2c4a30bd41682baa446#2039,0,1912
20030228_easy_ham/02041.cc10a7838446976226cbb91b0c89ab5d#2040,0,1913
20030228_easy_ham/02042.c31b1794eb5e8972e312ef4b14fe3c9f#2041,0,1914
20030228_easy_ham/02043.aa852e4d083325078cad6d701ffd99f7#2042,0,1915
20030228_easy_ham/02044.49050939c26d30dbc6f6c21bb5d20879#2043,0,1916
20030228_easy_ham/02045.3c41ab8c1fc88e04173c456288628c63#2044,0,1917
20030228_easy_ham/02046.4904dd6df6b17114aa4e41ed891d37a8#2045,0,1918
20030228_easy_ham/02047.58252091629643882c4fb2e260954c60#2046,0,1919
20030228_easy_ham/02048.146a986ae719349d6b6e4d5f9c0e38bd#2047,0,1920
20030228_easy_ham/02049.2ce8f1e1c26f0c95f2e72853dbf11100#2048,0,1906
20030228_easy_ham/02050.180c2df32d19ed66c26e0cf69df96622#2049,0,1921
20030228_easy_ham/02051.58e196144807bd76d7b77d4b7efb6d32#2050,0,1907
20030228_easy_ham/02052.b3ed6f4d14c22157fa06ea355abe575f#2051,0,1902
20030228_easy_ham/02053.c0f3c7c8455da887dfd0dd3f5e151eef#2052,0,1922
20030228_easy_ham/02054.56a00df5b128866454ef832ec5ce78a2#2053,0,1923
20030228_easy_ham/02055.80f7eff41824e0337e453a988ceda994#2054,0,1905
20030228_easy_ham/02056.7bc7703e40a24dda665d4ce7b0cba710#2055,0,1924
20030228_easy_ham/02057.e12a3ac5c26689c7cbf57b12acf63314#2056,0,1925
20030228_easy_ham/02058.75b61c2e1ca8c0db4f01c3ce78bf9334#2057,0,1926
20030228_easy_ham/02059.e7cb2f48474335029d7eb951c82722f4#2058,0,1927
20030228_easy_ham/02060.0b202908cd60ea1f719c700ed73f2806#2059,0,1928
20030228_easy_ham/02061.22bbc22474fdf08ca2fb5d8353675730#2060,0,1929
20030228_easy_ham/02062.c7e072e021caef4d69db2422f117acff#2061,0,1930
20030228_easy_ham/02063.eb91377a959b437f6977f0db277f30e6#2062,0,1931
20030228_easy_ham/02064.8479a2ccea9f9f503098cd53601ca0c2#2063,0,1932
20030228_easy_ham/02065.4773cf538284baa6a4b0c26e41115e8e#2064,0,1933
20030228_easy_ham/02066.90b20b7ff6897463b82a981713cbdef4#2065,0,1934
20030228_easy_ham/02067.4d2f2b0ae64c68570f08423ed43ce845#2066,0,1935
20030228_easy_ham/02068.bbd1abb5ce3c84be97f8423e631a872a#2067,0,1936
20030228_easy_ham/02069.6a2d4fb29121bc81427eb1519b5fdf9c#2068,0,1923
20030228_easy_ham/02070.5686ae05b8d5e6eb569995e3e4fb2751#2069,0,1902
20030228_easy_ham/02071.eb5bab68ff59c5d8b3261c30e92b5cde#2070,0,1937
20030228_easy_ham/02072.d62917c72ae68ea3b426ad9c063e461d#2071,0,1905
20030228_easy_ham/02073.1b332bbccca72969c7af61749d0f3b4c#2072,0,1910
20030228_easy_ham/02074.c21a64b241c67b1b9b647c20f9b768aa#2073,0,1938
20030228_easy_ham/02075.5273c4e858a891ff02f032381abbab4b#2074,0,1939
20030228_easy_ham/02076.b889755182f3dbd673ff2164775d8c61#2075,0,1940
20030228_easy_ham/02077.b414e742b034b2ac1a59abf3c64b4c18#2076,0,1922
20030228_easy_ham/02078.bb5e15e013281b062bbbefee2244b90e#2077,0,1906
20030228_easy_ham/02079.a265ac9e0309b96f745562b578a95208#2078,0,1941
20030228_easy_ham/02080.dada2901a28c2e2eb93daad554ff9e0e#2079,0,1942
20030228_easy_ham/02081.c1f8bb9aaaffa5ece4200abaa1eef28e#2080,0,1917
20030228_easy_ham/02082.88d2cf1c1b7a9e8fa24712699f8021d1#2081,0,1918
20030228_easy_ham/02083.7f857949a544c14d1ce9083b355ab9dd#2082,0,1907
20030228_easy_ham/02084.fa79aeac6edde944f05e95d07b13751b#2083,0,1943
20030228_easy_ham/02085.fff553bbd7afbe7514d53ee72c3a0f96#2084,0,1944
20030228_easy_ham/02086.cce6b354269ae66f536b1e04b16a4197#2085,0,1945
20030228_easy_ham/02087.1d6e87f2e6e97b044d7c4955a1e394a1#2086,0,1946
20030228_easy_ham/02088.17edeee5193df341ff427a8b9b20aadf#2087,0,1947
20030228_easy_ham/02089.66f20c124425295959478a681acebb98#2088,0,1948
20030228_easy_ham/02090.b0f0c24b38c70a02ab6cd7d3d9a5ede7#2089,0,1949
20030228_easy_ham/02091.a8d680784cab21286b3061455a5417f4#2090,0,1842
20030228_easy_ham/02092.8d8d4dc1b4aca7317182db0d5deb3504#2091,0,1950
20030228_easy_ham/02093.469eb0b68209dad7e394d169f24f52d5#2092,0,1842
20030228_easy_ham/02094.52be9f01821142f5765e27d7da4d98c2#2093,0,1951
20030228_easy_ham/02095.3a693b19dba1a74951afa2302b39c23a#2094,0,1841
20030228_easy_ham/02096.6666e73fdf554a7c90fe9713625939f5#2095,0,1842
20030228_easy_ham/02097.7804042a511a199b02f3da79a05d54c2#2096,0,1952
20030228_easy_ham/02098.96a584164de1918fe146c1ef4012182e#2097,0,1953
20030228_easy_ham/02099.b813af8263b207105cc291c890dd6a4b#2098,0,1954
20030228_easy_ham/02100.9e565da6180ec3bcba22c6de299c27a6#2099,0,1955
20030228_easy_ham/02101.295cc5ef152533e232130931e8967fbc#2100,0,1842
20030228_easy_ham/02102.1c6772318e1a478b7363393023e8615d#2101,0,1956
20030228_easy_ham/02103.965d43603c70557c5b97202ad556ab1e#2102,0,1957
20030228_easy_ham/02104.aecac880ad87b5a3e10b11414fe66746#2103,0,1958
20030228_easy_ham/02105.4b566a220773c7dfde49b30a87949d22#2104,0,1842
20030228_easy_ham/02106.32e64793fdc81898147d99f0f6088022#2105,0,1850
20030228_easy_ham/02107.02e8d908f24817692efb25a72094385a#2106,0,1842
20030228_easy_ham/02108.26f65a28cfd5799070536a2e9b24b62b#2107,0,1923
20030228_easy_ham/02109.c30c0a19444ebb469f7985e56cd2c3e0#2108,0,1841
20030228_easy_ham/02110.0d93f1c3cade1575f248f9291fb0e505#2109,0,1850
20030228_easy_ham/02111.b9e939730374567a02cc9163ad2bdae9#2110,0,1959
20030228_easy_ham/02112.cb5394bfccf5142a80f06383c4e8864d#2111,0,1960
20030228_easy_ham/02113.9c60c7a3fdfda46f4a2946ac84a2b368#2112,0,1841
20030228_easy_ham/02114.c0b6a6fc087fc1f489402941ee3ccaa2#2113,0,1842
20030228_easy_ham/02115.ec06cd38c70f03bea7521625fbb3a370#2114,0,1842
20030228_easy_ham/02116.ef7558c9207d8d3fd813506328130c92#2115,0,1961
20030228_easy_ham/02117.5633de8a0bbffe95762840affd0986c9#2116,0,1962
20030228_easy_ham/02118.bb124ff787bb569dc9f12eb6c9995ce4#2117,0,1841
20030228_easy_ham/02119.b25cd2dcf356da11d164e24384634f4d#2118,0,1841
20030228_easy_ham/02120.335e5984c47786e3ebf25a2b2b8df23b#2119,0,1842
20030228_easy_ham/02121.a3d7ff79d23212690ebf4252a79ce4ef#2120,0,1963
20030228_easy_ham/02122.22ce726bf257299808d6ee1092e1021c#2121,0,1964
20030228_easy_ham/02123.aa6a294680d57c8c1841e0ffa52943ad#2122,0,1841
20030228_easy_ham/02124.6bdfa74ca5ba8137a6e3cb9e239da331#2123,0,1965
20030228_easy_ham/02125.65dd6c7fa2821edf108878b7d8358659#2124,0,1966
20030228_easy_ham/02126.a174877fa2d5b42dc9f546fb730a1bba#2125,0,1841
20030228_easy_ham/02127.ad63b18b0cad3b4fcda7e9027f962053#2126,0,1910
20030228_easy_ham/02128.6145f76cb91b506940866355a81e3e05#2127,0,1967
20030228_easy_ham/02129.6b9fb6fade127a4657fb25ec86f96399#2128,0,1842
20030228_easy_ham/02130.88ee51a6832ac1e8177adc4421f6d519#2129,0,1968
20030228_easy_ham/02131.bdbca1d0e61528e8b86d759dedc06665#2130,0,1842
20030228_easy_ham/02132.e928b9a7c9ef61c237c9c4436c915883#2131,0,1841
20030228_easy_ham/02133.fa79ba4d4cc50dc7a06841fac00bae2f#2132,0,1905
20030228_easy_ham/02134.be73ba19e760b16a8aaf67fa400e093e#2133,0,1969
20030228_easy_ham/02135.1164b8ba39eb3436bb354c2ff643c609#2134,0,1970
20030228_easy_ham/02136.e5c8edd8057c6d595eb368cde9a8aa41#2135,0,1971
20030228_easy_ham/02137.eeb2c9168c0f339904baf7c8099bf9c2#2136,0,1972
20030228_easy_ham/02138.11d7e5296b32d42edecffd41e9ea4405#2137,0,1841
20030228_easy_ham/02139.cd47d59fadf3820279deae89a3c9647b#2138,0,1922
20030228_easy_ham/02140.ccabcb71ece6c0835518e4c7900ef94b#2139,0,1973
20030228_easy_ham/02141.231d4ce2138a09cb98710f20f5e65765#2140,0,1974
20030228_easy_ham/02142.5e6033b9cc15ca182478cf380cbb60f7#2141,0,1975
20030228_easy_ham/02143.dd0f85f71161b073aa383206a584fd9e#2142,0,1841
20030228_easy_ham/02144.9288d3523cb8cb036f166e3b69c7ce05#2143,0,1841
20030228_easy_ham/02145.61ad4950ae2ed9433d6b7d54b6f1aea7#2144,0,1841
20030228_easy_ham/02146.08b5ca9cb17ad30a0295e17560307aeb#2145,0,1841
20030228_easy_ham/02147.755e772a933ae1f7a6311e10bb298532#2146,0,1976
20030228_easy_ham/02148.b1943afbb4ceeb22287a67baa3ccd266#2147,0,1977
20030228_easy_ham/02149.1c0281a08a6b3ae2ba66d79e3beaf032#2148,0,1978
20030228_easy_ham/02150.8afb54d691650381863620864dc83f29#2149,0,1842
20030228_easy_ham/02151.d9959f781f817fad004ae40eda5f7748#2150,0,1979
20030228_easy_ham/02152.8df514c41920019281f8f0723dad0001#2151,0,1980
20030228_easy_ham/02153.3b412c75b49b69f16d96132f9d71e434#2152,0,1902
20030228_easy_ham/02154.ff5a0262e2def432790ad7c13deb190e#2153,0,1842
20030228_easy_ham/02155.bda8d6fe384d01fbd2bf35694c5f8d07#2154,0,1841
20030228_easy_ham/02156.74c1dcd4f27d57b0ffe636326f652c5b#2155,0,1842
20030228_easy_ham/02157.931d22174434be3dd5356fb201196654#2156,0,1841
20030228_easy_ham/02158.8bf79606e0b4c729519937615b0fb494#2157,0,1841
20030228_easy_ham/02159.3b7200492cf429f50cf6668efb36177f#2158,0,1841
20030228_easy_ham/02160.c5ef0a4f48766c7209928b8959200f2e#2159,0,1917
20030228_easy_ham/02161.4b942bb106ecf89f8cec2699e8a9a7be#2160,0,1841
20030228_easy_ham/02162.a1a481752dd8f6db2d81b0c27866b2e3#2161,0,1981
20030228_easy_ham/02163.39e9d518b4d551f900e959eb7345fc74#2162,0,1918
20030228_easy_ham/02164.9811123409bd1868ffa612e9ac926233#2163,0,1982
20030228_easy_ham/02165.5a53a5143f3c5a2caa499f831f29f2a8#2164,0,1907
20030228_easy_ham/02166.13587bcaeaf8c5c3c8b234e4ab90bc40#2165,0,1842
20030228_easy_ham/02167.2c54db4de2163fee22c21095780fb2c8#2166,0,1906
20030228_easy_ham/02168.7553183780de52538cc77ddc247af5b6#2167,0,1841
20030228_easy_ham/02169.5424cc156b999457273d8f8d8f630093#2168,0,1842
20030228_easy_ham/02170.0a3dd712120a37116a51102cb8d7e5f8#2169,0,1983
20030228_easy_ham/02171.b9bc07d8d041e3fb2f0a75999eb36e16#2170,0,1984
20030228_easy_ham/02172.f45a282de760a30c7f201e6dc79aeba5#2171,0,1985
20030228_easy_ham/02173.e732f964a266e408f2ba0b5ded6f867c#2172,0,1986
20030228_easy_ham/02174.972ad84526db8315392111259bd7eec1#2173,0,1987
20030228_easy_ham/02175.05074ef986eed2c7c332b0cba9c6dabb#2174,0,1988
20030228_easy_ham/02176.13aebc7d3e5c0db9f362f97ddcfb8bf5#2175,0,1989
20030228_easy_ham/02177.271ffe8f601916de07520b23fe0d0921#2176,0,1990
20030228_easy_ham/02178.efa76e272d764da2a8392d836722e5f9#2177,0,1991
20030228_easy_ham/02179.1aea6799b3c33b025767ad498891bb4e#2178,0,1992
20030228_easy_ham/02180.634c51a827a89348307b598dda197cdf#2179,0,1993
20030228_easy_ham/02181.a7e15d16987b4db753c47d2ad7ebc84e#2180,0,1994
20030228_easy_ham/02182.eca8f053ffd4f6353722c98c07ce781e#2181,0,1995
20030228_easy_ham/02183.37c8e1fc380f9d2db2421ac4c1bdbe4a#2182,0,1996
20030228_easy_ham/02184.63621c20176bcd2a19a94a1a99042740#2183,0,1997
20030228_easy_ham/02185.cb5555815172c9f244e7e5da118fbcdc#2184,0,1998
20030228_easy_ham/02186.1c49e48d3f59c54735464569429dfd1e#2185,0,1999
20030228_easy_ham/02187.3f8ea19249f46d941671b62c7a43ca0b#2186,0,2000
20030228_easy_ham/02188.3a31f5febb420d22b9ee986c4994591d#2187,0,2001
20030228_easy_ham/02189.87c2e44a35ec0e62b20783d9a29d5c5e#2188,0,2002
20030228_easy_ham/02190.92b3abc7fadd16370cbc516dcc0d0152#2189,0,2003
20030228_easy_ham/02191.f0e2c0d69eb3c4571a1b656b2b787003#2190,0,2004
20030228_easy_ham/02192.41f1b8c296ad29aad5d34d66834cb265#2191,0,2005
20030228_easy_ham/02193.cf0b191c8de7d71019c017994531b644#2192,0,2006
20030228_easy_ham/02194.169397b29153e7036c63ca030b0ebd2e#2193,0,2007
20030228_easy_ham/02195.6b277d940aa10f421b1eb0aa9b540e50#2194,0,2008
20030228_easy_ham/02196.9b6d21c546d5814dc10c9f87b1bfd945#2195,0,2009
20030228_easy_ham/02197.8ff83816cea0884898d358cd0423b356#2196,0,2010
20030228_easy_ham/02198.c08bebb7e1d24a5175846ab55fa47fd3#2197,0,2011
20030228_easy_ham/02199.663c7327f5f9c7aa46d0fc56fbb68208#2198,0,2012
20030228_easy_ham/02200.2f5bbdb813d3a4f97b7191e764e1ce61#2199,0,2013
20030228_easy_ham/02201.1eb2f7b1a998eb4e08c50f05312b48bd#2200,0,2014
20030228_easy_ham/02202.fd6cdebf0762194039aed87bb12a8cc9#2201,0,2015
20030228_easy_ham/02203.b3cd1f66645417a8b3efee0c73dc38ac#2202,0,2016
20030228_easy_ham/02204.ecd97a0ec1b96cb73d8a6765a6cd03cc#2203,0,2017
20030228_easy_ham/02205.ecb148571da605047c076185be6a53ea#2204,0,2018
20030228_easy_ham/02206.ea5ab2238a2d2a4eb62debb104235086#2205,0,2019
20030228_easy_ham/02207.fd9ab7028cda31c1fb223b220113395b#2206,0,2020
20030228_easy_ham/02208.b6600296e30c947432d10f7b0999638b#2207,0,2021
20030228_easy_ham/02209.af015c8af7d05a011604be64d0417ed7#2208,0,2022
20030228_easy_ham/02210.6af0d0f1a0499de6f7774e321080c1c7#2209,0,2023
20030228_easy_ham/02211.06ce65e84569f2a40763e9c9ac2ee6cc#2210,0,2024
20030228_easy_ham/02212.87cbd6ee3c8396df8af3e85edbc62a43#2211,0,2025
20030228_easy_ham/02213.c2bba9fc586632714938a0bf1180b74f#2212,0,2026
20030228_easy_ham/02214.e7a51ad65f79d62757fd8a468952934a#2213,0,2027
20030228_easy_ham/02215.7378c7c75e977c87de39e8b48291c8b7#2214,0,2028
20030228_easy_ham/02216.ca589f9f9e1aed8d827e21bacfc5f86c#2215,0,2029
20030228_easy_ham/02217.480e180ae8976cf6457850fd1ec9eaee#2216,0,2030
20030228_easy_ham/02218.f615f1b7360b9a22a0c9387f285a5af0#2217,0,2031
20030228_easy_ham/02219.ac02d646e0a69417b46a3f0f475952f2#2218,0,2032
20030228_easy_ham/02220.4280613b5d6f26a438b380b45b10c833#2219,0,2033
20030228_easy_ham/02221.879d8772739a56d751f60d43900609a2#2220,0,2034
20030228_easy_ham/02222.9bef51f7af05a6b348a6b696c687c23f#2221,0,2035
20030228_easy_ham/02223.ceda95b7f82b5015e11a6eedcb50378b#2222,0,2036
20030228_easy_ham/02224.4f3f70256587197ca97a89d947bb3059#2223,0,2037
20030228_easy_ham/02225.fbb50abca97a353460a3adbfa26b0353#2224,0,2038
20030228_easy_ham/02226.f0d35bc5878e743c176afbe9b51dc8d2#2225,0,2039
20030228_easy_ham/02227.bc3b678dc7d0e59974fd2d2bfccfc21f#2226,0,2040
20030228_easy_ham/02228.af711080d4eb57589dbdae3ebb10cd83#2227,0,2041
20030228_easy_ham/02229.22705c47166ea4c8a659bb0b0853c121#2228,0,2042
20030228_easy_ham/02230.83d29be67d33b60cfc25c55a8a7d2c16#2229,0,2043
20030228_easy_ham/02231.f2e821bac37b113fc3e095f4f597d81d#2230,0,2044
20030228_easy_ham/02232.5b851f21174e8a172cdeb2c4fac519fd#2231,0,2045
20030228_easy_ham/02233.371bfe54c9b2da2ccdf0011da37af005#2232,0,2046
20030228_easy_ham/02234.532c6dfa80ade100533cafbdea1fe348#2233,0,2047
20030228_easy_ham/02235.d38f9dc34f5f3148e20d0405f31b29f7#2234,0,2048
20030228_easy_ham/02236.46b510d2f030ddaa7bcc52ef26535bae#2235,0,2049
20030228_easy_ham/02237.eb8f3fdf220396347b7d8a454fb9c330#2236,0,2050
20030228_easy_ham/02238.f3ef4b4b526ba634c07afc13952005c6#2237,0,2051
20030228_easy_ham/02239.ec845653f8827026a27cb4f5f1c6fb91#2238,0,2052
20030228_easy_ham/02240.fe7a1b134c52afd2b9a666ee65e789cb#2239,0,1987
20030228_easy_ham/02241.aaefd69aeb045921a2c82a01c13d225d#2240,0,2053
20030228_easy_ham/02242.069e8b99ee8a2d62ec97d0e9d389aa5f#2241,0,2054
20030228_easy_ham/02243.38fa5e851222887cd610d694989414d5#2242,0,2055
20030228_easy_ham/02244.ec757949204665ad24fa1a091258fe86#2243,0,2056
20030228_easy_ham/02245.665f72308396aa60a33375e5834de93c#2244,0,2057
20030228_easy_ham/02246.b353269018884d01ee252bca5bd419ef#2245,0,2058
20030228_easy_ham/02247.3e6230c66e51a61da5401d91d914f466#2246,0,2059
20030228_easy_ham/02248.63dc24958fcab409ff3ea0484ee44c4c#2247,0,2060
20030228_easy_ham/02249.69c4a67fc3122f5f47bb86de4d3c2872#2248,0,2061
20030228_easy_ham/02250.f947b89c1c14ac1d0e806219ad0d2161#2249,0,2062
20030228_easy_ham/02251.d49946be522e8f8b9e639efde9bbf1fd#2250,0,2063
20030228_easy_ham/02252.ebbd0ad5e87fe492f43719803a2f7360#2251,0,2064
20030228_easy_ham/02253.d5c5abb3f43de2d174990b4cc271ab5a#2252,0,2065
20030228_easy_ham/02254.a9356b1df0e51b1825e6339f9d1f42bd#2253,0,2066
20030228_easy_ham/02255.0c14a8144617b63d1f36d8e2b66f392d#2254,0,2067
20030228_easy_ham/02256.85f12e332ce4720e3ee4b91ee62c5298#2255,0,2068
20030228_easy_ham/02257.1a05802599dcab3a54d36deb369f8b37#2256,0,2069
20030228_easy_ham/02258.30db9327f0a0591eda268a3dd46a42a5#2257,0,2070
20030228_easy_ham/02259.75e1cd5cf4a8857fb04b58ff179bed51#2258,0,2071
20030228_easy_ham/02260.6d015856826faa40edaba42f20a69cc5#2259,0,2072
20030228_easy_ham/02261.cb19fd83782c6695c1172e21a4c72826#2260,0,2073
20030228_easy_ham/02262.eb4d98f3705c995154ee6c778957e4c4#2261,0,2074
20030228_easy_ham/02263.6bdea10315e48c5f22133ac71e43488b#2262,0,2075
20030228_easy_ham/02264.2d1e4f4cd87e96f5ac2f24c992b59e2a#2263,0,2076
20030228_easy_ham/02265.40b76de637202cfef4db6f2d48508282#2264,0,2077
20030228_easy_ham/02266.dc8353bea2a93134f0e947ec60106c32#2265,0,2078
20030228_easy_ham/02267.411e9ce8e8de3ee987f22ab7ce7fc008#2266,0,2079
20030228_easy_ham/02268.4453eaf85c9daec0bb335986e639dbaa#2267,0,2080
20030228_easy_ham/02269.ee87871a0b0364173f13977f058f3e19#2268,0,2081
20030228_easy_ham/02270.860a99063549ce66ec006fa54cf23720#2269,0,2082
20030228_easy_ham/02271.713bd681f26262b9af956f74fa3f5719#2270,0,2083
20030228_easy_ham/02272.3f911ccf260be36f08868f4540332f6f#2271,0,2084
20030228_easy_ham/02273.261b1d4fc305dcb4e604790d2e2d5bb0#2272,0,2085
20030228_easy_ham/02274.d25fe5d3adc798112cd281bd89d642db#2273,0,2086
20030228_easy_ham/02275.076ff76b138aa30d495a07d0fe3461bc#2274,0,2087
20030228_easy_ham/02276.5f58a304eeaaffc11013d50b3752243b#2275,0,2088
20030228_easy_ham/02277.f693b982e015112a922d663557266509#2276,0,2089
20030228_easy_ham/02278.5681f9fd02e38391b917d4623ff9d198#2277,0,2090
20030228_easy_ham/02279.4592a8960372d98328df98397554306a#2278,0,2091
20030228_easy_ham/02280.db9948c9442aa9465d50aa344043ab74#2279,0,2092
20030228_easy_ham/02281.0c788946658a7633490bd31043cc513e#2280,0,2093
20030228_easy_ham/02282.600d0cbbcde2ef57a436ea913c7b4dd6#2281,0,2094
20030228_easy_ham/02283.e7e38a2cdd5a04ea9543e8173653bd07#2282,0,2095
20030228_easy_ham/02284.3bab45e6a7f377869d7856d8c1692b59#2283,0,2096
20030228_easy_ham/02285.55daa852c99a6745283e6917b27e4600#2284,0,2097
20030228_easy_ham/02286.a21741fc63dabc4454c8d5140d559b22#2285,0,2098
20030228_easy_ham/02287.05088931220174dcef44fd30efb3616d#2286,0,2099
20030228_easy_ham/02288.bea4bfd2ffe3c40c427cd9c579ea4252#2287,0,2100
20030228_easy_ham/02289.06bd7baa07bfb24600299b47b78abe33#2288,0,2101
20030228_easy_ham/02290.63a40c780fe1f8e771f62473dc3dce0b#2289,0,2102
20030228_easy_ham/02291.c5c8900bccc84c58cfb6d73ab1b678c6#2290,0,2103
20030228_easy_ham/02292.bde66349816068e3b4b5a8914e99097c#2291,0,2104
20030228_easy_ham/02293.2ae2c667486323afb16d109b406b8783#2292,0,2105
20030228_easy_ham/02294.93bf98f2c25739805c0e8cae23f9dc55#2293,0,2106
20030228_easy_ham/02295.d6c2920e31d10893221d58aa148719c1#2294,0,2107
20030228_easy_ham/02296.09d0ea0aa1638ab3e2dbbe4aae06b21b#2295,0,2108
20030228_easy_ham/02297.a0f08a4cc518d9c666dffef38f4b3076#2296,0,2109
20030228_easy_ham/02298.501991b65594ba4937fc54a5c23ee1c3#2297,0,2110
20030228_easy_ham/02299.e0ae6c52e1cd301952051809eb5245ea#2298,0,2111
20030228_easy_ham/02300.fbd28368d45456c91e57afc5b5a5817a#2299,0,2112
20030228_easy_ham/02301.a12a68c684b8c32e4f93cf6628e9eb5c#2300,0,2113
20030228_easy_ham/02302.6b0e60535c666317d676c81aeea21f4f#2301,0,2114
20030228_easy_ham/02303.7bc2a5bbe2ab0578f966b85eabb3a35b#2302,0,2115
20030228_easy_ham/02304.90b0a5f1bd3ab6a9dde682a954ec1734#2303,0,2116
20030228_easy_ham/02305.7955c4d9b3bc15c0881298fd27e35889#2304,0,2117
20030228_easy_ham/02306.73f5f4ae7ecc1258584e96b1138987e3#2305,0,2118
20030228_easy_ham/02307.d9d5e8536e4c12d3571e099f5fec2d07#2306,0,2119
20030228_easy_ham/02308.0fa0a0b2d072a7d8f863c0fe5b34045e#2307,0,2120
20030228_easy_ham/02309.cb91e69b3d4d562c5f7f1402fa84f108#2308,0,2121
20030228_easy_ham/02310.b23c6ea3aaef834945f3f11c155d238a#2309,0,2122
20030228_easy_ham/02311.09366d71e6cc084f7a077d7df92b4287#2310,0,2123
20030228_easy_ham/02312.892bf166595db14c451d16204076c24f#2311,0,2124
20030228_easy_ham/02313.792888aeb3a4fdd1adcbbb094959714c#2312,0,2125
20030228_easy_ham/02314.608313fbd690f2d120b68c894333a134#2313,0,1890
20030228_easy_ham/02315.b64bfd78655623c6d47856cea12a9182#2314,0,2126
20030228_easy_ham/02316.983d961f8f303f41897dd82ad4542f4b#2315,0,2127
20030228_easy_ham/02317.942204d4fb105bda92c73930fdf9235f#2316,0,2128
20030228_easy_ham/02318.48d402a51963b3fe7e43da0bd4ec8c50#2317,0,2129
20030228_easy_ham/02319.59d9edb59decb975831e89c07330dbf0#2318,0,2130
20030228_easy_ham/02320.9d983e803c0325063c06097d7bb4b3f1#2319,0,2131
20030228_easy_ham/02321.0982ccadf7cc01460bc93bdebb833034#2320,0,2132
20030228_easy_ham/02322.302cf0b8480d647482d266ecca5497b4#2321,0,1845
20030228_easy_ham/02323.dbe22daff2cf3e9c7aa284ec961481c4#2322,0,1889
20030228_easy_ham/02324.939312dace3fd8b6b3d2d1116cd83024#2323,0,2133
20030228_easy_ham/02325.95960d8f09ba654e65217297bb9cd0c7#2324,0,2134
20030228_easy_ham/02326.efbe943cacc775a6dc2b384350195fb8#2325,0,2135
20030228_easy_ham/02327.32e1253fcbec3d879b9cf8acb9aee1aa#2326,0,2136
20030228_easy_ham/02328.3ee8aa6fb89a74f63d2be89404554cd1#2327,0,1847
20030228_easy_ham/02329.26c7e9813ea8b29dce213bc8275e2904#2328,0,2137
20030228_easy_ham/02330.5c2ab6791a51f161fd09d889ad5144f3#2329,0,2138
20030228_easy_ham/02331.20925f3659cfea80ba7be52b3c379524#2330,0,2139
20030228_easy_ham/02332.e40c30e2449d14172a3319197b5886f7#2331,0,2140
20030228_easy_ham/02333.2a59c82074b44c35e79462984c8f8d9d#2332,0,2141
20030228_easy_ham/02334.742721e46b366730e9669b47f77a7f8e#2333,0,2014
20030228_easy_ham/02335.1e8a1512670aba127c43ac4d297a1884#2334,0,1892
20030228_easy_ham/02336.13de9eccd455085a1ff722dc09a059a3#2335,0,2142
20030228_easy_ham/02337.ad6e6743b8b59611fe9a4961c3192dfc#2336,0,2143
20030228_easy_ham/02338.069cf2dc77bb733ae5f864b7ad17868d#2337,0,2144
20030228_easy_ham/02339.6a217c7473a881cc0d68a2c1617722e4#2338,0,2145
20030228_easy_ham/02340.de68a83f900418f6cde87bdf92801f73#2339,0,2146
20030228_easy_ham/02341.024003ab6c0a1f22f449b8c991d2d69c#2340,0,2147
20030228_easy_ham/02342.fb90b37c6a682e01e61c9da213e727b7#2341,0,2148
20030228_easy_ham/02343.5e52d740e7107ba7278b6d8451c2e181#2342,0,2149
20030228_easy_ham/02344.9fc799c5b2dcdbc98f22ad3d6cb15c17#2343,0,2150
20030228_easy_ham/02345.52eedf6f431a61908c62a4d561e655fe#2344,0,2151
20030228_easy_ham/02346.2fb10027326d7f45655131a42b2fac69#2345,0,2152
20030228_easy_ham/02347.db1c7895dd0bb6691993728cbc54423e#2346,0,2153
20030228_easy_ham/02348.3391838baa191517da63530666cc516c#2347,0,2154
20030228_easy_ham/02349.2043804e03b68a6d09f3a08e6a9ec7d6#2348,0,2155
20030228_easy_ham/02350.b8ed9b115e8d8e0fb8db75b855d184c3#2349,0,2156
20030228_easy_ham/02351.d6b3bc2bb32bd4a790e07be3bc9c8bb0#2350,0,2157
20030228_easy_ham/02352.7e2d173161b2e106f6ebf8bdce836b82#2351,0,2158
20030228_easy_ham/02353.d1d5be2d594526feaefe01119c9b114e#2352,0,2159
20030228_easy_ham/02354.3be731874b373f98e66b3254f75a30b6#2353,0,2160
20030228_easy_ham/02355.72b763dd3d17e12d274177c333863200#2354,0,2161
20030228_easy_ham/02356.e517c740ad66697bba95a671d902563f#2355,0,2162
20030228_easy_ham/02357.8bb1da478aac76b57282a9305b11c81a#2356,0,2163
20030228_easy_ham/02358.1a83ca0239ea10a6b2b19e5b3ef8a01a#2357,0,2164
20030228_easy_ham/02359.63b4bf64205944352697f4dd2a731c77#2358,0,2165
20030228_easy_ham/02360.e0e26457785f0c6b622dd5b94996ced9#2359,0,2166
20030228_easy_ham/02361.68fa77659ad7611f8bcad48d030a3039#2360,0,2167
20030228_easy_ham/02362.00b2a07a8d70813c728bd210ee511a0f#2361,0,2168
20030228_easy_ham/02363.bbded22e51204b9d7cd1a7e2df26efc3#2362,0,2169
20030228_easy_ham/02364.30b936d4dfbe3edf7fdadf0a0c1ffd10#2363,0,2170
20030228_easy_ham/02365.e74194f171d02137cba0548d118aed05#2364,0,2171
20030228_easy_ham/02366.27ba8f494336f24905ffd95e1b139438#2365,0,2172
20030228_easy_ham/02367.d5ef41d805a4ae9381ae279bbfbce1a8#2366,0,2173
20030228_easy_ham/02368.e7f41e5cdd25ad10fba7c09915e39e25#2367,0,2174
20030228_easy_ham/02369.c227dfdc5a8086022f67503580b48b96#2368,0,2175
20030228_easy_ham/02370.7d8fb2144e17272cb6984c42af313d9c#2369,0,2176
20030228_easy_ham/02371.32a223c606465d39cb1788f4dde71017#2370,0,2177
20030228_easy_ham/02372.ba6a7288c11b60bd92e3245c76652846#2371,0,2178
20030228_easy_ham/02373.45f4057eab005d140507e72867f7a3c0#2372,0,2179
20030228_easy_ham/02374.71b4f1f5c95ebd79a8ce656bb350282b#2373,0,2180
20030228_easy_ham/02375.edeb9041e87f72ee99fa802021017fc2#2374,0,2181
20030228_easy_ham/02376.413750be8a48807a2f7235dd48867fe9#2375,0,2182
20030228_easy_ham/02377.7dcfe4965c5a7dda43574d0f74d29cff#2376,0,2183
20030228_easy_ham/02378.ff357ba03232ac47ae4cbdf1a770cfc4#2377,0,2184
20030228_easy_ham/02379.dc53ca4837452561724dbf9afd8a52b9#2378,0,2185
20030228_easy_ham/02380.25e823fa7a52cdd64be4b53caf862f34#2379,0,2186
20030228_easy_ham/02381.e00a6c4a6d57003d10e0df8dc65e1b8b#2380,0,2187
20030228_easy_ham/02382.eb2484cdedd309cd6d94fdc9731ef5c5#2381,0,2188
20030228_easy_ham/02383.833224f74156975eb4364e6a4ddf9a0a#2382,0,2189
20030228_easy_ham/02384.1833d9d553ee4c2bf37bfedb952a1424#2383,0,2190
20030228_easy_ham/02385.f62055b86361f86a511971dfcbe54fd6#2384,0,2191
20030228_easy_ham/02386.50c399343f4145ea32f5c5e6828ce2bb#2385,0,2192
20030228_easy_ham/02387.9d5f4f48c229943053ee40235b3fd75c#2386,0,2193
20030228_easy_ham/02388.065b9450504ae5c247c966660fd297e1#2387,0,2194
20030228_easy_ham/02389.bf7ec2ae6243dab5dfc26c3f31c25b2a#2388,0,2195
20030228_easy_ham/02390.e9c19167c2abb222ddb6ecd1ec91a048#2389,0,2196
20030228_easy_ham/02391.96819f50982c2bbe2b1bcb5ac241d2a9#2390,0,2197
20030228_easy_ham/02392.5cfa16e5b6c7712e109a845b8fed4949#2391,0,2198
20030228_easy_ham/02393.fd8a3a8ebc19951bcfb868ead80f0a49#2392,0,2199
20030228_easy_ham/02394.be97a45948bd954bae8fe8489de926f0#2393,0,2200
20030228_easy_ham/02395.ff44e9fcba3b3fb6541d320cde0831a1#2394,0,2201
20030228_easy_ham/02396.0a7da4e5438d7316dd2fa1cf838dce13#2395,0,2202
20030228_easy_ham/02397.87db84626f7e5927b6fabc96e6be2b2e#2396,0,2203
20030228_easy_ham/02398.799b8be8a8ee865c6dfd22989e77a7c0#2397,0,2204
20030228_easy_ham/02399.80c1a552b08b3c77ded87e0b3de97c8e#2398,0,2205
20030228_easy_ham/02400.e033408c1d071abb62c3a1322a87bd67#2399,0,2206
20030228_easy_ham/02401.015271d0ec5160083028b8644b9d8e55#2400,0,2207
20030228_easy_ham/02402.7f699b32ac5965e5086d82b4199ba461#2401,0,2208
20030228_easy_ham/02403.e2243f5db10d146f2b44dbb87159cc88#2402,0,2209
20030228_easy_ham/02404.da865baa8492a392d7a5a035f0d3b7a0#2403,0,2210
20030228_easy_ham/02405.09deeb2c650f3f44789439c91e2d0a62#2404,0,2211
20030228_easy_ham/02406.7d974783ba62923eef75300a9420a42e#2405,0,2212
20030228_easy_ham/02407.204ec9176022e4c98300ba4f7c02cb7b#2406,0,2213
20030228_easy_ham/02408.782df84d9981b7c54dc46f5cd5695969#2407,0,2214
20030228_easy_ham/02409.2685d37952e55aa12a8dd07dc11c24b8#2408,0,2215
20030228_easy_ham/02410.1e210a6beee21bbc102e8a45e80e7f2a#2409,0,2216
20030228_easy_ham/02411.cb3baadc8219b02864983eef1fc2785e#2410,0,2217
20030228_easy_ham/02412.23b29d8b8bea2c522888d2344a6b971b#2411,0,2218
20030228_easy_ham/02413.097c8ce1cfe27aa9d219e7bba451b36f#2412,0,2219
20030228_easy_ham/02414.7f6f9056fa659fb7a11febc394974506#2413,0,2220
20030228_easy_ham/02415.0d9e7688dc9d051d9493f809b64821a1#2414,0,2221
20030228_easy_ham/02416.d382623221b581302dce05f3ade9573e#2415,0,2222
20030228_easy_ham/02417.0a5253a87a7a62db85836c45d2446c18#2416,0,2199
20030228_easy_ham/02418.a437a22a14db25e4a04a3940407084c0#2417,0,2223
20030228_easy_ham/02419.ade095af23802012668f4ec856bf7e63#2418,0,2224
20030228_easy_ham/02420.8189d37102e8813fe966be2840346b27#2419,0,2225
20030228_easy_ham/02421.c01ed1383a70703fb52cda0db36734a4#2420,0,2226
20030228_easy_ham/02422.cdeb9f1dc58b063c7d8b14e1f5cd66d3#2421,0,2227
20030228_easy_ham/02423.1dc909c6b3be62619e6679bb3fec1ab0#2422,0,2228
20030228_easy_ham/02424.3f022ffe6f06ab63fe087756835a6315#2423,0,2229
20030228_easy_ham/02425.f6091f9f9b3594f56f1f9430b9d9e6c7#2424,0,2230
20030228_easy_ham/02426.d591c3ee3150dcbd9da22a4ed8f69c75#2425,0,2231
20030228_easy_ham/02427.ee2da8686c5acea975b56ce32314b622#2426,0,2232
20030228_easy_ham/02428.f441443c176dbaf533553dd0f4940085#2427,0,2233
20030228_easy_ham/02429.d93428d69b44bb6ca23611fe03328455#2428,0,2234
20030228_easy_ham/02430.785209e091fddfe4bce68a4bd348f088#2429,0,2235
20030228_easy_ham/02431.00d4789f409f10d1047e13e6f9138282#2430,0,2236
20030228_easy_ham/02432.529ee53cd95ce5c419495625a6727f1e#2431,0,2237
20030228_easy_ham/02433.9cfb47708291604f2c38393706175160#2432,0,2238
20030228_easy_ham/02434.37126367f2a918fead5ff8ea834cc334#2433,0,2239
20030228_easy_ham/02435.0dcf87932640d0341c61495eefe7f88f#2434,0,2240
20030228_easy_ham/02436.5821586f609075c777d251052f6534fe#2435,0,2241
20030228_easy_ham/02437.6b2d91957a295729c0c65d48eee31ec3#2436,0,2242
20030228_easy_ham/02438.46704858cc30f315ab2c937257bdf43b#2437,0,2243
20030228_easy_ham/02439.e0ab144da5d5f95e6accf8d8a84f5fd1#2438,0,2244
20030228_easy_ham/02440.cab44b8904a9df823667f58f5a018d85#2439,0,2245
20030228_easy_ham/02441.231d03774c8f1725c43fdc85fed114ef#2440,0,2246
20030228_easy_ham/02442.ebce98dea2d472fbdc7682664984af1a#2441,0,2247
20030228_easy_ham/02443.867bca40d0f04d5d12b1866ce890c6cd#2442,0,2248
20030228_easy_ham/02444.5fd7d2baf5c7b8866a9a51a4a3dbaf2e#2443,0,2249
20030228_easy_ham/02445.c8fd8c92ab5a91bbf5e94e5277a47863#2444,0,2250
20030228_easy_ham/02446.00be6d27ed9c7ded51a87830b09b1eb4#2445,0,2251
20030228_easy_ham/02447.5ecaa423bfa4ab050e5b9a0a34f6191f#2446,0,2252
20030228_easy_ham/02448.1daa1a47414fb57c4456af88204d029f#2447,0,2253
20030228_easy_ham/02449.7b52df455e5abff6fae35979800a27c0#2448,0,2254
20030228_easy_ham/02450.326fa2bec3901e1f7fe78693c0e76bce#2449,0,2255
20030228_easy_ham/02451.2d85b62408d45e219d34e55a1439f795#2450,0,2256
20030228_easy_ham/02452.22e8f668f27122f74442cd887a02be07#2451,0,2257
20030228_easy_ham/02453.ca217660d72de334fd254a8ef39ff7d2#2452,0,2258
20030228_easy_ham/02454.7015a418cb0c3ca707b8b63e267bc6a0#2453,0,2259
20030228_easy_ham/02455.8cc0169c74f4414a3be8a09dd7417450#2454,0,2260
20030228_easy_ham/02456.2d80a710374d58fdaec212af6d791179#2455,0,2261
20030228_easy_ham/02457.b9ce53f6744f6deb11a365882297639d#2456,0,2262
20030228_easy_ham/02458.fd912fbe64911a9d4549de2df559a5bf#2457,0,2263
20030228_easy_ham/02459.e4b0d8c4b8389ac7b907935718f694c9#2458,0,2264
20030228_easy_ham/02460.553f4ad4ee6fe63fb789337ab097ab97#2459,0,2265
20030228_easy_ham/02461.a1007afeb8f2a233e221a320d856ec81#2460,0,2266
20030228_easy_ham/02462.4f93bc374730a117b103d5c3a2d699f6#2461,0,2267
20030228_easy_ham/02463.4e629845ecd2756eb5f2d77868a58535#2462,0,2268
20030228_easy_ham/02464.95f59bae730edc01ce4f88d98791ffca#2463,0,2269
20030228_easy_ham/02465.ec5094d26877bc1fd048d57c0ad42aad#2464,0,2270
20030228_easy_ham/02466.b71ae3ebfc7860ad17eabdf70410279a#2465,0,2271
20030228_easy_ham/02467.b05b3925df99da2a9426f07833ce5a9d#2466,0,2272
20030228_easy_ham/02468.3ac182b2833f74c850d4bcaf63fdd347#2467,0,2273
20030228_easy_ham/02469.901d2dc268a72e42497dac1ea80d861d#2468,0,2274
20030228_easy_ham/02470.b68fe61c2cd92ceff2ab3e473fd7da0f#2469,0,2275
20030228_easy_ham/02471.18281d43dc0775e915267c2ea5170f1f#2470,0,2276
20030228_easy_ham/02472.5c879dd55c3d4171e1787e8529bbd7e1#2471,0,2277
20030228_easy_ham/02473.207afa13ad7d745dfd1344f84531ac16#2472,0,2278
20030228_easy_ham/02474.c76ffef81a2529389e6c3bbb172184d7#2473,0,2279
20030228_easy_ham/02475.9277ee243e3f51fa53ed6be55798d360#2474,0,2280
20030228_easy_ham/02476.de1d459426662492dd1235046b504c3d#2475,0,2281
20030228_easy_ham/02477.07b2069e9827cfd6f97d07eea2913d57#2476,0,2282
20030228_easy_ham/02478.40723f38488bddaf5a24ef2a91679c75#2477,0,2283
20030228_easy_ham/02479.14365bcad3a60fcf24c5c1813f6291fb#2478,0,2284
20030228_easy_ham/02480.72714df60c9be29d6f7985c777cbfc13#2479,0,2285
20030228_easy_ham/02481.176b368fe4b90682f33647d65a8b97a3#2480,0,2286
20030228_easy_ham/02482.35c166ec6a85e108ad693ea43329762f#2481,0,2287
20030228_easy_ham/02483.ab1bee02c10ddecc0e86c39eaebc2996#2482,0,2288
20030228_easy_ham/02484.32a0bca2600788be144b93cae341efbf#2483,0,2289
20030228_easy_ham/02485.ba9aebbdbec0d9fecec595eeebe5db87#2484,0,2290
20030228_easy_ham/02486.bdf90e871b673fd14f47f3fe36622742#2485,0,2291
20030228_easy_ham/02487.c2e725d509201dc30debb7bd94d07f5e#2486,0,2292
20030228_easy_ham/02488.68fed64ff8169f1505b74080bb7b6158#2487,0,2293
20030228_easy_ham/02489.85c20a6f9d75714d9f44398baeddd416#2488,0,2294
20030228_easy_ham/02490.7be0f683db6994ddd8445cdcc2eb5042#2489,0,2295
20030228_easy_ham/02491.c26245be2a5096fa86647d594561c511#2490,0,2296
20030228_easy_ham/02492.6aede44f654a1bbc60c95c7dd770e624#2491,0,2297
20030228_easy_ham/02493.f9f2870094430b7db8b0c1052b302cf1#2492,0,2298
20030228_easy_ham/02494.a14f2d3a9bef3f59aa419b03aee8f871#2493,0,2299
20030228_easy_ham/02495.5064946e77b3046873da91fc47656465#2494,0,2300
20030228_easy_ham/02496.aae0c81581895acfe65323f344340856#2495,0,2301
20030228_easy_ham/02497.60497db0a06c2132ec2374b2898084d3#2496,0,2298
20030228_easy_ham/02498.09835f512f156da210efb99fcc523e21#2497,0,2302
20030228_easy_ham/02499.b4af165650f138b10f9941f6cc5bce3c#2498,0,2303
20030228_easy_ham/02500.05b3496ce7bca306bed0805425ec8621#2499,0,2304
20030228_easy_ham_2/00001.1a31cc283af0060967a233d26548a6ce#0,0,2305
20030228_easy_ham_2/00002.5a587ae61666c5aa097c8e866aedcc59#1,0,2306
20030228_easy_ham_2/00003.19be8acd739ad589cd00d8425bac7115#2,0,2307
20030228_easy_ham_2/00004.b2ed6c3c62bbdfab7683d60e214d1445#3,0,2305
20030228_easy_ham_2/00005.07b9d4aa9e6c596440295a5170111392#4,0,2308
20030228_easy_ham_2/00006.654c4ec7c059531accf388a807064363#5,0,2309
20030228_easy_ham_2/00007.2e086b13730b68a21ee715db145522b9#6,0,2310
20030228_easy_ham_2/00008.6b73027e1e56131377941ff1db17ff12#7,0,2311
20030228_easy_ham_2/00009.13c349859b09264fa131872ed4fb6e4e#8,0,2312
20030228_easy_ham_2/00010.d1b4dbbad797c5c0537c5a0670c373fd#9,0,2313
20030228_easy_ham_2/00011.bc1aa4dca14300a8eec8b7658e568f29#10,0,2314
20030228_easy_ham_2/00012.3c1ff7380f10a806321027fc0ad09560#11,0,2315
20030228_easy_ham_2/00013.245fc5b9e5719b033d5d740c51af92e0#12,0,2316
20030228_easy_ham_2/00014.8e21078a89bd9c57255d302f346551e8#13,0,2317
20030228_easy_ham_2/00015.d5c8f360cf052b222819718165db24c6#14,0,2318
20030228_easy_ham_2/00016.bc1f434b566619637a0de033cd3380d1#15,0,2317
20030228_easy_ham_2/00017.8b965080dfffada165a54c041c27e33f#16,0,28
20030228_easy_ham_2/00018.3b6a8c5da4043f2a6a63a1ae12bd9824#17,0,2319
20030228_easy_ham_2/00019.c6b272a04ec32252f7c685f464ae3942#18,0,2320
20030228_easy_ham_2/00020.83ef024f76cc42b8245a683ed9b38406#19,0,2321
20030228_easy_ham_2/00021.ba795c59691c8f5d8a02425fdd9bf0ea#20,0,2322
20030228_easy_ham_2/00022.b7c5c97a3a140eed207b9e90d4e650a1#21,0,2323
20030228_easy_ham_2/00023.0e033ed93f68fcb5aab26cbf511caf0e#22,0,2324
20030228_easy_ham_2/00024.066b89ecd18c7688e91833f97cf415ca#23,0,2325
20030228_easy_ham_2/00025.84faba510a966c90f6ca7658260a7e4c#24,0,2323
20030228_easy_ham_2/00026.1757d50d495d41e8a5eb30a2f371019c#25,0,2326
20030228_easy_ham_2/00027.c9e76a75d21f9221d65d4d577a2cfb75#26,0,2327
20030228_easy_ham_2/00028.4e9595edd918f1a5fa26f8740cfdb358#27,0,2328
20030228_easy_ham_2/00029.807838f09bfb11b71e179a75334a5a62#28,0,2329
20030228_easy_ham_2/00030.cc523265aefc37ee6ce3015d8ff6aa24#29,0,2330
20030228_easy_ham_2/00031.7caef7fe7af2114d0e4bf6aa0faf3a03#30,0,2331
20030228_easy_ham_2/00032.75f27327d5f41f09e0b2160c62097643#31,0,2332
20030228_easy_ham_2/00033.7a0734f109eb2eb8945950c9e20b244b#32,0,2333
20030228_easy_ham_2/00034.6c4a2965d18007340b85034c167848ec#33,0,2334
20030228_easy_ham_2/00035.d598efa269efe5000552f0322851a379#34,0,2335
20030228_easy_ham_2/00036.6620b4d55c147aca7688250f16685d0d#35,0,2336
20030228_easy_ham_2/00037.8654538f4f68f933488f6a16aaadd0ce#36,0,2337
20030228_easy_ham_2/00038.fba603f864720b7894b7b05e6e3f93c0#37,0,2337
20030228_easy_ham_2/00039.3c9b6f5cf180783680d1a97f07f64b18#38,0,2338
20030228_easy_ham_2/00040.c1d2771cd9f2a815468140616fe7fef0#39,0,2339
20030228_easy_ham_2/00041.3df133ff5477778dffcc6c78921dc107#40,0,2340
20030228_easy_ham_2/00042.801b0da4bd900fe0d77fa80f8a0287da#41,0,2341
20030228_easy_ham_2/00043.2a43cc6315e9e6c29045ce069c1f1c55#42,0,2342
20030228_easy_ham_2/00044.1ed173a136e8d0494533ebbf203d8722#43,0,2343
20030228_easy_ham_2/00045.2ee1e1652c664c64b323207f9e7a6f02#44,0,2344
20030228_easy_ham_2/00046.add5074396ecada0869e4d3d547ff7f8#45,0,2345
20030228_easy_ham_2/00047.e67d0d53cbd3ffafe303cf4bd4e03d66#46,0,2346
20030228_easy_ham_2/00048.74cb47cb518e1ad1628b49ebbeb9d2b6#47,0,2347
20030228_easy_ham_2/00049.5b60c886154af7a3d742e87fb125eb7b#48,0,2348
20030228_easy_ham_2/00050.425922b836765b577dcd7824591898db#49,0,2349
20030228_easy_ham_2/00051.c2215fd876c5f9e5da959c16c8e1b115#50,0,2350
20030228_easy_ham_2/00052.554e05bfafbdf397fc103a08c3a06652#51,0,2351
20030228_easy_ham_2/00053.5d91997e62360f3ab8094cad7b7cae66#52,0,2352
20030228_easy_ham_2/00054.f61f8980e1e2ed80bd4a31f901a6118f#53,0,2353
20030228_easy_ham_2/00055.1414fe3c3816bf0e13174847a15a2d30#54,0,2354
20030228_easy_ham_2/00056.6647a720da7dad641f4028c9f6fbf4e5#55,0,2354
20030228_easy_ham_2/00057.fc1c3f0f584c7ffe609d4abebba6e7d5#56,0,2355
20030228_easy_ham_2/00058.37ac999448cced70d3235112bc322563#57,0,2356
20030228_easy_ham_2/00059.eba13892cabde5b7591276eaa3378e7b#58,0,2356
20030228_easy_ham_2/00060.f7d5d9acdd127366fbd626a310bd40c4#59,0,2357
20030228_easy_ham_2/00061.2a9530684abd71525821e8bc2c8019ec#60,0,2358
20030228_easy_ham_2/00062.43847c613a539ca9c47b4593ee34bd6d#61,0,2359
20030228_easy_ham_2/00063.530734e4a37f26942ba8df3208912783#62,0,2360
20030228_easy_ham_2/00064.f7d9a2689c23c6f36afca6225befe09b#63,0,2359
20030228_easy_ham_2/00065.2744d3fa721ba241e4a9024a1276c00e#64,0,2361
20030228_easy_ham_2/00066.d672dd2baf15f9098ec6f206f6c524ff#65,0,2362
20030228_easy_ham_2/00067.98256b369aa90314ebc9999d2d00a713#66,0,2363
20030228_easy_ham_2/00068.36bcd58f7826a1819b2188d4b35b9150#67,0,2364
20030228_easy_ham_2/00069.b5fc05616a7e6b1b9ca30e5d8888392e#68,0,2365
20030228_easy_ham_2/00070.5ca9b5a86fbf5f011514bbb4e4a951ff#69,0,2366
20030228_easy_ham_2/00071.feb4bca3576707de8f2e8a3c5d22f106#70,0,2367
20030228_easy_ham_2/00072.198398984661d0b6dc676ad30d6f2884#71,0,2368
20030228_easy_ham_2/00073.78e7fb8e71f51610ee27e0c5211889e6#72,0,2369
20030228_easy_ham_2/00074.0a7d6adcbdfbdb4b281a8eb86e3a4d52#73,0,2370
20030228_easy_ham_2/00075.f621d4aa31d845b7fada89f4a97c98c4#74,0,2371
20030228_easy_ham_2/00076.258dae29e807236557469185327c0a0a#75,0,2372
20030228_easy_ham_2/00077.7a4f2e80b3a2e2c1cc2442f54a9e01ee#76,0,2373
20030228_easy_ham_2/00078.70afdc10249d68135ead7403a6257858#77,0,2374
20030228_easy_ham_2/00079.432c97872ff9af2ac7b9791612ed0ab3#78,0,2375
20030228_easy_ham_2/00080.93f80f25c954fe33b3218d98a6efb2c9#79,0,2376
20030228_easy_ham_2/00081.07dc5f38daa0ab9f5499fa3b3cf07ea6#80,0,2377
20030228_easy_ham_2/00082.b0ca31a7482b5c60906aa29a9fa6e9df#81,0,2378
20030228_easy_ham_2/00083.e0e7d1493ad397ae3925c14f8580c948#82,0,2379
20030228_easy_ham_2/00084.98de2f371693b557ea6f13c95d3514ec#83,0,2380
20030228_easy_ham_2/00085.4688df2caa6ff00d499233c06fee8aad#84,0,2381
20030228_easy_ham_2/00086.fb3bca2671d0ce43431a201beb3cb268#85,0,2382
20030228_easy_ham_2/00087.809e03adf935435f9e493a3ffdfd9e85#86,0,2383
20030228_easy_ham_2/00088.ef477b7fa35219eff950c0aa3361f7b3#87,0,2384
20030228_easy_ham_2/00089.2f7098c2c5697cd207764a95e1a8833a#88,0,2385
20030228_easy_ham_2/00090.aa66b421d3bf8f7ea261f043f83225bc#89,0,2386
20030228_easy_ham_2/00091.10634ff07b2c885db22462069292a2bb#90,0,2387
20030228_easy_ham_2/00092.3a1bb2e2707717631a8f5008f7d701fc#91,0,2388
20030228_easy_ham_2/00093.ae2f7bf4ac265b89b75fc14747d84c1d#92,0,2389
20030228_easy_ham_2/00094.c706cb7766371708aef603f603fe7cdf#93,0,2390
20030228_easy_ham_2/00095.eec028314ab85183252ab9ced87fcb18#94,0,2391
20030228_easy_ham_2/00096.b8e6dd7a82c0488cafcdc332b65f4124#95,0,2392
20030228_easy_ham_2/00097.3617ec656941c7f331701a661ae5a72f#96,0,2393
20030228_easy_ham_2/00098.1f05327de561b3fbddc71882e2f3457e#97,0,2394
20030228_easy_ham_2/00099.36189754f01fbacfea6e28e7777f27a2#98,0,2395
20030228_easy_ham_2/00100.25af616b26d1d9417cd52c0ba42344f9#99,0,2396
20030228_easy_ham_2/00101.a1cfb633388cd5afa26f517766c57966#100,0,2397
20030228_easy_ham_2/00102.f05fb87d2b36b53117cb8b5f645b9016#101,0,2398
20030228_easy_ham_2/00103.33f50210b021fbf039f59b24daafd999#102,0,2399
20030228_easy_ham_2/00104.a682139cb63862f8b63756c454c01fe3#103,0,2400
20030228_easy_ham_2/00105.b307b4de62765a6f2808d36a21652bbc#104,0,2401
20030228_easy_ham_2/00106.5c4519d12bf9435ebbc0c648836b21b1#105,0,2402
20030228_easy_ham_2/00107.f41f38981300ca9eda3be38596353128#106,0,2403
20030228_easy_ham_2/00108.e1a50d817af33d7b1bbec19bdaef75d0#107,0,2399
20030228_easy_ham_2/00109.1d90dc88e6b0591ee91e3cd605ec778a#108,0,2404
20030228_easy_ham_2/00110.445d52a2f1807faf97f15e370b1b73b8#109,0,2405
20030228_easy_ham_2/00111.6ef33536e4b7d32c35be6297914c6c4a#110,0,2406
20030228_easy_ham_2/00112.b7fece154c12b4167c138d08aafd675b#111,0,2407
20030228_easy_ham_2/00113.c3f906e0fa61549e358af0ed02a70052#112,0,2408
20030228_easy_ham_2/00114.d3ca141da5a2b48b30d803292dad2da7#113,0,2409
20030228_easy_ham_2/00115.c2fdffd60ddc035e3ac642f69301715f#114,0,2410
20030228_easy_ham_2/00116.409b29c26edef06268b4bfa03ef1367a#115,0,2411
20030228_easy_ham_2/00117.327d1cd221779efbb7839d15fe3fd4d7#116,0,2412
20030228_easy_ham_2/00118.fec4bead22e8bbaebd24ee2de8d6397f#117,0,2413
20030228_easy_ham_2/00119.42c5df54c26a15ca4b9b10e4b67a4c2b#118,0,2414
20030228_easy_ham_2/00120.f6fed5d0bca8c45edaad0f6b09f70e16#119,0,2415
20030228_easy_ham_2/00121.4c398f0106848ae9f9d3462c2296de17#120,0,2416
20030228_easy_ham_2/00122.5ee71dbda319d0b1a6eed0563c2cebf9#121,0,2417
20030228_easy_ham_2/00123.3921de802520cfe7a5b3e0777aa4affc#122,0,2415
20030228_easy_ham_2/00124.2abb196cdab89d7958016ecb50af69be#123,0,2418
20030228_easy_ham_2/00125.e6d80b873b71ae5324679a4dbefe4eaf#124,0,2419
20030228_easy_ham_2/00126.0b7d3ede2d98218008cdb359d9f9b708#125,0,2420
20030228_easy_ham_2/00127.3ac4ea08d4a80af1f6de12b96d650bdd#126,0,2421
20030228_easy_ham_2/00128.2d0445f396770a673681019d0fbbf4c7#127,0,2422
20030228_easy_ham_2/00129.9f6d0c629e16372a804ec15ea8cd89a8#128,0,2423
20030228_easy_ham_2/00130.b7ff6705a1318fb9bc7e557886ef4bd1#129,0,2424
20030228_easy_ham_2/00131.4d06fea0c1c9623082010e4f5d9815b1#130,0,2425
20030228_easy_ham_2/00132.45a855fd256c018dd4232353b72ae9ec#131,0,2426
20030228_easy_ham_2/00133.035335262a159fef46fff7499a8ac28f#132,0,2427
20030228_easy_ham_2/00134.ff80b3057938bbbbc9e71e71ac7f4bd9#133,0,2428
20030228_easy_ham_2/00135.0d5ad403b361fd41210885d4e4b44e81#134,0,2429
20030228_easy_ham_2/00136.ad45de584fcb47c912a00b30e93c890b#135,0,2430
20030228_easy_ham_2/00137.4fa7edf6ba7ea2866b5ccf00de3dd6e9#136,0,2431
20030228_easy_ham_2/00138.0e5632de530beed8909638739b9b1df0#137,0,2432
20030228_easy_ham_2/00139.c27d87382549a9b688309fabc221261d#138,0,2433
20030228_easy_ham_2/00140.3ca2fd4aeeb1970c6d2f705e6f53436a#139,0,2434
20030228_easy_ham_2/00141.aec902144f2d18dce81d4a5dd84e11bf#140,0,2435
20030228_easy_ham_2/00142.98a680c9dd137bdbbca8a00790dc3e45#141,0,2436
20030228_easy_ham_2/00143.c497f4c428f9ec61888084e3e8207deb#142,0,2437
20030228_easy_ham_2/00144.be6a9360ea183b54e0f2a39716257f2b#143,0,2438
20030228_easy_ham_2/00145.a62431b99d739b3aab6139b417ed49a7#144,0,2439
20030228_easy_ham_2/00146.ee13fb620cb6632027aac9a6b7e536a2#145,0,2440
20030228_easy_ham_2/00147.ed6083bcb7c519b09300f3b414ac8912#146,0,2441
20030228_easy_ham_2/00148.fc2f73eedca689766a5e3c796e9bd928#147,0,2442
20030228_easy_ham_2/00149.46b139b2476b135f24f53d6c8356f1e3#148,0,2443
20030228_easy_ham_2/00150.8f7dc1318823556f1eca402af39e08e5#149,0,2444
20030228_easy_ham_2/00151.234f2b1f9331740ed7fc69418085fe2a#150,0,2445
20030228_easy_ham_2/00152.1e72a17fc4bcc0dc86725b90d5c48ab7#151,0,2446
20030228_easy_ham_2/00153.9ef75a752f258bc5e32f8d2be702a7c7#152,0,2447
20030228_easy_ham_2/00154.7bda4738681c601e0fd93f3c6d1ae4a1#153,0,2448
20030228_easy_ham_2/00155.54b624e309bf09793148296c7506f6ab#154,0,2449
20030228_easy_ham_2/00156.e4fd48f062c4059e47db9888e09ca85b#155,0,2450
20030228_easy_ham_2/00157.bc9f30a8cf071135d4f3145a15013f72#156,0,2451
20030228_easy_ham_2/00158.ff9883d957625bb98a5f6ca28fa7d495#157,0,2452
20030228_easy_ham_2/00159.193c2e75773e8a7c7320c9974257da5a#158,0,2453
20030228_easy_ham_2/00160.b7ad2878346c13c7726f872d632c42b5#159,0,2454
20030228_easy_ham_2/00161.ff20c49f90c9405fc62064706ddcd615#160,0,2455
20030228_easy_ham_2/00162.e00f7a587737adf0ac5301861e887e73#161,0,2456
20030228_easy_ham_2/00163.b1c2e35dfbadbea6df3815717933f1fa#162,0,2457
20030228_easy_ham_2/00164.9e2e72c2afac966e790a7ab09ef24937#163,0,2458
20030228_easy_ham_2/00165.73687c8da9e868166f3ca6b8e94073a8#164,0,2459
20030228_easy_ham_2/00166.8525e30f5b1574a4cb08d5fc8cb740e5#165,0,2460
20030228_easy_ham_2/00167.47ad54094c0bcf05c679f058cf3599a3#166,0,2461
20030228_easy_ham_2/00168.716b0a26aa6ae53b72d9d3c297390424#167,0,2462
20030228_easy_ham_2/00169.701617763832617a7d0d1dfbc08b8a0d#168,0,2463
20030228_easy_ham_2/00170.2368261c3f59066fc1b0c27c5495113e#169,0,2464
20030228_easy_ham_2/00171.0982e9adc7d4a88cda1c9b6d8b469451#170,0,2465
20030228_easy_ham_2/00172.85ee50d59c5e7c74419b456e4fd0a09b#171,0,2466
20030228_easy_ham_2/00173.cc3194ab88e30b4f6196be879cfc8a56#172,0,2467
20030228_easy_ham_2/00174.8f16cc9b5762f4b43fb3b8afc66e8544#173,0,2468
20030228_easy_ham_2/00175.13e791af87dd358cf3882279e4ee494f#174,0,2469
20030228_easy_ham_2/00176.d346b5e8e81c7459364a76408be5860d#175,0,2470
20030228_easy_ham_2/00177.0bac33d77bd12fc4da3395a535f2a664#176,0,2471
20030228_easy_ham_2/00178.f23e3d8a5c020bfba4914a4f2a945937#177,0,2472
20030228_easy_ham_2/00179.d15992f3e182d401cc37a1b79c251d03#178,0,2473
20030228_easy_ham_2/00180.72b2a009f9799b96a4235b1fbac35eb4#179,0,2473
20030228_easy_ham_2/00181.d2bdbc9c256b67a7fa484e989449328b#180,0,2474
20030228_easy_ham_2/00182.025cc878aad27ae621db5b5628540989#181,0,2475
20030228_easy_ham_2/00183.c41caba7916cc619cd4e2543eb1aea40#182,0,2476
20030228_easy_ham_2/00184.1d7301eb34c99d53e37f7e891b847ede#183,0,2477
20030228_easy_ham_2/00185.b6902dc0d90f39f906bae90a74907357#184,0,2478
20030228_easy_ham_2/00186.d42c074a7cb6f93949c3723b90e05eef#185,0,2479
20030228_easy_ham_2/00187.8495ea1461cf3d0853576cd0be8fdf71#186,0,2480
20030228_easy_ham_2/00188.10d8b09baef47a07f0b96990e4bfa4da#187,0,2481
20030228_easy_ham_2/00189.959922d0363f85a2a6e7cc689b05b75c#188,0,2482
20030228_easy_ham_2/00190.598d2a83744a3a7ac536e36ca56d7e65#189,0,2483
20030228_easy_ham_2/00191.96c361ca02379ca61455f8664b000cd0#190,0,2484
20030228_easy_ham_2/00192.b1c13f7caac54fca99993a3478d603d9#191,0,2485
20030228_easy_ham_2/00193.61ef7d079ac232c98ef0ac400cf668a1#192,0,2486
20030228_easy_ham_2/00194.bfa44ea05c7498e0c2857265b5e09003#193,0,2487
20030228_easy_ham_2/00195.6120b0cdf8f72c45ebaf0d81c28ee457#194,0,2488
20030228_easy_ham_2/00196.8f7b9e0c0114f5fde680158804bc2f9a#195,0,2489
20030228_easy_ham_2/00197.b96f868a833d3ac47289450185767439#196,0,2490
20030228_easy_ham_2/00198.d2dbd23153731ad2975c61736208d2fc#197,0,2491
20030228_easy_ham_2/00199.e3da97cca08a348be097406da950e25f#198,0,2492
20030228_easy_ham_2/00200.a85d0ee8b147e0d0de9db7bc84117551#199,0,2493
20030228_easy_ham_2/00201.981524ec8ff1a3d171b662c1dbb831a7#200,0,2494
20030228_easy_ham_2/00202.28c767c7a895f6940228d3f1cbc95319#201,0,2495
20030228_easy_ham_2/00203.d235730a5eb66c00ea2c1ad65f415ad9#202,0,2496
20030228_easy_ham_2/00204.f3906165e216e89d524479d6da3158e8#203,0,2497
20030228_easy_ham_2/00205.1b7b16facf48373401d78996a92f6666#204,0,2498
20030228_easy_ham_2/00206.59111a6330a2d989698c4d92967ed98d#205,0,2499
20030228_easy_ham_2/00207.b9d4e94f1d5159f207cfe562194ab0c6#206,0,2500
20030228_easy_ham_2/00208.d44ac6333a9b4ad601299143998097b9#207,0,2501
20030228_easy_ham_2/00209.3ebcc564b5a595d391416cba9d0696d0#208,0,2502
20030228_easy_ham_2/00210.ca401834d76bbedb98e548160e2ab559#209,0,2503
20030228_easy_ham_2/00211.835ec23b746b6aede4e2e15ced421bb4#210,0,2504
20030228_easy_ham_2/00212.df5211161d938a2547804a50f0a8698f#211,0,2505
20030228_easy_ham_2/00213.8b921d7940c5b2ac05892b648bd77231#212,0,2506
20030228_easy_ham_2/00214.4a5f7fc36eda589a5716dd090c67e90a#213,0,2507
20030228_easy_ham_2/00215.676fa487d6122e4a57b37a5edffa4dc2#214,0,2508
20030228_easy_ham_2/00216.53a04d271ae7b0752fef521c2d5709f7#215,0,2503
20030228_easy_ham_2/00217.8ea77706594281e2c53a078c4a99b68a#216,0,2508
20030228_easy_ham_2/00218.64c9d00b1056b230a115692edc35e85a#217,0,2509
20030228_easy_ham_2/00219.0e25ffd61eea2b5bf08c9575a3afa57d#218,0,2510
20030228_easy_ham_2/00220.c07529e1ed4db87e5f59922634b6c2ec#219,0,2511
20030228_easy_ham_2/00221.256f4b655a55d56db6f498eb9ce6f50c#220,0,2512
20030228_easy_ham_2/00222.4cde485804474931696b5ada162d61ff#221,0,2513
20030228_easy_ham_2/00223.7eb46d1a710b80df0d9700fe631ad9bb#222,0,2514
20030228_easy_ham_2/00224.3622520511e843a434f9ef3b990781f8#223,0,2515
20030228_easy_ham_2/00225.92e946af104a8d63e0dfff326cfa6adb#224,0,2516
20030228_easy_ham_2/00226.cbfc41834ecb57c1a40e860e14b16950#225,0,2517
20030228_easy_ham_2/00227.69a8ffbe70b32f6532a151b0854d24a6#226,0,2518
20030228_easy_ham_2/00228.9f3a2b47d0663bf825eafcb961773e62#227,0,2519
20030228_easy_ham_2/00229.a13256f5a663bbfb8050a7abe6932558#228,0,2520
20030228_easy_ham_2/00230.ff81becf76d1c77011e4218a6dba7a9a#229,0,2521
20030228_easy_ham_2/00231.8096ae53e70b1b72b5935b12b823597b#230,0,2522
20030228_easy_ham_2/00232.24e7a66753dfa7f93df6a2c5125e0cb3#231,0,2480
20030228_easy_ham_2/00233.abed26eecbf8b61a482439ddeaeb9b62#232,0,2523
20030228_easy_ham_2/00234.4901bd911992ec875045886a7e311562#233,0,2480
20030228_easy_ham_2/00235.8b55a8bb29e92f8db66639e36f216721#234,0,2524
20030228_easy_ham_2/00236.b173a89a323f88ec8b8a4caef8ee6aaa#235,0,2506
20030228_easy_ham_2/00237.f1cc68d90b0a47f01678c5eb0dc1ea7a#236,0,2525
20030228_easy_ham_2/00238.29f6acf47737195879e35b049dd0b6f4#237,0,2526
20030228_easy_ham_2/00239.eba234b87a8928388e54ba31441847ff#238,0,2527
20030228_easy_ham_2/00240.4c883be64d3a929c5422422211076505#239,0,2528
20030228_easy_ham_2/00241.1cb3df109857b541b9829f93fb5189d1#240,0,2529
20030228_easy_ham_2/00242.a0fd5ccd8b2175f222b822229a2a77c1#241,0,2530
20030228_easy_ham_2/00243.edda2c702247700524eb49178f57c34c#242,0,2506
20030228_easy_ham_2/00244.5c0c684db2eb104130bee7f3ddfa261a#243,0,2531
20030228_easy_ham_2/00245.1a6c31f4aa59dc224123471dd267a63f#244,0,2532
20030228_easy_ham_2/00246.5322e23629e73664f224aa829efb63c5#245,0,2533
20030228_easy_ham_2/00247.50ea609a623c12f75df32997a35b45cb#246,0,2534
20030228_easy_ham_2/00248.328aa49432560bc538794a44a18ff762#247,0,2535
20030228_easy_ham_2/00249.7187413684e619f7f3ce94c76f56c9b0#248,0,2536
20030228_easy_ham_2/00250.6178c7f226315407d684f07aa197261b#249,0,2537
20030228_easy_ham_2/00251.c5d9eca7f5a2aabbb152e26bef36eb55#250,0,2538
20030228_easy_ham_2/00252.817dc86471c7bd29d5904872f1731d57#251,0,2539
20030228_easy_ham_2/00253.e8d95ebfdb730a968cd7430b93f526e6#252,0,2540
20030228_easy_ham_2/00254.0bb63181d3edda61bd5ff0314649b817#253,0,2540
20030228_easy_ham_2/00255.10e322e983fa6a8357a4038e832e64a5#254,0,2541
20030228_easy_ham_2/00256.0e664e0210522f7788b27eb1ad9b8c87#255,0,2542
20030228_easy_ham_2/00257.2bebb97cf4031fcf184da6a5df5e979c#256,0,2543
20030228_easy_ham_2/00258.3f5bcbda6db0cfc769cd544cff0e21e9#257,0,2544
20030228_easy_ham_2/00259.977d4930f990d0c5b68b362a33b14d5f#258,0,2545
20030228_easy_ham_2/00260.20f2278a021f28b2d5f18b13b6e19c4b#259,0,2546
20030228_easy_ham_2/00261.ace6274eeb78df574eed018a0a87a7ea#260,0,2547
20030228_easy_ham_2/00262.caab5fc07afcb77ff5d760ed677b4aec#261,0,2548
20030228_easy_ham_2/00263.84321935c6f5a34e6a124bbd64b9b5c7#262,0,2549
20030228_easy_ham_2/00264.9552e74929dc9ef75aa7ea8b57d527fe#263,0,2550
20030228_easy_ham_2/00265.ba7a5ceb6bf11bd9123f739a36004e40#264,0,2551
20030228_easy_ham_2/00266.d3cb4ee5c02b96f0edac346785b7c5f3#265,0,2552
20030228_easy_ham_2/00267.12507328e1049b1fa5c7c139b7cc61fa#266,0,2553
20030228_easy_ham_2/00268.b9c5022544ced77b38a7f231e42b04f6#267,0,2554
20030228_easy_ham_2/00269.5e79c797bc756cc555e6877c5fbefc04#268,0,2555
20030228_easy_ham_2/00270.a19a99f7377bfdd22784a5335fb78d70#269,0,2556
20030228_easy_ham_2/00271.67be0415b3bede539adec20823ddda61#270,0,2557
20030228_easy_ham_2/00272.d2daf940e50638774ca629aa11ab95a2#271,0,2558
20030228_easy_ham_2/00273.3d73db3ab6dc7c9cfc71126ae18b5b1b#272,0,2559
20030228_easy_ham_2/00274.311fefe8182cf4103a41a41fbec2169c#273,0,2560
20030228_easy_ham_2/00275.afb39e24c794534f4a8b1b5d0ff5b19d#274,0,2561
20030228_easy_ham_2/00276.78e7158a768394040c73be015a28de0a#275,0,2562
20030228_easy_ham_2/00277.943b5336f2a39a88253257d0b6db1d32#276,0,2563
20030228_easy_ham_2/00278.f3d796448a64d0f66500884181458921#277,0,2564
20030228_easy_ham_2/00279.260f32f061185e16ff3f66d31d0ecbfb#278,0,2565
20030228_easy_ham_2/00280.c1b4460870441298c3040f1346a58dfd#279,0,2566
20030228_easy_ham_2/00281.8166d0f6c6bd6eb4ab1a9730ffbdf383#280,0,2567
20030228_easy_ham_2/00282.903d8e3bf60af84c49e02e02ad8ec0f2#281,0,2568
20030228_easy_ham_2/00283.07a5378f3ecab4348dbd4c3a25ae3725#282,0,2569
20030228_easy_ham_2/00284.3a518630eb58eb7ac1f03e1d4d0a1ddf#283,0,2570
20030228_easy_ham_2/00285.49d8664ce245cb396687a3f303ad124c#284,0,2571
20030228_easy_ham_2/00286.8cb982ac6ef73936ac83f89bf23fcd6b#285,0,2572
20030228_easy_ham_2/00287.03ca12d32dd67af82efbbafac79d4d5a#286,0,2573
20030228_easy_ham_2/00288.9388b51e29a2d52191fcb2b053ace210#287,0,2574
20030228_easy_ham_2/00289.6ab47bc2667e9a623ef3ae13a8ad231e#288,0,2568
20030228_easy_ham_2/00290.2b079837bffa2f0dea4003cf99bc36e0#289,0,2575
20030228_easy_ham_2/00291.4cefa7eed26c113ee44256009896c176#290,0,2576
20030228_easy_ham_2/00292.389c0e21ab950a6e28e407f01fd777d4#291,0,2577
20030228_easy_ham_2/00293.d7d6f188d63d99da505b454c146dac77#292,0,2578
20030228_easy_ham_2/00294.0a51c5ddbf67c2e2ac03b2fdc0858acd#293,0,2579
20030228_easy_ham_2/00295.37087d1f5c2678b8152b397111456d3f#294,0,2580
20030228_easy_ham_2/00296.12af7606f42c491ca320c1c7a284d327#295,0,2581
20030228_easy_ham_2/00297.cd323132d57e5cb2e8599f69f6ff2848#296,0,2582
20030228_easy_ham_2/00298.516883ac42f693de96cc953cf59d720b#297,0,2583
20030228_easy_ham_2/00299.f5ee5d9a3056c28135db57935818e138#298,0,2584
20030228_easy_ham_2/00300.7c83dd137e4d39f9be3db9eafefdd7e6#299,0,2585
20030228_easy_ham_2/00301.bd38f1d07527919c3c177e564ee7c908#300,0,2586
20030228_easy_ham_2/00302.9591315fff1cd2626f8e238033640130#301,0,2587
20030228_easy_ham_2/00303.bdb027dcedcca2601de8666ce84f9b6d#302,0,2588
20030228_easy_ham_2/00304.732529bb6311c2fd093521748b84caf0#303,0,2589
20030228_easy_ham_2/00305.9ed354c3c27702b881ee05fe84e44f0e#304,0,2590
20030228_easy_ham_2/00306.678ad761d0ad47e8be91a6af232e18d4#305,0,2591
20030228_easy_ham_2/00307.6cfae2c5703c7eb36db9c8158c70b0ae#306,0,2592
20030228_easy_ham_2/00308.471343c72013f4df6a93a7cd51edaace#307,0,2593
20030228_easy_ham_2/00309.e35e529fcea4957316806e7b653a76d8#308,0,2594
20030228_easy_ham_2/00310.5416fc4a71aadc904dbb4de56a299a71#309,0,2595
20030228_easy_ham_2/00311.f22b90c77d9ba409008492b1905839f8#310,0,2596
20030228_easy_ham_2/00312.b5d817c015aec10078fa7e765fb28b99#311,0,2595
20030228_easy_ham_2/00313.bb198760694c91a9571f1cafff4eef21#312,0,2597
20030228_easy_ham_2/00314.ea2320dd4e87b08924861080f8e7b8f5#313,0,2598
20030228_easy_ham_2/00315.a747789b9299a2794c398ab9fd72c5fa#314,0,2599
20030228_easy_ham_2/00316.43881694518ce046ed02b9f0c119cb49#315,0,2600
20030228_easy_ham_2/00317.a5647d450d497e4ff907f63a34a59848#316,0,2601
20030228_easy_ham_2/00318.199f60e20cd89f6a902fb22e90275166#317,0,2602
20030228_easy_ham_2/00319.9fdb50d80e1f34e30b93dd401c644f3d#318,0,2603
20030228_easy_ham_2/00320.b0cd1042164d8bd3ee1dab03a72edbc4#319,0,2604
20030228_easy_ham_2/00321.366bc08c72ec1996baa4065c0dada072#320,0,2605
20030228_easy_ham_2/00322.7d24d46d49eebe647615d706370ae123#321,0,2606
20030228_easy_ham_2/00323.5cde61ff2c780291b15a802c513add1d#322,0,2607
20030228_easy_ham_2/00324.39e5abfb6121670fb637bb0367feea19#323,0,2608
20030228_easy_ham_2/00325.419046d511bd4b995fdec3057ae996b1#324,0,2609
20030228_easy_ham_2/00326.154fca574d007d1007d7024903576c8d#325,0,2610
20030228_easy_ham_2/00327.1983f402e45739e4ef3afa5aea4f3353#326,0,2611
20030228_easy_ham_2/00328.543d22932dda79526c3a729f7a96dc26#327,0,2612
20030228_easy_ham_2/00329.7bc61b54966e05a22ef6d357de62f85c#328,0,2612
20030228_easy_ham_2/00330.13b8c36b44bd1957b45b1c8be336b42c#329,0,2613
20030228_easy_ham_2/00331.6cfb3936c79bcb295dc5e50bcd7c7561#330,0,2614
20030228_easy_ham_2/00332.371b6f513942ac2fb91c136e1ffb9cc8#331,0,2615
20030228_easy_ham_2/00333.754374109f71535b61b3c5b6db54365a#332,0,2616
20030228_easy_ham_2/00334.f271715a6a7b9a945d1606a4b091ee5f#333,0,2617
20030228_easy_ham_2/00335.afeb1c952028486564738ee12fcb9a7e#334,0,2618
20030228_easy_ham_2/00336.897a42da6cb565542d63837270d5d20e#335,0,2619
20030228_easy_ham_2/00337.4a2e0169ffb3544118a4c4b5220590fa#336,0,2620
20030228_easy_ham_2/00338.150c1aef21dcd741036532b8dad9d694#337,0,2621
20030228_easy_ham_2/00339.50fd5ad3e953a8f752b98df040509e93#338,0,2622
20030228_easy_ham_2/00340.22ecbee41fb4da91afa69f932cb27443#339,0,2578
20030228_easy_ham_2/00341.8bf7e41bff54bd779663d1f0a0fe3ed8#340,0,2623
20030228_easy_ham_2/00342.769dc03aca294f3cc817c212a6ff380a#341,0,2624
20030228_easy_ham_2/00343.2b1d47e0483fab66551f76a681455ff6#342,0,2625
20030228_easy_ham_2/00344.ff7eb63964aa85d7fc7cf9518b8bcdf1#343,0,2626
20030228_easy_ham_2/00345.1cf8682c0c09b41678a4d779ea60a5ac#344,0,2627
20030228_easy_ham_2/00346.2f9b84c3f47ce85fcf3f7ef74b9e0ac6#345,0,2628
20030228_easy_ham_2/00347.345d2c25c6e5e7255b8f53291ff8ed9d#346,0,2629
20030228_easy_ham_2/00348.dc559463315c31029a866ccb852b512d#347,0,2630
20030228_easy_ham_2/00349.335e1da552568724040e799bf3b1d582#348,0,2631
20030228_easy_ham_2/00350.e738a16c1483dfda97d5862b4a9a77f8#349,0,2632
20030228_easy_ham_2/00351.e08898f91941c9c27c93c339054148de#350,0,2633
20030228_easy_ham_2/00352.b568f3993a0aaef44130ed26d9663097#351,0,2634
20030228_easy_ham_2/00353.3cb4c058f609b8e464be92437be6f81b#352,0,2635
20030228_easy_ham_2/00354.98d3b7fe5983f71c36117b2aceb5dcd3#353,0,2636
20030228_easy_ham_2/00355.a42b7b791419c4d5a33b9cefda4fe2b7#354,0,2637
20030228_easy_ham_2/00356.b9181a622935ef7869af85616a8cceab#355,0,2638
20030228_easy_ham_2/00357.e7d56ee8cf689fa0a5276446772fa8ec#356,0,2639
20030228_easy_ham_2/00358.87ee38040ac1f42320c7b89628b1850a#357,0,2640
20030228_easy_ham_2/00359.29dd3e8213e61044d67bc15a6f9a5231#358,0,2641
20030228_easy_ham_2/00360.fb2dbe3d751033f3e7b125b20ecdb897#359,0,2642
20030228_easy_ham_2/00361.ebcde1d624e84623713ac6eddff87943#360,0,2643
20030228_easy_ham_2/00362.10247e6e4b5d711a09d7d81c58dcf97c#361,0,2644
20030228_easy_ham_2/00363.2c66a99268facef9c5dab8c1f7b81190#362,0,2645
20030228_easy_ham_2/00364.9bbc4ee844b6b68da661b76671af0222#363,0,2646
20030228_easy_ham_2/00365.9513e5622b7ce3d8a715ce0e31223fb1#364,0,2647
20030228_easy_ham_2/00366.dbcbb86a02dae7dfdcac15453b740ea7#365,0,2648
20030228_easy_ham_2/00367.21cd901fe062cc31ae50bc6901688424#366,0,2649
20030228_easy_ham_2/00368.14f8d5646b587bafc764ec859ed5c37e#367,0,2650
20030228_easy_ham_2/00369.9287d82618728e82ca293fe856ad1098#368,0,2651
20030228_easy_ham_2/00370.65240cb1d838553639998a0e4b0d0e6d#369,0,2652
20030228_easy_ham_2/00371.b2b589e6e9a51ac02bf1c6544232e68f#370,0,2653
20030228_easy_ham_2/00372.9d66c7a266e9ed8ef38f5045ab56038e#371,0,2654
20030228_easy_ham_2/00373.200f7c89b525052d3672c00ede99e9e5#372,0,2655
20030228_easy_ham_2/00374.957837ba252b473057711e3c4dbd1e26#373,0,2656
20030228_easy_ham_2/00375.cee54564533a11e7072e289847ad8efc#374,0,2657
20030228_easy_ham_2/00376.71c78bea62958ee25c18d267f48f37ef#375,0,2658
20030228_easy_ham_2/00377.48ab7471b3fb970b629400ea135fafa4#376,0,2659
20030228_easy_ham_2/00378.6634f5d52bac8536d979753841ade35a#377,0,2657
20030228_easy_ham_2/00379.cb86b033e4fc334deda622bcc37e6293#378,0,2660
20030228_easy_ham_2/00380.d78a42167264ab6adbd1b5eb1f452e9a#379,0,2661
20030228_easy_ham_2/00381.149150dca7d42c33006b9d0eeab99c59#380,0,2662
20030228_easy_ham_2/00382.713b028c6bb68b50a180e6d71e604b5b#381,0,2663
20030228_easy_ham_2/00383.ea5d23c0685f7342015b94944d46ed8e#382,0,2664
20030228_easy_ham_2/00384.26101c9502879b02e44058519cc52b8d#383,0,2665
20030228_easy_ham_2/00385.8005a02bdd6ec9c5beb69a1c4762ba6e#384,0,2666
20030228_easy_ham_2/00386.28f2a049c0a4ca1ba1f4fe3e5ea16356#385,0,2667
20030228_easy_ham_2/00387.14983abeee965e12a1c3ed0b2c66e5e1#386,0,2666
20030228_easy_ham_2/00388.06d9471d9bb3270cc5caa33d267a1e9e#387,0,2668
20030228_easy_ham_2/00389.ef7f7367ea40a06b7b085839f5d69f8b#388,0,2669
20030228_easy_ham_2/00390.faa916d56707c7ea2a82dca0cbabaec9#389,0,2670
20030228_easy_ham_2/00391.5fc0c6810ac42e66c4dcc7d6524dd596#390,0,2671
20030228_easy_ham_2/00392.1b19fc79c0db6bf32f4736abacac5191#391,0,2672
20030228_easy_ham_2/00393.dcfc9cf1d063ff68ace29c26e0394c05#392,0,2673
20030228_easy_ham_2/00394.7c5ef360e04042d46f104d48d30af29e#393,0,2674
20030228_easy_ham_2/00395.1a0db141e8937eb68e6a75a21bf69e61#394,0,2675
20030228_easy_ham_2/00396.bfdf369c41f7228686c0bbe162ee3a14#395,0,2676
20030228_easy_ham_2/00397.57025a4c0ae0a0b8f8d55cae868be32f#396,0,2677
20030228_easy_ham_2/00398.98e5c9f3f9b5568349d4e54298de26ee#397,0,2678
20030228_easy_ham_2/00399.5bfedd0ef4217216d622f3b613317d24#398,0,2679
20030228_easy_ham_2/00400.000325330181ba8ec268f698f9256626#399,0,2680
20030228_easy_ham_2/00401.4bcb1d17a18fc77217a1092fa6c27bfa#400,0,2681
20030228_easy_ham_2/00402.ef4c6900aafb8fa25e743a10c4f3b0b8#401,0,2682
20030228_easy_ham_2/00403.b1daf6c6c299354f3b46c5fca2296aee#402,0,2683
20030228_easy_ham_2/00404.928afb395a19b10821c61df44195e521#403,0,2684
20030228_easy_ham_2/00405.1a2eb406d0e8423f7af0b807d584d8ab#404,0,2685
20030228_easy_ham_2/00406.c2e18b5697e14dda96d7eeb1b06efdd5#405,0,2686
20030228_easy_ham_2/00407.5315d205589f4367f940cd2ece0af927#406,0,2687
20030228_easy_ham_2/00408.95ccc05d55c8dafbd32c2e133039684c#407,0,2688
20030228_easy_ham_2/00409.b75447e5dafb3db75f2e0d5d1fc7c675#408,0,2689
20030228_easy_ham_2/00410.eaebef68f574076b5d3b8390faa2586e#409,0,2690
20030228_easy_ham_2/00411.795ae1b91264d007f60721c1c89a5ea7#410,0,2687
20030228_easy_ham_2/00412.6a09bb8f01c0a8b740327514ba79b91d#411,0,2691
20030228_easy_ham_2/00413.b7905c2033fef30a91bf1dcc4f0343bb#412,0,2692
20030228_easy_ham_2/00414.a46602860d900cb89e1edd5583ffdb55#413,0,2693
20030228_easy_ham_2/00415.5cb7b2e687cb52afad5b1169c631c129#414,0,2694
20030228_easy_ham_2/00416.77c8eaf76f48ec6757aa82c847ecd7ef#415,0,2695
20030228_easy_ham_2/00417.baf263143d4cfd55e4586e56f1820cd5#416,0,2696
20030228_easy_ham_2/00418.67fdf820c65ce4d896d164903315e9e4#417,0,2697
20030228_easy_ham_2/00419.ff5dc1a4fb2659c83414ee0a41a2e6f9#418,0,2698
20030228_easy_ham_2/00420.f6140b71df992b02cc59548039eb05ca#419,0,2699
20030228_easy_ham_2/00421.eb3eb924262149264f92d8dc3db00db1#420,0,2700
20030228_easy_ham_2/00422.41c3bd638e1a077ba0c692579417f299#421,0,2701
20030228_easy_ham_2/00423.29f3d90625a1bf69a8620f78f15246a3#422,0,2702
20030228_easy_ham_2/00424.e39b1db8cf5575572abb4482fd3fced3#423,0,2703
20030228_easy_ham_2/00425.1af406dc2ac12d1d5140a6ee5fb75231#424,0,2703
20030228_easy_ham_2/00426.6cd93f7b4c74456e414f1f01fec6b05f#425,0,2704
20030228_easy_ham_2/00427.be3f3b2afa1566fe54b91692a4ef7380#426,0,2705
20030228_easy_ham_2/00428.65ae29d057a34273b8b064e934868ee0#427,0,2706
20030228_easy_ham_2/00429.a07d4061101c1879dc26873f7d52aed8#428,0,2706
20030228_easy_ham_2/00430.f7464c6cafd30eeae286041d626a9613#429,0,2706
20030228_easy_ham_2/00431.b51aaa5998124b125c5cda50d1bcc62c#430,0,2706
20030228_easy_ham_2/00432.6a1c32a56b122370713c8146238f75dd#431,0,2707
20030228_easy_ham_2/00433.54e72424b2632d8b2eedf48b2a5c2fd3#432,0,2708
20030228_easy_ham_2/00434.7a55a37b952e7fee5a292858697062c0#433,0,2709
20030228_easy_ham_2/00435.bd3256b7121a17fdde953a72854291fd#434,0,2710
20030228_easy_ham_2/00436.b22a873d16a66f8ec1599a61071cdfa3#435,0,2711
20030228_easy_ham_2/00437.5af67abd96a8188a8a36f2674781da8b#436,0,2712
20030228_easy_ham_2/00438.a4e08ec27cc4d6d5dd27d43178d3bc17#437,0,2713
20030228_easy_ham_2/00439.4588d5306e105aa80c51978dfc505d3f#438,0,2714
20030228_easy_ham_2/00440.c3f2884506305948c017149cbd75fdcf#439,0,2715
20030228_easy_ham_2/00441.3c62e9c696b9e8d05e77975b4de25ee1#440,0,2716
20030228_easy_ham_2/00442.38508150d13a53c035c15edb79ec4f9d#441,0,2717
20030228_easy_ham_2/00443.250c4342b266679ad21f6f6136ad65af#442,0,2718
20030228_easy_ham_2/00444.ce885a3320a33be01019bbbc8343dc73#443,0,2719
20030228_easy_ham_2/00445.4222549eadcf376d1f15942391cf806d#444,0,2720
20030228_easy_ham_2/00446.d8f63fcbc175d67473d8ca70f4884399#445,0,2721
20030228_easy_ham_2/00447.a7cd2b6a82929a9c3f267d386dd187c6#446,0,2722
20030228_easy_ham_2/00448.843eb6313e84a0bef7f1799405e2f1e9#447,0,2723
20030228_easy_ham_2/00449.9272eb34ed6d02f46e34bd7300d9e7d8#448,0,2724
20030228_easy_ham_2/00450.fc9ca2a63a2cdd5bc25460b7d1433893#449,0,2725
20030228_easy_ham_2/00451.4165f9a2baf204496f173bbd10ee49d3#450,0,2726
20030228_easy_ham_2/00452.f12aad7e774e4aabdc9dd093187d17d4#451,0,2727
20030228_easy_ham_2/00453.c11216fd1ac94b5f66f6bc983733b8e1#452,0,2728
20030228_easy_ham_2/00454.cda832b92824f5cd7808db5d56ed9374#453,0,2729
20030228_easy_ham_2/00455.3bfa014eabb16ee89f5e18b4e21a8deb#454,0,2730
20030228_easy_ham_2/00456.07feae6f8f7ad01dbe6a5195fdaec7a6#455,0,2731
20030228_easy_ham_2/00457.9a3e0780339f515b20a2ce43e2003180#456,0,2732
20030228_easy_ham_2/00458.34c978457105461bf7310a5b8a5137e2#457,0,2733
20030228_easy_ham_2/00459.6acfaa28a54e5134759a7303e5f24a4f#458,0,2734
20030228_easy_ham_2/00460.51cc34c4bc516148109044d34503431b#459,0,2735
20030228_easy_ham_2/00461.da8d4c3f576785c9d59d4be2ae8ad738#460,0,2736
20030228_easy_ham_2/00462.27b650a44e3eb6694c1f385288b73d3c#461,0,2737
20030228_easy_ham_2/00463.a0b9bc6f874e76510933906b72baae3f#462,0,2738
20030228_easy_ham_2/00464.a528da6b60ce0122804319d1d3a9a708#463,0,2739
20030228_easy_ham_2/00465.11c2716cdb56ce3e4a9a7443fcf9d0b1#464,0,2739
20030228_easy_ham_2/00466.b9a2a39848351254d43dde30f4a6ce3a#465,0,2739
20030228_easy_ham_2/00467.ce60ce0ae03fb1f4b2b8e1b8c574b679#466,0,2740
20030228_easy_ham_2/00468.3817ad282a4ab893fd6abce849eb3727#467,0,2741
20030228_easy_ham_2/00469.5e2af174515bf3c131dc05a2b93c429a#468,0,2742
20030228_easy_ham_2/00470.31854a1dce26d60c524ac8051bd00068#469,0,2743
20030228_easy_ham_2/00471.c37b5306cf952f83f3cc30dad511f7fb#470,0,2744
20030228_easy_ham_2/00472.ce9fb6ee45c148fd96f7b964c7cbb97b#471,0,2745
20030228_easy_ham_2/00473.b184f51963f4482e41483fde5223b37f#472,0,2746
20030228_easy_ham_2/00474.6a69eedbd1b342153a9b1ece91837a9a#473,0,2747
20030228_easy_ham_2/00475.112bf2aec40652a84655980365f87d12#474,0,2748
20030228_easy_ham_2/00476.5248b39aaaf6f756eef865a6f43c1ff4#475,0,2749
20030228_easy_ham_2/00477.ba351d2201dea825eb38315fbc0251ce#476,0,2750
20030228_easy_ham_2/00478.e7beb5a43fcf1ac2a87b4ce4fdcd9b32#477,0,2751
20030228_easy_ham_2/00479.081df97ae687b2281fec3a4b20cd434c#478,0,2752
20030228_easy_ham_2/00480.d722a97318aec5b7fd1bb5957188929b#479,0,2752
20030228_easy_ham_2/00481.5afc99aa0e2940b2f61c1a1bf9ea0b49#480,0,2753
20030228_easy_ham_2/00482.dcb4dd7822137630e5659b86336082c3#481,0,2754
20030228_easy_ham_2/00483.d804839bdc6a1994adf555fca581d746#482,0,2755
20030228_easy_ham_2/00484.f7052aa77491ee5979a55c16eae22422#483,0,2756
20030228_easy_ham_2/00485.d145b6b07afdaf18843917fe30e852d8#484,0,2757
20030228_easy_ham_2/00486.4955a3731a2feb907febe6a633678772#485,0,2758
20030228_easy_ham_2/00487.4c0487a128123e92602005535955e7a1#486,0,2759
20030228_easy_ham_2/00488.cce5891184f90e1c49774e1464bc8f4f#487,0,2760
20030228_easy_ham_2/00489.6da145a3fb2e350f6e3613b4c5e6cc74#488,0,2761
20030228_easy_ham_2/00490.9c5dd006a16b1e30c9162ba4b4b75ea8#489,0,2762
20030228_easy_ham_2/00491.bfa886e46011d333b0d3654ea0579210#490,0,2762
20030228_easy_ham_2/00492.bc9e8dcbe986afe7ed1f38e988f43c8b#491,0,2763
20030228_easy_ham_2/00493.0f1f8d8b91f935166791f0d2e612d4af#492,0,2764
20030228_easy_ham_2/00494.33de9f88fb2321b2a58c72157d8d3db7#493,0,2762
20030228_easy_ham_2/00495.727ea275e5530758b79884779603b7e0#494,0,2765
20030228_easy_ham_2/00496.608cbc8b542fc2bcf45665af87d2f67e#495,0,2766
20030228_easy_ham_2/00497.90e2604fc85ac552b46a924e795302a7#496,0,2767
20030228_easy_ham_2/00498.637db80f2612123a12e1081ee90aff41#497,0,2767
20030228_easy_ham_2/00499.b66750ed646219a0524a648a061dfa67#498,0,2767
20030228_easy_ham_2/00500.2c54eea1fb7f8bad057871a317212ad6#499,0,2767
20030228_easy_ham_2/00501.172ccb009ff118f79f709c80e04d57c3#500,0,2768
20030228_easy_ham_2/00502.2511079910fd2e05b0bd52d6bf10a89b#501,0,2765
20030228_easy_ham_2/00503.a066025f6fc03a6b0439c30d0d9bc419#502,0,2769
20030228_easy_ham_2/00504.7c9ab4bdaee07ac93b10bba3d285ae68#503,0,2770
20030228_easy_ham_2/00505.15d586847e2892ae31edf11d6c57b855#504,0,2771
20030228_easy_ham_2/00506.0da92177d7ab811260fc4580acc947c0#505,0,2772
20030228_easy_ham_2/00507.33eb248faaa35e9d98296e66f5af8eb9#506,0,2773
20030228_easy_ham_2/00508.b64dddcc41f7261d501039cd62c9f61d#507,0,2774
20030228_easy_ham_2/00509.1aed8c49f2619293b85f32f1a9b639e8#508,0,2775
20030228_easy_ham_2/00510.009387361ea1c789d9d7e3f027a50af5#509,0,2776
20030228_easy_ham_2/00511.9de62092d57725e40cb59410c9abfe79#510,0,2777
20030228_easy_ham_2/00512.87948db57ca6071196464b4a71de67bc#511,0,2778
20030228_easy_ham_2/00513.47608b2ef244915c124634e19c198150#512,0,2779
20030228_easy_ham_2/00514.7e91be47b3ec2e2cafef70e325fe51df#513,0,2780
20030228_easy_ham_2/00515.b39512509fd4f39fb1cf50248c37564f#514,0,2781
20030228_easy_ham_2/00516.9cb76e3eb6ac554aab86276264e7a4be#515,0,2782
20030228_easy_ham_2/00517.791e35e7e482d4fd3ff27e4eb3da18d3#516,0,2783
20030228_easy_ham_2/00518.75a6106951badcc0b22c46612fd3b960#517,0,2784
20030228_easy_ham_2/00519.dbabb40aba559ddcf7d00cf6f483f215#518,0,2785
20030228_easy_ham_2/00520.f413e3949093cb0a998c6bcb0123b809#519,0,2786
20030228_easy_ham_2/00521.1142a34d4fa26153d40064954ca10da9#520,0,2787
20030228_easy_ham_2/00522.50b10d21dc95b7ac83c48f1efa6455dc#521,0,2788
20030228_easy_ham_2/00523.af946124a6fe4b8913ea4bb65f5d2df3#522,0,2789
20030228_easy_ham_2/00524.a1769453cf16388f038ca9ebc8cc7b71#523,0,2790
20030228_easy_ham_2/00525.b4f3489039137593e0afc1db9ba466cb#524,0,2791
20030228_easy_ham_2/00526.618ca98770b667fd66a8a278bb1b7b5c#525,0,2792
20030228_easy_ham_2/00527.23df8fd40b46ca100ce683289ec0c961#526,0,2793
20030228_easy_ham_2/00528.8b92b7e294dfb583ba3b503e15401c59#527,0,2792
20030228_easy_ham_2/00529.dc4d60c1ae44f29f249ebcba42e0d179#528,0,2794
20030228_easy_ham_2/00530.692addc8166eb0acb82908023008e1d2#529,0,2795
20030228_easy_ham_2/00531.5974f92db981f4b08a71eb6a774d7b15#530,0,2796
20030228_easy_ham_2/00532.f28f9c07ed2a6925cdfc4eb6454901f9#531,0,2797
20030228_easy_ham_2/00533.2f8894932bd7894c46fcf7715895d927#532,0,2798
20030228_easy_ham_2/00534.962838bf5318d3d03d23385921f2c9f9#533,0,2799
20030228_easy_ham_2/00535.48113b12c71d26438fdab9d6bfce0972#534,0,2800
20030228_easy_ham_2/00536.d9e0a6096220deb21fae9f92f61983ba#535,0,2801
20030228_easy_ham_2/00537.ae31b398b737ac17e44a17ae46818261#536,0,2802
20030228_easy_ham_2/00538.ee49a1c5453adab3dcec525ef63dd50b#537,0,2803
20030228_easy_ham_2/00539.4bbe4300d3fcd3f940045bed4ce31457#538,0,2804
20030228_easy_ham_2/00540.529114377e8e602dba87ecf454cf132f#539,0,2805
20030228_easy_ham_2/00541.1265a8b805fce9d4f83a840966d82a6b#540,0,2806
20030228_easy_ham_2/00542.770c6e6b9f14acd8be67b2fb37d6dd9e#541,0,2807
20030228_easy_ham_2/00543.5ba1d9e8383ecbba9dc5733e9822ee1b#542,0,2808
20030228_easy_ham_2/00544.f3b57aa07af3f3280e917659195f8370#543,0,2804
20030228_easy_ham_2/00545.e940867b2fe3a1b091d74986f7a8a91a#544,0,2809
20030228_easy_ham_2/00546.b2fa5914e24fd62a528ea0c37039362f#545,0,2810
20030228_easy_ham_2/00547.a4bff0b61d5617808712cf2085aa8170#546,0,2811
20030228_easy_ham_2/00548.9df9bd35a18874dcf39ec227a063b847#547,0,2812
20030228_easy_ham_2/00549.703d3fc9f56814c467616f8aac31d22d#548,0,2812
20030228_easy_ham_2/00550.ed489788f36c6cf580b286323712f99a#549,0,2813
20030228_easy_ham_2/00551.6b4053cfee95cebc96ffe991178ca79d#550,0,2814
20030228_easy_ham_2/00552.bb5ababab06288f157e62ec89340d6c2#551,0,2815
20030228_easy_ham_2/00553.a34829179595f5aefb083a26b5bc3576#552,0,2816
20030228_easy_ham_2/00554.ce77b9d5b74e0fa03b1d97d172dbfc4d#553,0,2814
20030228_easy_ham_2/00555.219cc078f109a6eea18c579f143a8cef#554,0,2817
20030228_easy_ham_2/00556.b788fec72ef851b2cbffad150040249d#555,0,2818
20030228_easy_ham_2/00557.06053871b532fd4092d223389440c36e#556,0,2819
20030228_easy_ham_2/00558.431af6feeeb2828bd7e49e10db4f6b36#557,0,2820
20030228_easy_ham_2/00559.21c70c91d59b138e27edf65c13a6b78b#558,0,2821
20030228_easy_ham_2/00560.c78137c1f7c46d509629b5283860497f#559,0,2822
20030228_easy_ham_2/00561.3e703cebc65221a731b98dc16d963d94#560,0,2823
20030228_easy_ham_2/00562.0f377593022357878ec2249f0c9a5f08#561,0,2824
20030228_easy_ham_2/00563.f4a00af5c67850407e4200df11e458d3#562,0,2824
20030228_easy_ham_2/00564.5d9d3d4ebddcd338604ae63d5b01f037#563,0,2825
20030228_easy_ham_2/00565.630d62a91f6d1b297a2069007700e2ae#564,0,2826
20030228_easy_ham_2/00566.dbc5fe0b052e8d60b7a4e1d40f0d9652#565,0,2827
20030228_easy_ham_2/00567.c05df9b21feaaef843a3decc2727f436#566,0,2828
20030228_easy_ham_2/00568.4bfc868e8de382e58f6d9baee080b56a#567,0,2829
20030228_easy_ham_2/00569.76b6e6837716e2abd44bd173abeca99b#568,0,2830
20030228_easy_ham_2/00570.a8f739b7a0c060d178c0f6c01152b6aa#569,0,2831
20030228_easy_ham_2/00571.f40af0c5bd3cc0bc6cd1c43eafa48b49#570,0,2832
20030228_easy_ham_2/00572.de050685895059e75d0a472c6b203376#571,0,2833
20030228_easy_ham_2/00573.820e675aeeb4ccdea8885962bcb877eb#572,0,2834
20030228_easy_ham_2/00574.ca8de7c19bacedefb060405b55d13c29#573,0,2835
20030228_easy_ham_2/00575.4fea6123edb74361f0cf88c7621174e0#574,0,2836
20030228_easy_ham_2/00576.da562ad33f7db223b12b85e2eb9fdefe#575,0,2837
20030228_easy_ham_2/00577.1eda2cf255a8628824556504e064df4d#576,0,2838
20030228_easy_ham_2/00578.9c1b9956370b439f73cb2073037661fb#577,0,2839
20030228_easy_ham_2/00579.1edb9f97788573fae80c93879a38aa1c#578,0,2839
20030228_easy_ham_2/00580.7dd943cb2a791ae9600144dee69f27b1#579,0,2840
20030228_easy_ham_2/00581.b2fd69fe02091cf73bb1b60f282ff1a7#580,0,2841
20030228_easy_ham_2/00582.eb99fccc8d6528aa1e2b1b7a1f0d4160#581,0,2842
20030228_easy_ham_2/00583.4e1e6bdeb100a418bf58b45be23f1f27#582,0,2841
20030228_easy_ham_2/00584.f206aaba715a53da60ffdb9217b2afb3#583,0,2841
20030228_easy_ham_2/00585.a9763d3908545b69df03e1f239af6f28#584,0,2843
20030228_easy_ham_2/00586.fa3be9fc6e06d6f6cb551a84a8b45f63#585,0,2844
20030228_easy_ham_2/00587.31524eb0acc6a8a3d99a5d1470901a51#586,0,2845
20030228_easy_ham_2/00588.caf92e986cd8f22e2c173b75f6b87a6b#587,0,2844
20030228_easy_ham_2/00589.23fd7ba6490b9990e197f84ec11261e8#588,0,2846
20030228_easy_ham_2/00590.f2710adbdbe869b2a39d00b60ef9aee3#589,0,2847
20030228_easy_ham_2/00591.ede8a2398d8d79a213d06480dad691ce#590,0,2848
20030228_easy_ham_2/00592.4ec37bb1a3a2ffab9cb80b8568c907dc#591,0,2849
20030228_easy_ham_2/00593.3d1c3a023a9d90edc0436d0619a0b7d2#592,0,2850
20030228_easy_ham_2/00594.1b0e89701a0b9d3bea4d1f940365ad6a#593,0,2851
20030228_easy_ham_2/00595.46be8a4c508859d94795ad67c4d55a77#594,0,2852
20030228_easy_ham_2/00596.44be3fbfd666d5c254fece3178823076#595,0,2846
20030228_easy_ham_2/00597.993f1ed03ea8c5eb3526fb2a658bccfb#596,0,2853
20030228_easy_ham_2/00598.3669860113623394add3a85c8774859b#597,0,2854
20030228_easy_ham_2/00599.4b9e5d55f5bb001974345a0439e6f93d#598,0,2855
20030228_easy_ham_2/00600.adbd0b394deb5ce69455ed88f8a09098#599,0,2856
20030228_easy_ham_2/00601.2f32c4ddbfc8c2c0c147ece6f7346de1#600,0,2857
20030228_easy_ham_2/00602.d08c9eea32d96d5e831bb37faa0b311b#601,0,2856
20030228_easy_ham_2/00603.daa03eaf6ed52d99bcc36d0f68fdd33a#602,0,2858
20030228_easy_ham_2/00604.b79c959719f5f325067852352496e07a#603,0,2859
20030228_easy_ham_2/00605.72e165cec076afb86bf1c0487a102bce#604,0,2860
20030228_easy_ham_2/00606.aff1067a665502934f28d2494bf9ed29#605,0,2861
20030228_easy_ham_2/00607.c72e1448ce18361a82550ed78a579d47#606,0,2862
20030228_easy_ham_2/00608.9fb43d1696643a1e5799370b089870b8#607,0,2863
20030228_easy_ham_2/00609.dd49926ce94a1ea328cce9b62825bc97#608,0,2864
20030228_easy_ham_2/00610.a062f84694d7513868326164eeb432fd#609,0,2865
20030228_easy_ham_2/00611.f414a72ef66b7df242391b54b16a0b2f#610,0,2866
20030228_easy_ham_2/00612.cb68c495a2f64d9f3a25fecbc176e961#611,0,2867
20030228_easy_ham_2/00613.80ccdadbbc27715a03f1f59580405340#612,0,2868
20030228_easy_ham_2/00614.7dad3f5897429242a45a480c00fc2469#613,0,2869
20030228_easy_ham_2/00615.23556d88fcb1179b25083cfc41017f42#614,0,2870
20030228_easy_ham_2/00616.d760bb16b06ae9952561541de4e29e78#615,0,2860
20030228_easy_ham_2/00617.3900da1df666d45653492bd0f47fdada#616,0,2871
20030228_easy_ham_2/00618.e0dddffe4b7b4a18be1fbb61226a504c#617,0,2872
20030228_easy_ham_2/00619.d7ae568cebb376dc79b0c4db8fdd9293#618,0,2873
20030228_easy_ham_2/00620.f515234db3aec0db283f64aabaa046ac#619,0,2874
20030228_easy_ham_2/00621.3e51dbf7cab33bc8f8ab13f34c273b33#620,0,2875
20030228_easy_ham_2/00622.1d8e9e4c3e8e00a382595b6a2e6954ab#621,0,2876
20030228_easy_ham_2/00623.8bf6da05b986d3b16c208102e1c266f2#622,0,2876
20030228_easy_ham_2/00624.00d7f6ac63e5869c289ea55e2ca4c03d#623,0,2875
20030228_easy_ham_2/00625.bbf5ca2daab931ec64d953936f25f0b9#624,0,2877
20030228_easy_ham_2/00626.d1d8532700598e8cd3f542f919274a6b#625,0,2878
20030228_easy_ham_2/00627.31852759f370656c49f987fd28fed691#626,0,2879
20030228_easy_ham_2/00628.f03f3008b1f1621e0df41f75d5ffcd58#627,0,2880
20030228_easy_ham_2/00629.822888a70c5b689638ff332eea661e6f#628,0,2881
20030228_easy_ham_2/00630.049b94ad0f9919c1f39408adb4efddad#629,0,2882
20030228_easy_ham_2/00631.3f9351806af9a88f93169ee3416e4502#630,0,2883
20030228_easy_ham_2/00632.d171d66f937e72574b5d880346e0b628#631,0,2884
20030228_easy_ham_2/00633.673238f16e0f9bacf6f3bb65da669a64#632,0,2885
20030228_easy_ham_2/00634.610f63c7f967ce4bd006d31caa9d8c00#633,0,2885
20030228_easy_ham_2/00635.1003c1e3894e3a1ab710eef5abf381b9#634,0,2886
20030228_easy_ham_2/00636.934784d4ed76cc8ad094ac8261dd9bcf#635,0,2887
20030228_easy_ham_2/00637.b8b627542a5af9e99890aff7a73c7754#636,0,2888
20030228_easy_ham_2/00638.0f45c20ba51fff7284350d23e79a86cf#637,0,2889
20030228_easy_ham_2/00639.43637fbcd1f0ec1e40b1a14df77a5f66#638,0,2890
20030228_easy_ham_2/00640.04d998e4ce436cfaf73280a77ee268a1#639,0,2891
20030228_easy_ham_2/00641.a4e760e8ab2d1fb7302559751ab28d27#640,0,2892
20030228_easy_ham_2/00642.c7266ceeb9cb8ec38597c40c47cc9ec0#641,0,2893
20030228_easy_ham_2/00643.cc9dcaf6c8befb9ebdff42e47aa0fe1e#642,0,2894
20030228_easy_ham_2/00644.d59c01bb3dcc7e4f5db98e5d225d240a#643,0,2895
20030228_easy_ham_2/00645.a7332dcc1cb55cadebf1560272154304#644,0,2896
20030228_easy_ham_2/00646.c53090843b18c74093da2d24bcb1c844#645,0,2897
20030228_easy_ham_2/00647.97e77e8264c32c8b05077edc15721ba2#646,0,2898
20030228_easy_ham_2/00648.fc71a05914ca9ff0ecaaf09744c4c5f5#647,0,2899
20030228_easy_ham_2/00649.f37f324ee23e200328c293c984453938#648,0,2900
20030228_easy_ham_2/00650.72e893edc133cd4fc90b9de30119210d#649,0,2900
20030228_easy_ham_2/00651.12f128c13a64f4e485ee64532686b88b#650,0,2901
20030228_easy_ham_2/00652.be6b3138d3d7304c73ebba1ba3f687d1#651,0,2902
20030228_easy_ham_2/00653.41f993b29996e0e099849f377ae280e4#652,0,2903
20030228_easy_ham_2/00654.7e84d693f6d2dc216aa501c47db607f7#653,0,2904
20030228_easy_ham_2/00655.dea06b9020d30935ba9ae646d2bdbb20#654,0,2905
20030228_easy_ham_2/00656.c98a29533dfb50a54f56357d231ddf13#655,0,2906
20030228_easy_ham_2/00657.fc4f6dad06d3d73f5c8280661df78ad8#656,0,2907
20030228_easy_ham_2/00658.5435061ef0a4e986500dbd90d9ae6d0b#657,0,2908
20030228_easy_ham_2/00659.02e6dd777f837798533eae8f3b6a0491#658,0,310
20030228_easy_ham_2/00660.c8c35d2043accdd060b0eafe48d1da18#659,0,2909
20030228_easy_ham_2/00661.cc133729fcb2b0dc9ea6b6de53aa39a5#660,0,2910
20030228_easy_ham_2/00662.8013a46a2c4e3ecd27a9cc16b5dedc70#661,0,2911
20030228_easy_ham_2/00663.660f0334bb6d89793e3d3bb5367cd9c1#662,0,2912
20030228_easy_ham_2/00664.28f4cb9fad800d0c7175d3a67e6c6458#663,0,2913
20030228_easy_ham_2/00665.087e07e6a5f47598db0629c21e6e1a70#664,0,2914
20030228_easy_ham_2/00666.009d6116caed8ebd2b48febcea7b6c38#665,0,2915
20030228_easy_ham_2/00667.eafd31575b60bc580d8a2e8db46da6bc#666,0,2916
20030228_easy_ham_2/00668.0c194428812d424ce5d9b0a39615b041#667,0,2917
20030228_easy_ham_2/00669.e1bd56f6a261852d752e086ae3f8f93d#668,0,2918
20030228_easy_ham_2/00670.cf4700dea8b59597f608d0e7062e605a#669,0,2919
20030228_easy_ham_2/00671.3476f7a6caccb8f155cb4eda72a1a6f2#670,0,2920
20030228_easy_ham_2/00672.96646a3185ee6d8828c0ca3d1e91ce0a#671,0,2921
20030228_easy_ham_2/00673.aea009bf14e6a5ca613e7ae735506890#672,0,2922
20030228_easy_ham_2/00674.bce8a0d5cf2fcc9888c9c2f88725df78#673,0,2923
20030228_easy_ham_2/00675.b8a6844708d4c10a47688c8344048eb2#674,0,2924
20030228_easy_ham_2/00676.807a365c8b51d59e122b11c95d2d984a#675,0,2925
20030228_easy_ham_2/00677.691e4626992039c8ae0c24dd2b93d8a3#676,0,2926
20030228_easy_ham_2/00678.7562e626b536eb5c1534ec1de6cb8259#677,0,2927
20030228_easy_ham_2/00679.4cece88c654b4e5936921c5d4072797d#678,0,2928
20030228_easy_ham_2/00680.ee1366b6b29202f0ffe65753ee37f0a4#679,0,2929
20030228_easy_ham_2/00681.b82e0f297d0ca719567dc764da63e8b7#680,0,2930
20030228_easy_ham_2/00682.ed1e8972923a1eb98875e4a2b87f6f60#681,0,2931
20030228_easy_ham_2/00683.747e1fca94486b79547aa91adab15b1d#682,0,2932
20030228_easy_ham_2/00684.87add8c5e89bb21bf9c39083a03a6eeb#683,0,2933
20030228_easy_ham_2/00685.57055c8d73f474ca70c15b955439e183#684,0,2934
20030228_easy_ham_2/00686.e72932a083f77eaf366109752c89a60b#685,0,2935
20030228_easy_ham_2/00687.8b31d13e4d04a9e78a7e01b491f6d2f6#686,0,2936
20030228_easy_ham_2/00688.f08034280cb30919f77f093881d60b26#687,0,2937
20030228_easy_ham_2/00689.ae6cd2a1fe148629b6d4e11fba10cd8c#688,0,2938
20030228_easy_ham_2/00690.dd9bb1e5bc14e171cfc67e0ab3ac850f#689,0,2939
20030228_easy_ham_2/00691.434cbad49360cfdb01513f4855b6c30b#690,0,2940
20030228_easy_ham_2/00692.69f326feb3c0f97fe44f1af81f51db19#691,0,2941
20030228_easy_ham_2/00693.2183b91fb14b93bdfaab337b915c98bb#692,0,2942
20030228_easy_ham_2/00694.a56619f593077d85ce28a4fafe547ab7#693,0,2943
20030228_easy_ham_2/00695.2de9d6d30a7713e550b4fd02bb35e7b4#694,0,2944
20030228_easy_ham_2/00696.68cf3578a4cc3767f75ba2c5814533ef#695,0,2945
20030228_easy_ham_2/00697.9de5ecfe0d0b4dabbcae403f51223644#696,0,2946
20030228_easy_ham_2/00698.e702f66ebf743b81ba479bf54795bcca#697,0,2947
20030228_easy_ham_2/00699.92050ab0ff44527ebf0358341ba86684#698,0,2947
20030228_easy_ham_2/00700.d42457f1ab4340c5517eaa695cb675fa#699,0,2948
20030228_easy_ham_2/00701.8b14364405ca52ffd1de36203f35eac2#700,0,2949
20030228_easy_ham_2/00702.512ab0c1a1654aa43dc93c7e23a9d859#701,0,2950
20030228_easy_ham_2/00703.f305b0d4c58eed983e9540d3105e7fac#702,0,2951
20030228_easy_ham_2/00704.3dfe79a0f9c53d51328d0b6af88d1e02#703,0,2952
20030228_easy_ham_2/00705.7ff90bba3250a39362816997bbd728ef#704,0,2953
20030228_easy_ham_2/00706.8572fad402b05b1931dfef0b5ec7ff48#705,0,2954
20030228_easy_ham_2/00707.2439cb7e02ff7c87aafc09956f89ea28#706,0,2955
20030228_easy_ham_2/00708.eee4a91d45eee5847fa113eca3da4535#707,0,2956
20030228_easy_ham_2/00709.d268c5ab16687251cb4c55c633f93134#708,0,2957
20030228_easy_ham_2/00710.dcb21a6dd9ec8db27498f79d2e61e10c#709,0,2958
20030228_easy_ham_2/00711.6a9d9ebbb5c459d2877ac8a064eb1bae#710,0,2959
20030228_easy_ham_2/00712.e086301e1a13209a567bc2ae0c5ec1d9#711,0,2960
20030228_easy_ham_2/00713.49b7b319d69b2dc2bc27a5dd206750a0#712,0,2961
20030228_easy_ham_2/00714.15dea0aa20430242a5527e0f928eb8d4#713,0,2962
20030228_easy_ham_2/00715.c11e77af45a2debe41aed46b2be09d59#714,0,2963
20030228_easy_ham_2/00716.fd7eaea72c93e40a0ccff80ff8abe24f#715,0,2964
20030228_easy_ham_2/00717.e15f1e668f85071ea982e99b18e9b538#716,0,2965
20030228_easy_ham_2/00718.9c814926c32a81ae9a66e55999e160d3#717,0,2966
20030228_easy_ham_2/00719.d3f6422685d691cd7d0aea8851b831f9#718,0,2967
20030228_easy_ham_2/00720.b32e7900b189a55cf7207e9633f5c437#719,0,2968
20030228_easy_ham_2/00721.39d6783c5838169bfa901056e6c8a5b2#720,0,2969
20030228_easy_ham_2/00722.7f846f5a56c251c9c49e7bd756df45d4#721,0,2970
20030228_easy_ham_2/00723.961bd5a10fb642402296d7d28a82cfeb#722,0,2971
20030228_easy_ham_2/00724.c5a687a60e45b7e78ec560a3eadffdee#723,0,2972
20030228_easy_ham_2/00725.1ff00314bb409ff8506cd3d6f704d56a#724,0,2973
20030228_easy_ham_2/00726.502b93f1aac603deea8b9b4f0c4d098d#725,0,2963
20030228_easy_ham_2/00727.0e0eaefdffb144657140c062e5cc6697#726,0,2974
20030228_easy_ham_2/00728.22d62ccf90ef6289df3ace7a14e14169#727,0,2975
20030228_easy_ham_2/00729.733ee0faa56c33c52cb73337b7986261#728,0,2976
20030228_easy_ham_2/00730.9c53ad2d4e49284023f1ead62c033715#729,0,2977
20030228_easy_ham_2/00731.501da80bfbc49ec6a80100aef3a6cf0d#730,0,2978
20030228_easy_ham_2/00732.33c5576e36d753b597c0f5ecf26f16e9#731,0,2979
20030228_easy_ham_2/00733.8e51537a410ca42b33ae41f5973132d6#732,0,2980
20030228_easy_ham_2/00734.07453769e34240099704aaf247f6fe0b#733,0,2981
20030228_easy_ham_2/00735.cc6d7c2f483b7368337750b02ce1f9a6#734,0,2982
20030228_easy_ham_2/00736.95ca3601862ea15634f3dec16aef3e4b#735,0,2983
20030228_easy_ham_2/00737.1c096ffc019ac810e5db051fb8746bd8#736,0,2984
20030228_easy_ham_2/00738.05f8a7eadad0c0866eb3bcd815e4a735#737,0,2985
20030228_easy_ham_2/00739.dbf08fcc01fee2e659d36fe697230097#738,0,2986
20030228_easy_ham_2/00740.ee2bca9de808193c2af8a0c0212f752e#739,0,2987
20030228_easy_ham_2/00741.69c01dfaf0584817f92435ebd0e7c8c3#740,0,2988
20030228_easy_ham_2/00742.ce72d7c8245e881d6e0ee5d8e9cfabab#741,0,2989
20030228_easy_ham_2/00743.7787f0f8205e4ff2226a563c39b81039#742,0,2990
20030228_easy_ham_2/00744.42d3e687c07b8a21b4796a6f72f24186#743,0,2991
20030228_easy_ham_2/00745.17068ba58d3abff5214b3cac4af05ef6#744,0,2992
20030228_easy_ham_2/00746.f4c184425d9abb4a1c916e664ffc2199#745,0,2993
20030228_easy_ham_2/00747.352d424267d36975a7b40b85ffd0885e#746,0,2994
20030228_easy_ham_2/00748.aba6a0bb7191962f47f3731e37bbb268#747,0,2995
20030228_easy_ham_2/00749.3500b619df0119e64fc177b3b6eff006#748,0,2996
20030228_easy_ham_2/00750.4e6d7b346042e39f416017bb3292bd08#749,0,2996
20030228_easy_ham_2/00751.a0032491c92110b238d52c93ae977322#750,0,2996
20030228_easy_ham_2/00752.9d42af4f7e4f69a403ee8387742e3f08#751,0,2997
20030228_easy_ham_2/00753.373de9a53cc7e59ebf91f4e27099799b#752,0,2998
20030228_easy_ham_2/00754.7ef282943b46f61c8453c38e45124ae2#753,0,2999
20030228_easy_ham_2/00755.6ca22fe516192bac1845392406ff918d#754,0,3000
20030228_easy_ham_2/00756.2b2ec73ad20a4e0bdf31632ac019233b#755,0,3001
20030228_easy_ham_2/00757.7aeba72e6fd31d31196843f3238197b5#756,0,3002
20030228_easy_ham_2/00758.194febdefd4966975123ed1e472b4db4#757,0,3003
20030228_easy_ham_2/00759.59d03df774834b507dcab63ed02ef577#758,0,3004
20030228_easy_ham_2/00760.c97fe36818c28d0dec542f294a0771b9#759,0,3005
20030228_easy_ham_2/00761.f626f551015996bcfdc414224c5fe06b#760,0,3006
20030228_easy_ham_2/00762.33cb23d036d704e77b20ec7b4918a0b0#761,0,3007
20030228_easy_ham_2/00763.56048764a923575d091a576a35803947#762,0,3008
20030228_easy_ham_2/00764.45b68b142682601c627298dac056103e#763,0,3009
20030228_easy_ham_2/00765.faf588d84afc2fef853ab73a5b797cce#764,0,3010
20030228_easy_ham_2/00766.3c60b4a3900ab239864deb0f2c411577#765,0,3011
20030228_easy_ham_2/00767.2f469c1c4cfaf3d52a9340d2f5c12acc#766,0,3012
20030228_easy_ham_2/00768.23c2c636203be69ecbbde86ff686598f#767,0,3013
20030228_easy_ham_2/00769.f393aa552513fa0f55aa7d3229dd25d3#768,0,3014
20030228_easy_ham_2/00770.8cb32504b46873dd138e648e2207e4a0#769,0,3015
20030228_easy_ham_2/00771.0bb4530c388956332274668ddef8daf6#770,0,3016
20030228_easy_ham_2/00772.c3b24116536159a3568324b3310a48df#771,0,3017
20030228_easy_ham_2/00773.588b49e12a139c86b8680ce0aa9328a4#772,0,2999
20030228_easy_ham_2/00774.4597cd41ff06a2de83c33c801f1f5321#773,0,3018
20030228_easy_ham_2/00775.b349859dad830b699c93d3c8e14b3ab2#774,0,3019
20030228_easy_ham_2/00776.7df92458e9cf04b8873c406bde7d2fbe#775,0,3020
20030228_easy_ham_2/00777.a45ca2c13a7b315320be10b4aec366d4#776,0,3021
20030228_easy_ham_2/00778.872cb9fec7cf22289b5729b680f7765e#777,0,3022
20030228_easy_ham_2/00779.447369a2496e46d8e73dec75a8e3885c#778,0,3023
20030228_easy_ham_2/00780.8a0cad9870b20617d68fff0b4f73c4ad#779,0,3024
20030228_easy_ham_2/00781.0203d246910dfa78467517ba7d45adc6#780,0,3025
20030228_easy_ham_2/00782.4a37d36abd4addbefe173fde38e9e712#781,0,3026
20030228_easy_ham_2/00783.c4f1bbae8bcdcbcd25a2090effe54deb#782,0,3027
20030228_easy_ham_2/00784.45e680f25135076df8a3e88739c4e1d7#783,0,3028
20030228_easy_ham_2/00785.ba3a0a9d41b06b7fd1ea6025a417dfd1#784,0,3029
20030228_easy_ham_2/00786.7d159de800532f2490f5facf98cf0c05#785,0,3030
20030228_easy_ham_2/00787.8bb5931af6f31bcb63ec035ef4bab991#786,0,3031
20030228_easy_ham_2/00788.4fe7ac37abaf058662d024d6c482119a#787,0,3032
20030228_easy_ham_2/00789.f5ae0a050a9e179558e9d351d9cfb7d2#788,0,371
20030228_easy_ham_2/00790.ec6b7979abbf5a47d6531804cb025fe2#789,0,3033
20030228_easy_ham_2/00791.14ee5f2a2aeeea8dc5440ed607c59e59#790,0,3034
20030228_easy_ham_2/00792.0456a0df8da92cfb4d989b517ed0ff57#791,0,3035
20030228_easy_ham_2/00793.b4ae3b05f6b8dfc24f8a92ab759ba54d#792,0,3036
20030228_easy_ham_2/00794.8d6555404c1d4bedbeab101ffc3dbc5f#793,0,3037
20030228_easy_ham_2/00795.544a6cb2049f00c48090fe11ef8ca566#794,0,3038
20030228_easy_ham_2/00796.ed58374c0325e41f2ab267d5c4bf0b28#795,0,3039
20030228_easy_ham_2/00797.67afafcb6abaa29b1f92fafa4e153916#796,0,3040
20030228_easy_ham_2/00798.f0b6d4915a856bc13e789d766b13fcb9#797,0,3041
20030228_easy_ham_2/00799.43fc9562e5a55f83f0ff75fd648bbe87#798,0,3042
20030228_easy_ham_2/00800.637e40d44b7ab77b9d1cfab3e54166b7#799,0,3043
20030228_easy_ham_2/00801.7bf3e5a17eb6587413340cd5e811726e#800,0,3044
20030228_easy_ham_2/00802.5b2b41e76c466cbf4eea8076fd8669ac#801,0,3045
20030228_easy_ham_2/00803.6fc0c081e3cda7194e3633ea90d146e5#802,0,3046
20030228_easy_ham_2/00804.56e419cefe00bfbf4e1bcc1b4be47ae1#803,0,3047
20030228_easy_ham_2/00805.77504386507753ce46fc385f2aa4ec37#804,0,3048
20030228_easy_ham_2/00806.ebef316cd567c95011241a5b9b504984#805,0,3049
20030228_easy_ham_2/00807.2fb463a44983d6fd135a94a84be2efa0#806,0,3050
20030228_easy_ham_2/00808.95183a30c4c828faafc49bd5e0796cb2#807,0,3051
20030228_easy_ham_2/00809.82dca2e58adfc50ae70461281f0eebb3#808,0,3052
20030228_easy_ham_2/00810.c6ed8e1050ae1d68001f4da5f2cd100a#809,0,3053
20030228_easy_ham_2/00811.f861ac99dbc361bdd3883d0f5d1d93e3#810,0,3054
20030228_easy_ham_2/00812.52239718d2ff1d0388963af6c7d0fcc6#811,0,3055
20030228_easy_ham_2/00813.6598e1ef9134cf77f48bca239e4ba2dc#812,0,3056
20030228_easy_ham_2/00814.ff683942c515bea6e0d58b02f54287c5#813,0,3057
20030228_easy_ham_2/00815.b6974616e6d50c4c37c2d6e9b289f60d#814,0,3058
20030228_easy_ham_2/00816.953e88a20d4acc17467a8ee832481093#815,0,3059
20030228_easy_ham_2/00817.2a6a5aea0eb48763d4c5c96793ea0a23#816,0,3060
20030228_easy_ham_2/00818.7e22fb9cf0354e4762607077254f7d68#817,0,3061
20030228_easy_ham_2/00819.39ff42965811bdaa6826039609cb6c15#818,0,3062
20030228_easy_ham_2/00820.e5d2e908488ec046b304739017aa4d8b#819,0,3063
20030228_easy_ham_2/00821.ecfe5e599c9cdec3a6fa0f5d87674f69#820,0,3064
20030228_easy_ham_2/00822.8fd6be728df2b49bd24e9293a9a45db5#821,0,3065
20030228_easy_ham_2/00823.d8ecd70437b16c3ecb0e8a496c34514b#822,0,3066
20030228_easy_ham_2/00824.e26eecaa9810cd5561f057ed49e9b5fb#823,0,3067
20030228_easy_ham_2/00825.27263f8c262ba33a858e0ebff56510cf#824,0,3068
20030228_easy_ham_2/00826.b128ecf0f8573722f8a41e6927c4c252#825,0,3069
20030228_easy_ham_2/00827.9eeade6e8d5bd981fb4fe82132f2645e#826,0,3070
20030228_easy_ham_2/00828.47851f2029854a0a9987c89b74a4c912#827,0,3071
20030228_easy_ham_2/00829.28cef3aab019aea7ee4b0cae83f4cc4f#828,0,3072
20030228_easy_ham_2/00830.5d4c60cba2924e9a7d484a105dbd7b08#829,0,3073
20030228_easy_ham_2/00831.7a1dcc977a5a5e7080848af6614fbcbb#830,0,3074
20030228_easy_ham_2/00832.5822c35b368075282fd6059a5700d364#831,0,3075
20030228_easy_ham_2/00833.c9204bbf8363eddf06ccb8b9489ae59c#832,0,3076
20030228_easy_ham_2/00834.c820e444255bc80fafd01933f05703d6#833,0,3077
20030228_easy_ham_2/00835.90603de9b085b1871c7fa52f077b1437#834,0,3078
20030228_easy_ham_2/00836.79ada0b7c57bb8216a015213c9f490e4#835,0,3079
20030228_easy_ham_2/00837.c5b7dba1189b678f293ac948c70cd63f#836,0,3080
20030228_easy_ham_2/00838.d56da6f1765f9d2e7ffea378549f8993#837,0,3081
20030228_easy_ham_2/00839.956327b3652607615ce2920aa5414dcb#838,0,3082
20030228_easy_ham_2/00840.49f8f5847e553c654524fcf531212b1a#839,0,3083
20030228_easy_ham_2/00841.29703fd8bff8c1bed489e8af205d0609#840,0,3084
20030228_easy_ham_2/00842.9eb56fa231a7aa2555c7993d0c226b68#841,0,3060
20030228_easy_ham_2/00843.b26541d28a2a01ed3f2e9e5597ea321d#842,0,3085
20030228_easy_ham_2/00844.d212ae45e726f9913ef475cc8cf66673#843,0,3086
20030228_easy_ham_2/00845.4c0c5a6704677c7757df054cec549bd8#844,0,3087
20030228_easy_ham_2/00846.a603afcbab0796cbe45d3be854562598#845,0,3088
20030228_easy_ham_2/00847.d369bf288bfbf485becfb13b7d625dca#846,0,3089
20030228_easy_ham_2/00848.a7399507608719a6c564442bb52f6bdf#847,0,3090
20030228_easy_ham_2/00849.46a55512abd378c6158e43b88acf3ed0#848,0,3091
20030228_easy_ham_2/00850.52463321d8b8160b6ca3662271bf43f1#849,0,3092
20030228_easy_ham_2/00851.1c383f4f3509d668819671ab1e20650e#850,0,3093
20030228_easy_ham_2/00852.07c49784957215c425e1aa26fba952e4#851,0,3094
20030228_easy_ham_2/00853.5143b7f1299929834f26c74f40bdc537#852,0,3095
20030228_easy_ham_2/00854.8ccfb8ad116ea10b46c7c1d7ad50aab8#853,0,3096
20030228_easy_ham_2/00855.25cdd1d4b3805757439866eb261643f6#854,0,3097
20030228_easy_ham_2/00856.9ab953cc26ee85b5e634a80dc93c9baa#855,0,3098
20030228_easy_ham_2/00857.f312939fbacf18adba52a47cde6f0351#856,0,3099
20030228_easy_ham_2/00858.e8e0fa3478d7d66a23b1ead07beecc18#857,0,3100
20030228_easy_ham_2/00859.a2805ce0a8b229f9ba52ea18703abeef#858,0,3101
20030228_easy_ham_2/00860.1c589ac98a09bd68145855672377c36f#859,0,3102
20030228_easy_ham_2/00861.9315454120d627a1016f95d1c95874bc#860,0,3103
20030228_easy_ham_2/00862.66cc15585cfafe2b9a28e70b905d85e7#861,0,3104
20030228_easy_ham_2/00863.d9ae47fc90d47d17f9765634e5950c37#862,0,3105
20030228_easy_ham_2/00864.75ad4f0552f4dc1629233e5d62d85309#863,0,3106
20030228_easy_ham_2/00865.55407950e065d67e276eb5ecf44bc1f6#864,0,3107
20030228_easy_ham_2/00866.41e89c3d3edc6f4f2bfcf0f070dd6621#865,0,3108
20030228_easy_ham_2/00867.e614a8905c3462878227048e467cc535#866,0,3109
20030228_easy_ham_2/00868.3e79b5b1073bccc35db784ab7e543e21#867,0,3110
20030228_easy_ham_2/00869.0fbb783356f6875063681dc49cfcb1eb#868,0,3111
20030228_easy_ham_2/00870.0c6a4bf58c0d0981f808ea0ce86ec230#869,0,3112
20030228_easy_ham_2/00871.7a7b29943cc3ad3a101aa9d41eeef6d3#870,0,3113
20030228_easy_ham_2/00872.f9b45695dacc2d0d0939786d76509512#871,0,3114
20030228_easy_ham_2/00873.591767bb0a3b3c5f3fe4a7b8d712bb6e#872,0,3115
20030228_easy_ham_2/00874.6bbdd7e5dcf757c14c3fb8779a16f6c2#873,0,3115
20030228_easy_ham_2/00875.88008b119e71ad96444faf3f66f05bee#874,0,3116
20030228_easy_ham_2/00876.668b933f0dcc4bbbc7bad7255ba2d659#875,0,3117
20030228_easy_ham_2/00877.3b67f6a22857472bb7482123740c4d7d#876,0,3118
20030228_easy_ham_2/00878.65feab10927763853bf42c2966f4e96e#877,0,3119
20030228_easy_ham_2/00879.d2b09a8069295d82b9a93d43c5de3407#878,0,3120
20030228_easy_ham_2/00880.fad8123768f81c5a23c953cd50e49cb2#879,0,3121
20030228_easy_ham_2/00881.e72b42b99bd9caf7573f59005c428bd2#880,0,3122
20030228_easy_ham_2/00882.6ca078a84f6b9eb76fd57d7f9d72250e#881,0,3123
20030228_easy_ham_2/00883.9ac832339fe2f1546b926bf61a1b5c50#882,0,3124
20030228_easy_ham_2/00884.4647babe0828ab867c965d4076087e25#883,0,3125
20030228_easy_ham_2/00885.7340a1c0f35e08491a771e0f83df29fc#884,0,3126
20030228_easy_ham_2/00886.9b1023e9b85ce2ad96f209de582e5d71#885,0,3127
20030228_easy_ham_2/00887.aff205072bdffd1cb1cc0b65ff75e907#886,0,3128
20030228_easy_ham_2/00888.0313cf62b5f2b63afb50d8de46b43ad3#887,0,3129
20030228_easy_ham_2/00889.3c6000316e0ea3c3700815457821bf9e#888,0,3130
20030228_easy_ham_2/00890.993e920917e07f2f688ea37fd24d6234#889,0,3131
20030228_easy_ham_2/00891.02b734427bfe9bf438eb5961fb5d31f7#890,0,3132
20030228_easy_ham_2/00892.53fec2d812b3f0b5b9a62de95308f7c9#891,0,3133
20030228_easy_ham_2/00893.42f0203ce0191127b4053c01b7079b76#892,0,3134
20030228_easy_ham_2/00894.8c00344d3c4a93ec11b9dec2f262c556#893,0,3135
20030228_easy_ham_2/00895.698c3fa5c54db3f9a4c962baf13567fb#894,0,3136
20030228_easy_ham_2/00896.61fc773e2dfba14cee4a58a2996e5597#895,0,3137
20030228_easy_ham_2/00897.d61b96a3658c79ec85a760b887506112#896,0,3138
20030228_easy_ham_2/00898.b1a18faabb5353af6a2ad8a156d3bfbe#897,0,3139
20030228_easy_ham_2/00899.ebda16f739e9e222b56d0c71ca51b82f#898,0,3140
20030228_easy_ham_2/00900.a95137fbc6f04e8669849f4319a371bb#899,0,3141
20030228_easy_ham_2/00901.c433dbbc247c4d2758391c34b92f4e9d#900,0,3142
20030228_easy_ham_2/00902.a538cb6b30f5f3d28ea4261597ffa510#901,0,3143
20030228_easy_ham_2/00903.ec8820827b3b3b89e471ba86d3ec88c8#902,0,3144
20030228_easy_ham_2/00904.d5cb0c089eddf2dd8c97faf97a52d905#903,0,3145
20030228_easy_ham_2/00905.defebe39d659693316e71ad1cd70b127#904,0,3146
20030228_easy_ham_2/00906.8954ab8472de12f18c0dc6fb4c254da7#905,0,3147
20030228_easy_ham_2/00907.6833c73d3a487ad7f75431a819a365c5#906,0,3148
20030228_easy_ham_2/00908.fa150b0b994587469112fbcb7e8cc2bc#907,0,3149
20030228_easy_ham_2/00909.4030b6c4e4c01ff28fa7c767109997a3#908,0,3150
20030228_easy_ham_2/00910.4b1bddb9bfc1cea936f0f8cae0cd097d#909,0,3151
20030228_easy_ham_2/00911.91dd363a1ba091de446dd40a24816ab3#910,0,3152
20030228_easy_ham_2/00912.74b435accaf4e65a948c7769b6380f01#911,0,3153
20030228_easy_ham_2/00913.feedb49583d7f4cd656ee7139598e706#912,0,3154
20030228_easy_ham_2/00914.728d09e121c1a735c94174a9171b814f#913,0,3155
20030228_easy_ham_2/00915.5c8a9df80b70af9883deabbedb905d94#914,0,3156
20030228_easy_ham_2/00916.892ff99f6e224042cfb4392b57fec056#915,0,3157
20030228_easy_ham_2/00917.07741f95320ad6bbf7ac152645c1c8ae#916,0,3158
20030228_easy_ham_2/00918.0881c41b33de2efe11464c2fac2ed760#917,0,3159
20030228_easy_ham_2/00919.0009a4cbba10103048f87499fc0e73d8#918,0,3160
20030228_easy_ham_2/00920.743eb834544d6f68b44c7a91ea570f6f#919,0,3161
20030228_easy_ham_2/00921.41c7e4d55fe0c54686e4c19184c48d17#920,0,3162
20030228_easy_ham_2/00922.8cf18af404b07fec0251f809c8ccf370#921,0,3163
20030228_easy_ham_2/00923.521c1f08fb31ac1dd27c75c588e1f252#922,0,3164
20030228_easy_ham_2/00924.374197012a2e87b0ecd463e584b0702b#923,0,3165
20030228_easy_ham_2/00925.02443d63888a5691bc8ea440fa9feeef#924,0,3166
20030228_easy_ham_2/00926.eed4da873da1b2b4009ea9f57eb34e68#925,0,3167
20030228_easy_ham_2/00927.43abf92b4bb6428ae93fa996a0602daa#926,0,3168
20030228_easy_ham_2/00928.b76bc17c6c6b99d4f3c66726b0a6f621#927,0,3169
20030228_easy_ham_2/00929.2a34239559a12706a924bfabad41a5f6#928,0,3170
20030228_easy_ham_2/00930.d20e3d61ecf2c7f599c99808529b333c#929,0,3171
20030228_easy_ham_2/00931.90eba49bd3b2aa36a3f4f5dd34d2ba7a#930,0,3172
20030228_easy_ham_2/00932.022257926109e7a87021f0ae690792be#931,0,3173
20030228_easy_ham_2/00933.d8902fb6cca828eb34fb1a0300950704#932,0,3174
20030228_easy_ham_2/00934.76cd57955d5efc3a84d965b91fb1548e#933,0,3175
20030228_easy_ham_2/00935.99fb04563212518a57885b901833d04d#934,0,3176
20030228_easy_ham_2/00936.c67a262366df25ed50ae9f6ed3ac5396#935,0,3177
20030228_easy_ham_2/00937.68935e1b2337011c372fcb6de757737b#936,0,3178
20030228_easy_ham_2/00938.6fe1c791dc457dff05038e48d3625d93#937,0,3179
20030228_easy_ham_2/00939.d6d2250a7e855513820bd35e36883d5a#938,0,3180
20030228_easy_ham_2/00940.f48ea03fc7357f9bf0b7fdc934bbf270#939,0,3181
20030228_easy_ham_2/00941.7e73d0b5d1de68eabc52c3e8d05349d8#940,0,3182
20030228_easy_ham_2/00942.b57cfed7c3f2f3238643929b9118ed3b#941,0,3183
20030228_easy_ham_2/00943.3aff5bb6204ff82c23a293a92e180e6f#942,0,3184
20030228_easy_ham_2/00944.2e5be87c72bd8346791a005cb715f640#943,0,3185
20030228_easy_ham_2/00945.334b11a09567241ae4647487aa140392#944,0,3186
20030228_easy_ham_2/00946.6d3c3492c0310d58e7eccadf18fbd9de#945,0,3187
20030228_easy_ham_2/00947.5983cb8fa9a4c2a27cb6eca03e0be56d#946,0,3188
20030228_easy_ham_2/00948.45f4b4bb682dc47ef46832c9c6fc7499#947,0,3189
20030228_easy_ham_2/00949.c95efde29210bb5d7ffd820283ef2821#948,0,3190
20030228_easy_ham_2/00950.faa69102e30c15ae98cdfee27a2763a7#949,0,3191
20030228_easy_ham_2/00951.8fb9dfe3439c2d9380e5d3c490d6f4bd#950,0,3192
20030228_easy_ham_2/00952.20f2a87e04d388867133510c9550135e#951,0,3193
20030228_easy_ham_2/00953.9f9ee238cc01866c7ceb6e00b41c9b8e#952,0,3194
20030228_easy_ham_2/00954.f0c8ee40e08cf926be3648e3f421108c#953,0,3195
20030228_easy_ham_2/00955.65d74e4da04399281b0b4af1e8e17734#954,0,3196
20030228_easy_ham_2/00956.79552a5e01f114e23c870f48f18db41d#955,0,3197
20030228_easy_ham_2/00957.e0b56b117f3ec5f85e432a9d2a47801f#956,0,3198
20030228_easy_ham_2/00958.ad24f0dc7feb12a77ea863e2000f86dd#957,0,3199
20030228_easy_ham_2/00959.a24f34fb3d342beaf6fc1df54b00e5a2#958,0,3200
20030228_easy_ham_2/00960.32448b09e83c0a903e939e543d29cf82#959,0,3201
20030228_easy_ham_2/00961.404a92dc1c29461b711f0df8e96bbe90#960,0,3202
20030228_easy_ham_2/00962.89f77abfcb53beaef9050647c743deca#961,0,3203
20030228_easy_ham_2/00963.5480cd0c553b673d4b2a5dd8775bc858#962,0,3204
20030228_easy_ham_2/00964.f38b735e9037b2e7b13ad9c6dcbdad1c#963,0,3205
20030228_easy_ham_2/00965.65826942ee14fb4633a82452bab4f19e#964,0,3206
20030228_easy_ham_2/00966.8ebefc5eaa53c3bf9ef1dfcec1ee2087#965,0,3207
20030228_easy_ham_2/00967.9f54540bbcfe54481730330f5c6b67ad#966,0,3208
20030228_easy_ham_2/00968.af5d1f264563dd879a2a880a1725efdf#967,0,3209
20030228_easy_ham_2/00969.06ff0d8ef44307c5808b526dc72c3f68#968,0,3210
20030228_easy_ham_2/00970.98d919e3b073097d7af97e18910e230b#969,0,310
20030228_easy_ham_2/00971.ebd002bb55532af30e46f9a43419c3ce#970,0,3211
20030228_easy_ham_2/00972.9d730aeba4cc56041575ddcd8d324447#971,0,3212
20030228_easy_ham_2/00973.79e5aff1324e8b583776f70ba1f3bbc4#972,0,3213
20030228_easy_ham_2/00974.304821ceb985edbca95b1b83f61068cc#973,0,3214
20030228_easy_ham_2/00975.ec32c3f209c90d99a3f97fe895cd91b4#974,0,3215
20030228_easy_ham_2/00976.c475b7528cdb3355527518b6104e6a03#975,0,3216
20030228_easy_ham_2/00977.10e2871bd3e016164aca38b7030d3763#976,0,3217
20030228_easy_ham_2/00978.6ee6ee70e9126bba327faa762d37b3f9#977,0,3218
20030228_easy_ham_2/00979.f011c987a0f29dfc781d28a37c24e0ba#978,0,3219
20030228_easy_ham_2/00980.25d1a7353cfdeacadb24beac726cb9aa#979,0,3220
20030228_easy_ham_2/00981.dd77f2de86eee8dec6c3c8a87d78f492#980,0,3221
20030228_easy_ham_2/00982.2334d78ca615a3222c1425e7b1db67a0#981,0,3222
20030228_easy_ham_2/00983.72a910d32dbfe936547f37cdb919c422#982,0,3223
20030228_easy_ham_2/00984.afcb3441b0cd8284b107d062e975c226#983,0,3224
20030228_easy_ham_2/00985.cc59bafbceabcab1e3030191a5283a18#984,0,3222
20030228_easy_ham_2/00986.d8a17461c2ef50de82dfe328278db046#985,0,3225
20030228_easy_ham_2/00987.1d700056f6a043acd5d388ca81fa0b1f#986,0,3226
20030228_easy_ham_2/00988.9e70e36279a165e0c9e74fabf904b6ba#987,0,3227
20030228_easy_ham_2/00989.472472e767248959f3ca93059b019569#988,0,3228
20030228_easy_ham_2/00990.3a91d53e9908fc65cf31a6c57e2a844d#989,0,3229
20030228_easy_ham_2/00991.80ac3c798bb00027efa6d80fdfb00d8e#990,0,3230
20030228_easy_ham_2/00992.91679f7e3d6ad40632b65677798ff66c#991,0,3231
20030228_easy_ham_2/00993.cff996c201ffd0122c92ff6b670afc96#992,0,3232
20030228_easy_ham_2/00994.ffa3e87109fc0b9d3c94ee376db7f549#993,0,3233
20030228_easy_ham_2/00995.5171f58b6df2d565f3bca02ee548e013#994,0,3234
20030228_easy_ham_2/00996.5b140bb40fe22ba082fb18bbaca76ffd#995,0,3235
20030228_easy_ham_2/00997.878a2f3b9a8d62c876f7d17819271678#996,0,3236
20030228_easy_ham_2/00998.f58f417a784b56b196823b5052a45eb1#997,0,3237
20030228_easy_ham_2/00999.8251f0edaf61311f630039a20c6d7cb0#998,0,3238
20030228_easy_ham_2/01000.42385557ebb3ea0de761e631a82dd6b3#999,0,3239
20030228_easy_ham_2/01001.78ea5379f3f6846a0f0ad815a7fa3cfc#1000,0,3240
20030228_easy_ham_2/01002.55d037d2f9af709d73dfe98f9b66b20b#1001,0,3241
20030228_easy_ham_2/01003.dbf6260efb0ece752fa7b7b1193e24fa#1002,0,3242
20030228_easy_ham_2/01004.01c9d434a950dae2a548a62118b06de6#1003,0,3243
20030228_easy_ham_2/01005.bb6d68846320ecc5bc3dedb02805641a#1004,0,3244
20030228_easy_ham_2/01006.38cc51343349102cc40a2f3648713dad#1005,0,3245
20030228_easy_ham_2/01007.e75fc5e861b68023534c7bea20b326e6#1006,0,3246
20030228_easy_ham_2/01008.9afe486d53adfdaf1e5d8efb47d0cba7#1007,0,3247
20030228_easy_ham_2/01009.49e0775eca368702b005aec33ae46943#1008,0,3248
20030228_easy_ham_2/01010.dfa0620ff611b92d4adb8a23ac2a0b7b#1009,0,3249
20030228_easy_ham_2/01011.578a7409c22604161b103b2ffb80b44f#1010,0,3250
20030228_easy_ham_2/01012.235d771c2e3094e4b4310a86ac7e7352#1011,0,3251
20030228_easy_ham_2/01013.79dbeaacd281776a5c429b70fed65af9#1012,0,3252
20030228_easy_ham_2/01014.d86f7cf4bda937a58e7af5aef3f71649#1013,0,3253
20030228_easy_ham_2/01015.55fdae83b98b384cd16d7bd801fac601#1014,0,3254
20030228_easy_ham_2/01016.97115661350c754ad169c6bc4da762ec#1015,0,3254
20030228_easy_ham_2/01017.5e7047bbad140905675aca57330096e0#1016,0,3254
20030228_easy_ham_2/01018.cb98ac59fae50ab0823aba7483d37d50#1017,0,3255
20030228_easy_ham_2/01019.4712522736adca9b2719a82eedf29336#1018,0,3256
20030228_easy_ham_2/01020.148aeb8bb7ed8c4b55999254c156833f#1019,0,3257
20030228_easy_ham_2/01021.ec8324b2e130d84ca95ad76395191d4c#1020,0,3258
20030228_easy_ham_2/01022.83ef7352b083a85f5f7ae8f20f31578f#1021,0,3259
20030228_easy_ham_2/01023.2c78860c83817efdf8c9ceb1065433cc#1022,0,3260
20030228_easy_ham_2/01024.28499f419990c33e20cb2f0ea7c77653#1023,0,3261
20030228_easy_ham_2/01025.2b93d90b2a84044db3a273c1618c3cea#1024,0,3262
20030228_easy_ham_2/01026.e9a8a4879f4c500e5a21e42fc1945ba0#1025,0,3263
20030228_easy_ham_2/01027.1b67a4a361d16a5cb481268792b3c548#1026,0,3264
20030228_easy_ham_2/01028.ed554ad8d1dc54df1d58a4bb88c1d61b#1027,0,3265
20030228_easy_ham_2/01029.09304353cc025c0198421b5016a0b81c#1028,0,3266
20030228_easy_ham_2/01030.d652d5419de6c6e87b15ed801d1ae1e6#1029,0,3267
20030228_easy_ham_2/01031.3af0caaebbc1015e779f15aeda6b15a1#1030,0,3268
20030228_easy_ham_2/01032.d4f63af77c63f34b27f6da259cfd0f0c#1031,0,3268
20030228_easy_ham_2/01033.a396fa47cdd01877eacd823d55cb6dec#1032,0,3269
20030228_easy_ham_2/01034.dfbf896d7886256666b2d4c66d211a58#1033,0,3270
20030228_easy_ham_2/01035.6b7ea0c2afc19e035db63b59228eb466#1034,0,3271
20030228_easy_ham_2/01036.650d6fe868554ee430f472b487904f65#1035,0,3272
20030228_easy_ham_2/01037.bfe999fe03b3c6b5b7cc2360c793e5a0#1036,0,3273
20030228_easy_ham_2/01038.38efccc7258387ba2ae5a6549a2d5f67#1037,0,3274
20030228_easy_ham_2/01039.8e4ad6f84ab81de71de2de8b34e300f5#1038,0,3275
20030228_easy_ham_2/01040.65571596a7ca51227652db808cc26ffb#1039,0,3276
20030228_easy_ham_2/01041.1f981a5aa068f43bf951410f3c9f62ca#1040,0,3277
20030228_easy_ham_2/01042.7cf9c2664d2666e767db7b5bec055911#1041,0,3278
20030228_easy_ham_2/01043.d4d172c60d71fd47544dfad4914d750b#1042,0,3279
20030228_easy_ham_2/01044.df9958b3f45f7d2e5b6e9f793fde2768#1043,0,3280
20030228_easy_ham_2/01045.0747c6a86f16db954f0284d4074f8ec8#1044,0,3281
20030228_easy_ham_2/01046.057093c54e51e1ebb4ad96d4a99d3325#1045,0,3282
20030228_easy_ham_2/01047.f89142721a78cc43cf92bc59bab85168#1046,0,3283
20030228_easy_ham_2/01048.a49961e63ff773b8164033ae01a22d80#1047,0,3284
20030228_easy_ham_2/01049.dccc11d674f69b9e0cca35991248e514#1048,0,3285
20030228_easy_ham_2/01050.147422ec417fbaec9eb10ad6cc298102#1049,0,3286
20030228_easy_ham_2/01051.d91d05faa71a21d4268ac1e7b7fc7e77#1050,0,3287
20030228_easy_ham_2/01052.7a69c765a964be2a05e33723b7ab926f#1051,0,3288
20030228_easy_ham_2/01053.21ea199fc91688bd61caad77676702b8#1052,0,3289
20030228_easy_ham_2/01054.1e9a5e1afc1fbf590c331b2464045ec5#1053,0,3290
20030228_easy_ham_2/01055.184a082c4cdebfb90adc3d6d0bfbfa69#1054,0,3291
20030228_easy_ham_2/01056.6e58de5f5a270a1873f731774d760a80#1055,0,3292
20030228_easy_ham_2/01057.b2810601523d3bb9051088959078e309#1056,0,3293
20030228_easy_ham_2/01058.b4b7fcdc28f355bf29228dc20d7455cb#1057,0,3294
20030228_easy_ham_2/01059.5ffb15c6c0396744fc346988cd91053f#1058,0,3295
20030228_easy_ham_2/01060.95d3e0a8c47b33d1533f18ac2c60c81a#1059,0,3296
20030228_easy_ham_2/01061.c4f15278aa6a4a993287302c744e6c22#1060,0,3297
20030228_easy_ham_2/01062.c3ae3607086673865133b1ba720fe57f#1061,0,3298
20030228_easy_ham_2/01063.b3eec2a3bcfc16d318769dc40cc8ff8f#1062,0,3299
20030228_easy_ham_2/01064.b69028c0ed5d57d1d99f50b191c0790a#1063,0,3300
20030228_easy_ham_2/01065.6d8f64a38393cbeab2c1f9cf9f044300#1064,0,3301
20030228_easy_ham_2/01066.b8a250f525ae2bfa5786c6472137edb7#1065,0,3302
20030228_easy_ham_2/01067.cd0bf7d0a07309e51867eb3347304354#1066,0,3303
20030228_easy_ham_2/01068.e88191720239062aad11137040d210f4#1067,0,3304
20030228_easy_ham_2/01069.26b62bd093bf3b3cc505239ca0728adb#1068,0,3305
20030228_easy_ham_2/01070.50c7556d0cd6e87708333240fa89ed06#1069,0,3306
20030228_easy_ham_2/01071.a7ec1f3e3dbf8862c0d8347670170574#1070,0,3307
20030228_easy_ham_2/01072.9bbc08d0ef994cd212eebaf8105d5c81#1071,0,3308
20030228_easy_ham_2/01073.c57f97ceb349872c39dfdea815369d0e#1072,0,3309
20030228_easy_ham_2/01074.c9b234b33fb48470e74408493b248b86#1073,0,3310
20030228_easy_ham_2/01075.0e7ae2d40c2a5c5e7324ccf9f0aa05a5#1074,0,3311
20030228_easy_ham_2/01076.8a6274c2c970dc8f0a72c34b67a1475b#1075,0,3312
20030228_easy_ham_2/01077.935a6c4233f28490bec77c865ca5d000#1076,0,3313
20030228_easy_ham_2/01078.55baf2ea0c824d2b72c70481ccc15803#1077,0,3314
20030228_easy_ham_2/01079.09c849f3b4f261cc7efdb659c9908340#1078,0,3315
20030228_easy_ham_2/01080.c7e83b802f4e72bde4ac69d4aa516b3f#1079,0,3316
20030228_easy_ham_2/01081.496b0fa6e07f0656fa20f5a09229322e#1080,0,3317
20030228_easy_ham_2/01082.1639114c31d57ba903bc3f1fa7ca1228#1081,0,3318
20030228_easy_ham_2/01083.ecc77beb3f48b7be4481118a97b01b41#1082,0,3319
20030228_easy_ham_2/01084.179e52a904452c61906bb004c34ab1ff#1083,0,3320
20030228_easy_ham_2/01085.0d8db9468ce8ea76f81ebc03041cc467#1084,0,3321
20030228_easy_ham_2/01086.3d81baca8ac423ad247f870f4848bf30#1085,0,3322
20030228_easy_ham_2/01087.492999865b0156883f459238ccd1c8ec#1086,0,3323
20030228_easy_ham_2/01088.3f301b9bd840614bb4eddadf6a99a00d#1087,0,3324
20030228_easy_ham_2/01089.1a35cad14b5dfe121e9cf18be1e93e7d#1088,0,3325
20030228_easy_ham_2/01090.9c92673e26cabc5a37ac3e2b1b2bf8df#1089,0,3326
20030228_easy_ham_2/01091.e9414f6071a607b9e70c13ac7051394f#1090,0,3327
20030228_easy_ham_2/01092.0e32538ae959d460cd3ef7a4ae0cfb13#1091,0,3328
20030228_easy_ham_2/01093.9b63a792935a6863a12556dd429bde7b#1092,0,3329
20030228_easy_ham_2/01094.5bd0918274c1c243e77e44a2987b851c#1093,0,3330
20030228_easy_ham_2/01095.a09e279c01f5a92368da4eec7533cbbd#1094,0,3331
20030228_easy_ham_2/01096.b2ca8ea7972e15026589028566d00abb#1095,0,3332
20030228_easy_ham_2/01097.e77fc330f1f29e1883aadcbe6aa56d20#1096,0,3333
20030228_easy_ham_2/01098.acdef0e9a57b12406d7972aead5edeb4#1097,0,3334
20030228_easy_ham_2/01099.dc26b661c4250f0d2f41255c99f35109#1098,0,3335
20030228_easy_ham_2/01100.36a4704abe87d55b858b1e136e03b5cd#1099,0,3334
20030228_easy_ham_2/01101.ff91c2c8fb18ed6e300ed2ac699f8ae4#1100,0,3336
20030228_easy_ham_2/01102.7e2e82117f44ba6354324e62da0d8f5b#1101,0,3337
20030228_easy_ham_2/01103.6b7dcc38a359fffdb0320f845ee025e1#1102,0,3338
20030228_easy_ham_2/01104.95ab7cdd99db240e7df7579a016a84ae#1103,0,3339
20030228_easy_ham_2/01105.9f1f6193994d7945cb0c08ccddeb3426#1104,0,3340
20030228_easy_ham_2/01106.8b0bc40a6f9c74cf3426d22d46870eac#1105,0,3341
20030228_easy_ham_2/01107.2b4328240b02ac9d365c6379ba684058#1106,0,306
20030228_easy_ham_2/01108.29f8f564902b3f0e5f19d1a5fa49b74d#1107,0,3342
20030228_easy_ham_2/01109.02564d3915a1cb4514acca1baa0e694f#1108,0,3335
20030228_easy_ham_2/01110.f114ae941961c47d048d7538dbda2503#1109,0,3343
20030228_easy_ham_2/01111.f52cdabb2215145b4eae813546e1a60d#1110,0,3344
20030228_easy_ham_2/01112.2ebc0954a762e294408747e7a0d4c270#1111,0,3345
20030228_easy_ham_2/01113.5102bc151dac98f4fcb8e96c15a828c3#1112,0,3346
20030228_easy_ham_2/01114.d7112b346a9620f51b94d16fb6eca370#1113,0,3347
20030228_easy_ham_2/01115.fef7974c55c9c611ef851e2293f7c725#1114,0,3348
20030228_easy_ham_2/01116.7c463682e7defd9824db941cfd9961ee#1115,0,3349
20030228_easy_ham_2/01117.17139c6a53e532566663d3a98c555bee#1116,0,3350
20030228_easy_ham_2/01118.5173241d239924391b3748e7ffb41832#1117,0,3351
20030228_easy_ham_2/01119.07332825706c1cf3d131f708bb1e8a01#1118,0,3352
20030228_easy_ham_2/01120.60d7d82a0e68332551e1cf7749bcc7c2#1119,0,3353
20030228_easy_ham_2/01121.d3a6706a1a5c4c927c4cc7a038367f62#1120,0,312
20030228_easy_ham_2/01122.55278f83c3bf2dc1059f93244d037d21#1121,0,3354
20030228_easy_ham_2/01123.1bc5378f6a482f5d6e26d1dfe506e3a5#1122,0,3355
20030228_easy_ham_2/01124.46cede028415505f298d790649abf207#1123,0,3356
20030228_easy_ham_2/01125.778694f1396a39deb63ce5cca560c22d#1124,0,3357
20030228_easy_ham_2/01126.d32e9821c5b4a8c537f1a4614a293a52#1125,0,3358
20030228_easy_ham_2/01127.841233b48eceb74a825417d8d918abf8#1126,0,3359
20030228_easy_ham_2/01128.efb36914ecb55d78a894591eff0843c5#1127,0,3360
20030228_easy_ham_2/01129.2546d3af56360ec2fbf9345b298e05b4#1128,0,3361
20030228_easy_ham_2/01130.e0df582ca8cc2996eaf91157dbff4ee3#1129,0,3362
20030228_easy_ham_2/01131.973943570b3b1ef6405a9d3cce5fc4fc#1130,0,3363
20030228_easy_ham_2/01132.53cd6a1e37720d9b6614f0384222d443#1131,0,3364
20030228_easy_ham_2/01133.5f3264862b9cf42bf123453aed9334b4#1132,0,3365
20030228_easy_ham_2/01134.3ee22d26a56ea888aa8b491dd7cf8212#1133,0,3366
20030228_easy_ham_2/01135.46541a85989cda56be4942a442f1ae20#1134,0,3367
20030228_easy_ham_2/01136.45eaa9097418f81572f844e89a8479d6#1135,0,3368
20030228_easy_ham_2/01137.e0afde7fc471f626742746c738013750#1136,0,3369
20030228_easy_ham_2/01138.921e383bac77952cac8d28c91d603d15#1137,0,3370
20030228_easy_ham_2/01139.7d9591cdfb9b77906c4bbb7373cac8c5#1138,0,3371
20030228_easy_ham_2/01140.67e11f7533ac73ebeb728c6fdb86eeff#1139,0,3372
20030228_easy_ham_2/01141.0ceb258e88ffd24031d1501789d50124#1140,0,3373
20030228_easy_ham_2/01142.fbca515af7491a2cb7eec15d7011fd7a#1141,0,3374
20030228_easy_ham_2/01143.a6289fefeaa0f9eeda2c0f2181651467#1142,0,3375
20030228_easy_ham_2/01144.7ec9f643a792038e34d2830c9e42a6c6#1143,0,3376
20030228_easy_ham_2/01145.7a1b750e074a2a6913d014a4b545fc1a#1144,0,3377
20030228_easy_ham_2/01146.6352d04987d2f6a99be0d9beeb7d3e15#1145,0,3378
20030228_easy_ham_2/01147.d239448a535755047478e750e99c64b7#1146,0,3379
20030228_easy_ham_2/01148.5d8311cf27db42e943c7f668e721db1b#1147,0,3378
20030228_easy_ham_2/01149.3ed8d90235a56fd4dae5e66941f574d7#1148,0,3380
20030228_easy_ham_2/01150.b4460d83f8b7720853a3bf8cda672692#1149,0,3381
20030228_easy_ham_2/01151.47b21fa58a53ac4ac88d78a6e1ccc282#1150,0,3382
20030228_easy_ham_2/01152.0306113715b577b682f6a529da8d45ab#1151,0,3383
20030228_easy_ham_2/01153.8f1eda9dda5ecf5698e94a08217173b1#1152,0,3384
20030228_easy_ham_2/01154.7e15e192fb60c753bafd505d25990787#1153,0,3385
20030228_easy_ham_2/01155.6f283de255ba0f35b2eabed58815142b#1154,0,3386
20030228_easy_ham_2/01156.813115de077758221552875e614ad48c#1155,0,3387
20030228_easy_ham_2/01157.f12e373828099cd001040900a6c9d151#1156,0,3388
20030228_easy_ham_2/01158.6a44abff11c422803f7399f6db573b29#1157,0,3389
20030228_easy_ham_2/01159.2815cb2878b393aa1735e1f0bbc2c888#1158,0,3390
20030228_easy_ham_2/01160.3f6d380219ed7939e4ee8e4a2c4b5546#1159,0,3391
20030228_easy_ham_2/01161.e8187ae02ef05340873371d3d1c6448b#1160,0,3392
20030228_easy_ham_2/01162.4b41142b91c1d93f1e8fcfa6f43e01bd#1161,0,3393
20030228_easy_ham_2/01163.ce66ad7634e93c6c76e449b74f5139c4#1162,0,3394
20030228_easy_ham_2/01164.9d5c3fde5125b73106dee03f253fa36c#1163,0,3395
20030228_easy_ham_2/01165.6ac614b3ccada8b003ad8586c8b88e4e#1164,0,3396
20030228_easy_ham_2/01166.04090ab40cda3e4e022e2295c8144374#1165,0,3397
20030228_easy_ham_2/01167.49531a4802446e1da60be6dbcb0a854c#1166,0,3398
20030228_easy_ham_2/01168.387e59c34fb395201b4002238b8009fd#1167,0,3399
20030228_easy_ham_2/01169.5adc737d52bc101c6fd07732eeb5ed39#1168,0,3400
20030228_easy_ham_2/01170.fb25e6eca43ff17e87fa2ff0b39575ca#1169,0,3401
20030228_easy_ham_2/01171.e260c9a68b80500ebfae926e5430657b#1170,0,3402
20030228_easy_ham_2/01172.1d99e860d44e5ac63799a14d4029fe6e#1171,0,3403
20030228_easy_ham_2/01173.0402e85910220618eac922403222d0ec#1172,0,3404
20030228_easy_ham_2/01174.4542031a0483b9b0cc8cb37de5e57422#1173,0,3405
20030228_easy_ham_2/01175.6b38ad7f9384cbe8e60578727dc52b4c#1174,0,3406
20030228_easy_ham_2/01176.b62570033c5587aa1e0e805533cb1677#1175,0,3407
20030228_easy_ham_2/01177.bead19a7b498c5c483805291331e769c#1176,0,3408
20030228_easy_ham_2/01178.5c977dff972cd6eef64d4173b90307f0#1177,0,3409
20030228_easy_ham_2/01179.1aeec6e94d2829c1dd756d3609a8eccf#1178,0,3410
20030228_easy_ham_2/01180.1a4d78b42a5f3e169cd99b57445f6c7f#1179,0,3411
20030228_easy_ham_2/01181.111f3287c9a71c41b521cf0f2fcbc01e#1180,0,3412
20030228_easy_ham_2/01182.11a37b3edb07a72f37bc144530034ddc#1181,0,3413
20030228_easy_ham_2/01183.a6c69ac786145115a2ad4f06c986bc3d#1182,0,3414
20030228_easy_ham_2/01184.17a1b04c885fe5cb56c60e3b9bebf7e6#1183,0,3415
20030228_easy_ham_2/01185.f32afd8b16453630bd5dc8eed551befe#1184,0,3416
20030228_easy_ham_2/01186.0bbe8bddf593e88ef6b421b8e22caeab#1185,0,3417
20030228_easy_ham_2/01187.53063c4a5d1cd337d5c6160f2a5fad8a#1186,0,3418
20030228_easy_ham_2/01188.562fdb9dade3c2ef5e58ff18c04367bc#1187,0,3419
20030228_easy_ham_2/01189.98e80634df71ca4a98c7bd4d10ac2198#1188,0,3420
20030228_easy_ham_2/01190.dd6ead8cfbe0f8c5455841ed0e944488#1189,0,3421
20030228_easy_ham_2/01191.2ad596e12ede306c303772b578244da5#1190,0,3422
20030228_easy_ham_2/01192.5ff6d465f9c249d967776fc556e48f58#1191,0,3423
20030228_easy_ham_2/01193.d92e89c408094154ffdc676c5a403aa9#1192,0,3424
20030228_easy_ham_2/01194.99791f72d72a943330c3de0ac3990f9b#1193,0,3425
20030228_easy_ham_2/01195.e7834b72cb6abc842f6d61f8cb08e346#1194,0,3426
20030228_easy_ham_2/01196.bb7416e12487e0b579c7f4d190644970#1195,0,3427
20030228_easy_ham_2/01197.dc4ef655f103b591edd2b5f0956c414f#1196,0,3428
20030228_easy_ham_2/01198.36d6b4ab547f4246dea55380b9504064#1197,0,3429
20030228_easy_ham_2/01199.9a0fef8c4a0df5974f17ad9dfd188d2a#1198,0,3430
20030228_easy_ham_2/01200.7cad0240e6c9e66d013ca8a7c2268871#1199,0,3431
20030228_easy_ham_2/01201.67ca3a438632acc08183a2e977619e15#1200,0,3432
20030228_easy_ham_2/01202.0896a21e4a21e36df79b6adcdd443117#1201,0,3433
20030228_easy_ham_2/01203.3b68e16d3b1254cee663497d35a13870#1202,0,3434
20030228_easy_ham_2/01204.4169626bfe949118525cf4eabd5b1e81#1203,0,3435
20030228_easy_ham_2/01205.784243c83be80461eb92f7d849b01c99#1204,0,3436
20030228_easy_ham_2/01206.3ab24f493207df1de962814c8fe53a12#1205,0,3437
20030228_easy_ham_2/01207.73ce863acebc4b93c553e460f3eac81d#1206,0,3438
20030228_easy_ham_2/01208.2573497808d92e8d54c2adfd6c8c38f3#1207,0,3439
20030228_easy_ham_2/01209.f898ade9211cc74e979ac25484aa1066#1208,0,3440
20030228_easy_ham_2/01210.aa0d35504060ae5934a74b6ebcc65775#1209,0,3441
20030228_easy_ham_2/01211.d70576ff4cc0eb62fdb143ab7123cef7#1210,0,3442
20030228_easy_ham_2/01212.9ec77822dfa139740beadd47065a06da#1211,0,3443
20030228_easy_ham_2/01213.39bee89f032edacb6f8eda5e83bfb154#1212,0,3444
20030228_easy_ham_2/01214.f23e48bd0d0341d460456da3f8f67dc0#1213,0,3445
20030228_easy_ham_2/01215.aefa2bc36c007867211c5d6ec6ec801f#1214,0,3446
20030228_easy_ham_2/01216.4dd33d22b4b0004c6b95b771c2881bcc#1215,0,3447
20030228_easy_ham_2/01217.f3cdc54372082fffd2dd3ac5686a2645#1216,0,3448
20030228_easy_ham_2/01218.f246a52bdba8c97ff7356a853caacbbd#1217,0,3449
20030228_easy_ham_2/01219.50adc817a4030488b469957b74e551c2#1218,0,3450
20030228_easy_ham_2/01220.e55da7f9e0ac000392bf41910c87642d#1219,0,3451
20030228_easy_ham_2/01221.d30e48a0c5ab88993f5d3b9e934c724e#1220,0,3452
20030228_easy_ham_2/01222.1fec3adca72a796b71bf14d0e4c64ebe#1221,0,3453
20030228_easy_ham_2/01223.3e4bf4c4b5151a46b40e5caacd368ad2#1222,0,3454
20030228_easy_ham_2/01224.9a1ab58ee0dfbe03561e80fb9c84071e#1223,0,3452
20030228_easy_ham_2/01225.71c8590849d96555fde5e7808616b484#1224,0,3455
20030228_easy_ham_2/01226.79de0c0f26c26ba6e6021366da834e3e#1225,0,3456
20030228_easy_ham_2/01227.2a74d803e3b1d121faad841830195140#1226,0,3457
20030228_easy_ham_2/01228.5d8cae656dad21c870aa24edf74f4d40#1227,0,3458
20030228_easy_ham_2/01229.8ddcde29a0f578173e251f8509c5b0ea#1228,0,3459
20030228_easy_ham_2/01230.9b29026ab85c0a0bfdba617de748c186#1229,0,3460
20030228_easy_ham_2/01231.cf3d43bbf8c43e960cceaf0a68987fe3#1230,0,3461
20030228_easy_ham_2/01232.8077cd29af0f1eb3a7c1b125375d9a9e#1231,0,3462
20030228_easy_ham_2/01233.fccdd783a75357fe29b39816a3a3f6f4#1232,0,3463
20030228_easy_ham_2/01234.538d99529a2f797af84e2aadebce58b7#1233,0,3464
20030228_easy_ham_2/01235.3a679e506c7f862dda03736804009e92#1234,0,3465
20030228_easy_ham_2/01236.04db6f1d75fa021d6380b3bdb5e68635#1235,0,3466
20030228_easy_ham_2/01237.8118bdf78e98c631ffa4c979e203eb24#1236,0,3467
20030228_easy_ham_2/01238.4afe1f2e401797fca7e61add494054b8#1237,0,3468
20030228_easy_ham_2/01239.e0e538caae93690ba1b0e5c4b9b3f81e#1238,0,3469
20030228_easy_ham_2/01240.00f6d270d359db77778ed33dd03bc193#1239,0,3470
20030228_easy_ham_2/01241.f1e875c634edf56d4c0a6d557283b64d#1240,0,3471
20030228_easy_ham_2/01242.f2fcc303c220f75b4abc85d45a9b40cf#1241,0,3472
20030228_easy_ham_2/01243.eeea5a548c863170deea55c4aac2f046#1242,0,3473
20030228_easy_ham_2/01244.c690f6ce67e25f90d627bb526bf22d2d#1243,0,3474
20030228_easy_ham_2/01245.44d8e6ea8ff7044b2181b262c78924c7#1244,0,3475
20030228_easy_ham_2/01246.f1ce2b351f0bf13ea5426d363575671e#1245,0,3476
20030228_easy_ham_2/01247.7f42ed95bbbc1c8d357422fe4a069642#1246,0,3477
20030228_easy_ham_2/01248.5c4c3971e0d9f6ed510e246a14d414a2#1247,0,3478
20030228_easy_ham_2/01249.8949e6dbf80be84147b2e2d088f726a2#1248,0,3479
20030228_easy_ham_2/01250.251cd2980fe50e11a32144c7b2addaee#1249,0,3480
20030228_easy_ham_2/01251.699a25b1e5631ec1cffdfe4078535959#1250,0,3481
20030228_easy_ham_2/01252.fb08e6249d158136cdbcb0ebc563793a#1251,0,3482
20030228_easy_ham_2/01253.f67e6599c65a5f89ab3b4f576f974c7d#1252,0,3483
20030228_easy_ham_2/01254.0fd37a50af6403a2632ce79ed2d5b2f8#1253,0,3484
20030228_easy_ham_2/01255.d61d01eff7256b5b4e9ec26e75c7c1a2#1254,0,3485
20030228_easy_ham_2/01256.9494ea8b24d04fed1503e96c2f3a7a4d#1255,0,3486
20030228_easy_ham_2/01257.e6fdbfb293cca6e8d422b2ea4e8936ad#1256,0,3487
20030228_easy_ham_2/01258.d1dbf074124593e44a94546a2067741d#1257,0,3488
20030228_easy_ham_2/01259.22a83d5195945ad55d623f65353e8c3f#1258,0,3489
20030228_easy_ham_2/01260.c273caa5ba806db5a6dfd87261b397a1#1259,0,3490
20030228_easy_ham_2/01261.8335ae817bc240842df41dd7c3de2420#1260,0,3491
20030228_easy_ham_2/01262.7b18594e0276a4cb593a6408afa9c636#1261,0,3492
20030228_easy_ham_2/01263.3bb6affa5c6c572955280dd0d5ae8ae7#1262,0,3493
20030228_easy_ham_2/01264.df4dfa46001904d832d56d2eabd4894d#1263,0,3494
20030228_easy_ham_2/01265.5ddc445febced0203c85d33b04a007d8#1264,0,3495
20030228_easy_ham_2/01266.94f7e1cce0ec1935ca75d232e4dc684c#1265,0,3496
20030228_easy_ham_2/01267.0c40327f0086718a2bf75ff74d7aa5fb#1266,0,3497
20030228_easy_ham_2/01268.280863c5d13405da77887dc3bbdb3071#1267,0,3498
20030228_easy_ham_2/01269.4b518a53f76da3fd4d469c5e2e557340#1268,0,3499
20030228_easy_ham_2/01270.db2a0585f2ba18c884352665b558eeee#1269,0,3500
20030228_easy_ham_2/01271.fcb7759918a0e1a1f15aa3318cae1ed1#1270,0,3501
20030228_easy_ham_2/01272.291f542e3dcbcb81d8cda2961ce8977f#1271,0,3502
20030228_easy_ham_2/01273.01c1a03bb435b7cfba44cdd57f3a4221#1272,0,3503
20030228_easy_ham_2/01274.0d083a2d3b30061efdc2cc73ee9e76e3#1273,0,3504
20030228_easy_ham_2/01275.768e4ed6bc161b039c2181d943af1412#1274,0,3505
20030228_easy_ham_2/01276.2492bcd768a07a92ee22c4762db629a2#1275,0,3506
20030228_easy_ham_2/01277.d7a43a4dd78dc466c8808f370ae2b2bb#1276,0,3507
20030228_easy_ham_2/01278.9db3c9972ed9e4e526010fff5d8e690f#1277,0,3508
20030228_easy_ham_2/01279.36814a9e06b97502d59ec36a27a2adcc#1278,0,3508
20030228_easy_ham_2/01280.0a571b09b3344b0531a16339499b5a06#1279,0,3508
20030228_easy_ham_2/01281.c6dc8af12840f7e67f50ed2346e204de#1280,0,3509
20030228_easy_ham_2/01282.952f95a3f941d49789fe39085ae3734b#1281,0,3510
20030228_easy_ham_2/01283.6e24c23f56e6a4bfd0f06e9884dfbe0c#1282,0,3511
20030228_easy_ham_2/01284.d66303890ebecd4423489414ca3d3b6e#1283,0,3512
20030228_easy_ham_2/01285.d0d97662f93c959244325cc414f96039#1284,0,3513
20030228_easy_ham_2/01286.f22588c4af17ed65ca88d59ac26f120e#1285,0,3514
20030228_easy_ham_2/01287.b8f539c2cb3af2d8d62a9270eab0cbcc#1286,0,3515
20030228_easy_ham_2/01288.7e7f5571f0b3c773a0ead323b8a2d1b5#1287,0,3516
20030228_easy_ham_2/01289.10818e3dc6bacd14b05bd6521f8aaa27#1288,0,3517
20030228_easy_ham_2/01290.c34d994ff61cfc0f12de8158434a9b3e#1289,0,3518
20030228_easy_ham_2/01291.54c5040c1d26a7c505404e1038a5287c#1290,0,3519
20030228_easy_ham_2/01292.483e487ce52ebe78815349060f8aff71#1291,0,3520
20030228_easy_ham_2/01293.1bfec3fa6ca7c5fbc5bd7ffdfe2c2780#1292,0,3521
20030228_easy_ham_2/01294.7f208bf4ae152863fd40f25e2e121d49#1293,0,3522
20030228_easy_ham_2/01295.1b31839d0a6ab3c696ab369b5b40c70f#1294,0,3523
20030228_easy_ham_2/01296.16fcf1ce6a407c71b1ea5ef04ded98f9#1295,0,3524
20030228_easy_ham_2/01297.146414518ef3b2597af35179575faa9a#1296,0,3525
20030228_easy_ham_2/01298.c00e52eb757de239c8863a7a01ea0544#1297,0,3526
20030228_easy_ham_2/01299.21bf6f0946fe21adc3e99db3e541ee57#1298,0,3527
20030228_easy_ham_2/01300.bcd95d40246e03dcfcb088ab69a9c953#1299,0,3528
20030228_easy_ham_2/01301.70c542928cad28bf273cc9d71d5f5d13#1300,0,3529
20030228_easy_ham_2/01302.cbf42d4aed61e63dbe1a19ce484b7fde#1301,0,3530
20030228_easy_ham_2/01303.80dd19a2b1d8496c48396b630179b00f#1302,0,3531
20030228_easy_ham_2/01304.af5f3a2d3a0a19785aeaeeb3d7e36040#1303,0,3532
20030228_easy_ham_2/01305.0dd9ad5503a8fd6b3678fe480ca4df68#1304,0,3533
20030228_easy_ham_2/01306.642dc8dce3771af294de84e167221354#1305,0,3534
20030228_easy_ham_2/01307.abdc5c227ec610efe718e993567eebc2#1306,0,3535
20030228_easy_ham_2/01308.27ef6351cd2bcfef79df9ec5b563afae#1307,0,3536
20030228_easy_ham_2/01309.2be013917de1be361da51fd194dd68cb#1308,0,3537
20030228_easy_ham_2/01310.7bfe2d833bc6cf1e5e1acd32de2a25bb#1309,0,3538
20030228_easy_ham_2/01311.b6a06b3e24130a32172b4c5225a1d5a6#1310,0,3539
20030228_easy_ham_2/01312.715fe5f6f31d47697d5a8f625fd2e49f#1311,0,3540
20030228_easy_ham_2/01313.92d3b0f5d2597eb916ec1862e1c96c44#1312,0,3541
20030228_easy_ham_2/01314.4419666b80ae7608cfdc4b575b0d7c28#1313,0,3542
20030228_easy_ham_2/01315.519742849e250ae76ac4148f5f7cbcd5#1314,0,3543
20030228_easy_ham_2/01316.ba750fd796b2557fbfbbd3699ff90d25#1315,0,3544
20030228_easy_ham_2/01317.7fc86413a091430c3104b041a6525131#1316,0,3545
20030228_easy_ham_2/01318.193fb7308fee59bb4aa70cc72191b0b1#1317,0,3546
20030228_easy_ham_2/01319.a0886c0d7051df2d7dca8574f4211e87#1318,0,3547
20030228_easy_ham_2/01320.099f7c8107914cf82efe156e8c7f09fc#1319,0,3548
20030228_easy_ham_2/01321.b60952a220ebf684df40ccd25d7e1daf#1320,0,3549
20030228_easy_ham_2/01322.dc0ceb10b41192a02bdf543ca558ce95#1321,0,3550
20030228_easy_ham_2/01323.8f994027cca214b6e0e7df2d443ff4cd#1322,0,3551
20030228_easy_ham_2/01324.23a1f5017a5531fca08d9ebe2f5b0537#1323,0,3552
20030228_easy_ham_2/01325.d94c9e1cca235f9f1bcecf469954490f#1324,0,3553
20030228_easy_ham_2/01326.b3210847a0d8621e380ac3e10606c497#1325,0,3554
20030228_easy_ham_2/01327.ee3e5a3fe56844b27f05c2374dc53c21#1326,0,3555
20030228_easy_ham_2/01328.c8320d7add1a5a4021bc54c49bfdcb76#1327,0,3556
20030228_easy_ham_2/01329.b72433cdbd498ad546bae7dfd3c58c3c#1328,0,3557
20030228_easy_ham_2/01330.5148942334cb1166901d6f05a56864d9#1329,0,3558
20030228_easy_ham_2/01331.b40a16937c61ddfa8d0057b15eada675#1330,0,3559
20030228_easy_ham_2/01332.67aa87ef51e1160548ee44dcbef73c42#1331,0,3560
20030228_easy_ham_2/01333.2fe6c479eb5eb14b6284188771522355#1332,0,3561
20030228_easy_ham_2/01334.92ce4582a1572c01c53020632a26dfd6#1333,0,3562
20030228_easy_ham_2/01335.0781fc521909d45fcb210059a82cc505#1334,0,3563
20030228_easy_ham_2/01336.03d61f76f58b98d6c4c0f4f303994db4#1335,0,3564
20030228_easy_ham_2/01337.f4ddbcdd625e6ceca4a3dbc59f08079a#1336,0,3564
20030228_easy_ham_2/01338.cf2b7a6c2f872b9442d68609842d7d92#1337,0,3565
20030228_easy_ham_2/01339.66e2b87365ddf25f6f84a0dfcd89bb3e#1338,0,3566
20030228_easy_ham_2/01340.c46ea4ebbefcffc6d221b218e17688ba#1339,0,3567
20030228_easy_ham_2/01341.0fa2744cb57e01038e5832556c40703d#1340,0,3568
20030228_easy_ham_2/01342.6c332f8cda7608c57d54c50114eb526c#1341,0,3569
20030228_easy_ham_2/01343.3fd8930d319df4bda5b59b537e5c6d43#1342,0,3570
20030228_easy_ham_2/01344.afd86faffd3091513b285cd77c50d14f#1343,0,3571
20030228_easy_ham_2/01345.c40d5798193a4a060ec9f3d2321e37e4#1344,0,3572
20030228_easy_ham_2/01346.aa3fbf33029311844175e5d6a87aece9#1345,0,3573
20030228_easy_ham_2/01347.384098ec9f6f68cb98b23c7d27bed499#1346,0,3574
20030228_easy_ham_2/01348.097c29b68042a1d73710d49021577739#1347,0,3575
20030228_easy_ham_2/01349.22ea9f2c5d135c39d01f56c830b15e41#1348,0,3576
20030228_easy_ham_2/01350.089851ea485ec58d231d53908231de85#1349,0,3577
20030228_easy_ham_2/01351.9fae8f2dd157790b40cbab58163e2280#1350,0,3578
20030228_easy_ham_2/01352.2df540c1e8fece832e0a869d30d04ec4#1351,0,3579
20030228_easy_ham_2/01353.de61bda933dc0bae0ddc630398d7b62f#1352,0,3580
20030228_easy_ham_2/01354.8e144e757b8d89ecc67627def316cc5f#1353,0,3581
20030228_easy_ham_2/01355.656b29d0ab8c8d02c0920b4799f4d207#1354,0,3582
20030228_easy_ham_2/01356.8d72d21568fbfdd4aec060fa8826832a#1355,0,3560
20030228_easy_ham_2/01357.102c99f3c387520d97c19c884c886355#1356,0,3583
20030228_easy_ham_2/01358.114d4d6ec3f1b50509de356f8b1267cc#1357,0,3584
20030228_easy_ham_2/01359.8252955a19112d1adb6abeef20ffb9ea#1358,0,3585
20030228_easy_ham_2/01360.12e20ec23520b1c5515424bf77ed94c8#1359,0,3586
20030228_easy_ham_2/01361.6f023e661ef3d444c9f223c15bef529a#1360,0,3587
20030228_easy_ham_2/01362.a63dddffa1f9903a480cd9aaaf6d16f3#1361,0,3588
20030228_easy_ham_2/01363.a176d11ee1b8c36d18c14d7f48b89dbc#1362,0,3589
20030228_easy_ham_2/01364.388f4e91846bf82b0ea60e9ca1244b43#1363,0,3590
20030228_easy_ham_2/01365.3550b6544685d5d0975194ef7932ae90#1364,0,3591
20030228_easy_ham_2/01366.d056f5bcd809ef8e1469af09f4050458#1365,0,3592
20030228_easy_ham_2/01367.539241fdb8190ea84532d6916046a903#1366,0,3593
20030228_easy_ham_2/01368.318bbc1f15c426911739e3386c17a229#1367,0,3594
20030228_easy_ham_2/01369.88276f6e84725a779b2938a1c14c8082#1368,0,3595
20030228_easy_ham_2/01370.09e84ff72528ec10760ad8cdba827320#1369,0,3596
20030228_easy_ham_2/01371.15be3e2dbe698ba6468c57e18e93c391#1370,0,3597
20030228_easy_ham_2/01372.ad286bcb58ca265f74e63e8bbbcdcd40#1371,0,3598
20030228_easy_ham_2/01373.55c2a7811975ab50ef0a350992d3ad74#1372,0,3599
20030228_easy_ham_2/01374.37db86d2e6be10df5e7daf89f16bcd8c#1373,0,3600
20030228_easy_ham_2/01375.6f00c234834166a104c28ac16b5a2d1b#1374,0,3601
20030228_easy_ham_2/01376.efdd59f2e2f8ea1dab5a2822bfd57793#1375,0,3602
20030228_easy_ham_2/01377.349d629be608a9445fa9c605bd12532b#1376,0,3603
20030228_easy_ham_2/01378.363deaa0f90db14de13a4a676703826d#1377,0,3604
20030228_easy_ham_2/01379.7b9367f184ed0a8c46b6c8562b86caf8#1378,0,3605
20030228_easy_ham_2/01380.e3fad5af747d3a110008f94a046bf31b#1379,0,3606
20030228_easy_ham_2/01381.044d1085f7fec8bb04229da3d7887424#1380,0,3607
20030228_easy_ham_2/01382.492cd22357b171e9cbbb2ed73f9d551f#1381,0,3608
20030228_easy_ham_2/01383.d00e3ef3abf47cc520aa8162bccd3a25#1382,0,3609
20030228_easy_ham_2/01384.2bd485e2079e4f481e54b9d9aa8a3195#1383,0,3610
20030228_easy_ham_2/01385.508a461a95c7420e52a29cf2c2cac912#1384,0,3611
20030228_easy_ham_2/01386.7019c4fe138653195097d8064c11cb80#1385,0,3612
20030228_easy_ham_2/01387.440c2de262b8b3040d75a66e0af81bfd#1386,0,3613
20030228_easy_ham_2/01388.8bdd1ecbba6a6739b067fe88cd0fa281#1387,0,3614
20030228_easy_ham_2/01389.e4cfb234aace4e12b2d9453686c911c9#1388,0,3615
20030228_easy_ham_2/01390.e377b9fcbb54f20570b42b5b37801dd8#1389,0,3616
20030228_easy_ham_2/01391.00e6f3a6dc816f22335f1b0fd6098eda#1390,0,3617
20030228_easy_ham_2/01392.6a9e94b131381aa631022fc1b6c9bdab#1391,0,3618
20030228_easy_ham_2/01393.40e9333a57d6f73d1eb2080a6b059848#1392,0,3619
20030228_easy_ham_2/01394.b4dd1cece01b908f040e33493643c4a4#1393,0,18
20030228_easy_ham_2/01395.65a2be0a7f93369c253c4bac543fdeb8#1394,0,3620
20030228_easy_ham_2/01396.61983fbe6ec43f55fd44e30fce24ffa6#1395,0,3621
20030228_easy_ham_2/01397.9f9ef4c2a8dc012d80f2ce2d3473d3b7#1396,0,3622
20030228_easy_ham_2/01398.169b51731fe569f42169ae8f948ec676#1397,0,3623
20030228_easy_ham_2/01399.ca6b00b7b341bbde9a9ea3dd6a7bf896#1398,0,3624
20030228_easy_ham_2/01400.f897f0931e461e7b2e964d28e927c35e#1399,0,3625
20030228_hard_ham/00001.7c7d6921e671bbe18ebb5f893cd9bb35#0,0,3626
20030228_hard_ham/00002.ca96f74042d05c1a1d29ca30467cfcd5#1,0,3627
20030228_hard_ham/00003.268fd170a3fc73bee2739d8204856a53#2,0,3628
20030228_hard_ham/00004.68819fc91d34c82433074d7bd3127dcc#3,0,3629
20030228_hard_ham/00005.34bcaad58ad5f598f5d6af8cfa0c0465#4,0,3630
20030228_hard_ham/00006.3409dec8ca4fcf2d6e0582554473b5c9#5,0,3631
20030228_hard_ham/00007.d24e99a602ee7fb442714c0d448cd08e#6,0,3632
20030228_hard_ham/00008.b42457819236bee543bebffb61b91e44#7,0,3633
20030228_hard_ham/00009.ddea79a02a9978cb3dafef3c05ff37a6#8,0,3634
20030228_hard_ham/00010.e82bd1f5f7eae426682a7f8e4cbf1ae6#9,0,3635
20030228_hard_ham/00011.acdfa5be40e7b6c3ad3df28c63670c7c#10,0,3636
20030228_hard_ham/00012.58a866f18474d94989984958e1789df4#11,0,3637
20030228_hard_ham/00013.15135df1ed8198dbea3fcd0cb8d071ae#12,0,3638
20030228_hard_ham/00014.a1f7ca2723b9e4060e7c73b6e1fed642#13,0,3639
20030228_hard_ham/00015.ada83ed8f5e09b7dd5b268dafb0d7e8d#14,0,3640
20030228_hard_ham/00016.47e87c7e7f6c78738ad4fb654dbdaaac#15,0,3641
20030228_hard_ham/00017.840244edb8cc88aba7129296ea536212#16,0,3642
20030228_hard_ham/00018.75bf8472753f24aa22df72c7301e07ec#17,0,3643
20030228_hard_ham/00019.e35a7a6a1a6bdd0d2e164db2f6a0e4ef#18,0,3644
20030228_hard_ham/00020.eca3ca2c144cd6ceaf677f3d8b7b0eed#19,0,3645
20030228_hard_ham/00021.1707ccb203e1a39f5167f1c0d65cc235#20,0,3646
20030228_hard_ham/00022.66e4bce429ab25c5d2c7e8a1a38838a0#21,0,3647
20030228_hard_ham/00023.fdefc991ac9ee6ab05fe5035b74cef1d#22,0,3648
20030228_hard_ham/00024.9d2b87b00039e2527adfebd188dd3e98#23,0,3649
20030228_hard_ham/00025.c27f4dd57c84c01305bd30bdee96810b#24,0,3650
20030228_hard_ham/00026.bb0f14a06b51317f3fc7854cdaae5cdb#25,0,3651
20030228_hard_ham/00027.87ab6708d16f330c0cb84c42a2adf154#26,0,3652
20030228_hard_ham/00028.13ae4e6472d6f2ded79066b8a7472a27#27,0,3653
20030228_hard_ham/00029.844ef4d2066aab3fdf93692142d5911f#28,0,3654
20030228_hard_ham/00030.81e02cde7ddb4986b99b38a31ef8cf9a#29,0,3655
20030228_hard_ham/00031.2ca10bdfae710ae978fe69ac84d9e98c#30,0,3656
20030228_hard_ham/00032.f84b348f70e22edf30de5cc219e50e36#31,0,3657
20030228_hard_ham/00033.a09f363a94e0c632227ab453b9fd4908#32,0,3658
20030228_hard_ham/00034.a3365d4376445f183171dad145d0b82d#33,0,3659
20030228_hard_ham/00035.a0e0e8cdca0b8352a9e9c2c81e5d5cd7#34,0,3660
20030228_hard_ham/00036.b2641f0e9ff64695cf368088640bee0c#35,0,3661
20030228_hard_ham/00037.55830ddeb2e48be48787c1fb1656ee47#36,0,3642
20030228_hard_ham/00038.a5f3ff0736ac35b3102c6712ffed9a60#37,0,3662
20030228_hard_ham/00039.b2b936a8501444b213f61f9ff193b480#38,0,3663
20030228_hard_ham/00040.78ac9f85875ccded71e3bbb55a7e6ac1#39,0,3664
20030228_hard_ham/00041.aee0699a14f472a43d9a9d178aa21d70#40,0,3665
20030228_hard_ham/00042.5b7f2a0e87c853e8c8e13d556c1320d2#41,0,3666
20030228_hard_ham/00043.d8d12ae6c64ff65812f48641822d4892#42,0,3667
20030228_hard_ham/00044.b2f03a4d512deb2c4702a3bd60a4fd88#43,0,3668
20030228_hard_ham/00045.f1d1f852b14ac9cc7b8af57fed17e1dc#44,0,3669
20030228_hard_ham/00046.026e41e68016ebba835a855d4e2af80f#45,0,3670
20030228_hard_ham/00047.e16f5f2d37964469a4bea8d6028b2acc#46,0,3671
20030228_hard_ham/00048.edce23084d9ebd5cd49924ba4bd2c344#47,0,3672
20030228_hard_ham/00049.7ed9039cd4c9cb59c4be39fdeaca0c64#48,0,3673
20030228_hard_ham/00050.22f61c80e6b78b95140773a3ef3848eb#49,0,3674
20030228_hard_ham/00051.2dbf15ab121393e6ea3e30a8a12fa23b#50,0,3675
20030228_hard_ham/00052.706355b468fdd6ec4a291c1cef07436f#51,0,3676
20030228_hard_ham/00053.64ab5b8544333b7c16af8c87b5ebe800#52,0,3677
20030228_hard_ham/00054.7e71da5e65cb85d5c483c3de59a5d63b#53,0,3678
20030228_hard_ham/00055.d4984b38068ffd0b982eb1e5c117512f#54,0,3642
20030228_hard_ham/00056.c17c95457d7524edd8a72b6de455c4d2#55,0,3679
20030228_hard_ham/00057.ccb4ce3e080b3a2957b7b257d85b850c#56,0,3680
20030228_hard_ham/00058.1af25be2ce8df45186febc96c29c6109#57,0,3681
20030228_hard_ham/00059.ad3ed6777e73773ebd7ee5455e6a43e3#58,0,3682
20030228_hard_ham/00060.bb5f0a4bb14bf8126f7024c538c22c92#59,0,3683
20030228_hard_ham/00061.ced4949974bf2c9bb387310f53172c9b#60,0,3684
20030228_hard_ham/00062.5eb057b09783a140a81fd95ed583f60d#61,0,3685
20030228_hard_ham/00063.70680acb99a7bb45b2194c228388ed43#62,0,3642
20030228_hard_ham/00064.a80b45bb0339ed948bbbd968c074c60e#63,0,3686
20030228_hard_ham/00065.84b8fba96e680358bbd2c961fe356982#64,0,3687
20030228_hard_ham/00066.a1470588fa7acf8f1ceb4b58f067682f#65,0,3688
20030228_hard_ham/00067.78f9a9d537907424c503f4d29a2c24b4#66,0,3689
20030228_hard_ham/00068.9fad29898f9de2de79401e3112c4f4f6#67,0,3690
20030228_hard_ham/00069.fde06e5843b931e8deedd526033cf45a#68,0,3691
20030228_hard_ham/00070.a6fc1e36f88c0bd0e0749274082938fc#69,0,3692
20030228_hard_ham/00071.c101f559f8fb74cad5caf665a3713c34#70,0,3693
20030228_hard_ham/00072.7fdfa76485745886daefc536dc734132#71,0,3694
20030228_hard_ham/00073.4bd106f62a13d9071a638228a7189862#72,0,3695
20030228_hard_ham/00074.c6f6a8cef7af2b318f769fc4633aa68d#73,0,3696
20030228_hard_ham/00075.7e1dad2c4dde79ba419379fcad78f2ca#74,0,3697
20030228_hard_ham/00076.5775c01eef4784032d58e85f76c541da#75,0,3698
20030228_hard_ham/00077.5bb73a24591aea238ff4c466aa16c6a5#76,0,3699
20030228_hard_ham/00078.dc9b31aab52ac120742e5b9cc792897d#77,0,3700
20030228_hard_ham/00079.83c5af8611aed78fc3490033e2ae255d#78,0,3701
20030228_hard_ham/00080.338dc467b34650c3fb2deebfb49c7279#79,0,3702
20030228_hard_ham/00081.a50816e80775062cf2b291e66137d01b#80,0,3703
20030228_hard_ham/00082.a405e76faf9463d464229306b1e0c93f#81,0,3704
20030228_hard_ham/00083.5c1fe69b6ebb360baac59ddca2b9bda0#82,0,3705
20030228_hard_ham/00084.b69a7b9d49f4fef05e0cd50c667f43cc#83,0,3706
20030228_hard_ham/00085.661f10298bde7a7c873f9d90fc343d4d#84,0,3707
20030228_hard_ham/00086.5c80a9cdcc27b05861d4ccef262ddab7#85,0,3708
20030228_hard_ham/00087.4563348fbfa23de502fee878d59ec671#86,0,3709
20030228_hard_ham/00088.1f7a2bd2452833d69c069ea025e5a3da#87,0,3710
20030228_hard_ham/00089.db1c07c19e44a56e1a4d7b858ff2ef5e#88,0,3711
20030228_hard_ham/00090.1c7c81d87c6d0824a52bebe66f186330#89,0,3712
20030228_hard_ham/00091.7c3181e801c15b857b81100fba6f0519#90,0,3713
20030228_hard_ham/00092.dea3df11dafb2cdd838b42fc3b9ead09#91,0,3642
20030228_hard_ham/00093.d3befc62e479414b36e08add1a79bed1#92,0,3714
20030228_hard_ham/00094.2775efe4f46c64a5ec4af86872a1548f#93,0,3715
20030228_hard_ham/00095.8649aca72a33fe998c9b95ad00dc4d7f#94,0,3716
20030228_hard_ham/00096.bfde9cb2286020360aea7e6e5dcbb39e#95,0,3717
20030228_hard_ham/00097.90200a177414673b08df827239a0b9dc#96,0,3718
20030228_hard_ham/00098.1dcbcaac22d03392c7bcfb4e86bc3c39#97,0,3719
20030228_hard_ham/00099.83f69964f7132d2c244a3374b94c285e#98,0,3720
20030228_hard_ham/00100.78af3dc4c39277a6e1893f287cc2771f#99,0,3721
20030228_hard_ham/00101.35e2f90cbe45708b1c1dcb606b554ca7#100,0,3722
20030228_hard_ham/00102.10533c2a8486368eea6acd0d07549f3b#101,0,3723
20030228_hard_ham/00103.3c2ed4232a349875b6ba4d78a9a7eb08#102,0,3724
20030228_hard_ham/00104.75eda98a9139049e191d3cfa09860c9d#103,0,3725
20030228_hard_ham/00105.e036059691d419bf35813576e85aecce#104,0,3726
20030228_hard_ham/00106.8325a1afdd64c2945889fc4b0e80d363#105,0,3727
20030228_hard_ham/00107.88cccf3d99a841ce92bdff029e137ed9#106,0,3728
20030228_hard_ham/00108.c616dad1b875643b5f48452beadf54b0#107,0,3729
20030228_hard_ham/00109.869c6cf86d562eed3692f760e9320cc0#108,0,3702
20030228_hard_ham/00110.77ac47048cafa2fe2587182f6d6b19d2#109,0,3730
20030228_hard_ham/00111.9b8da30db6709b590398fe8923a7180c#110,0,3642
20030228_hard_ham/00112.3851987ee7827b01ddb89bb99999adc4#111,0,3731
20030228_hard_ham/00113.1d37bdbcad4975b5012cc6d87a048ecf#112,0,3732
20030228_hard_ham/00114.b9a6a48a7c95e5d57507e4f8de05c8de#113,0,3733
20030228_hard_ham/00115.951fbc0e7de3d8ae828928279e43175c#114,0,3734
20030228_hard_ham/00116.28d07fa9ce0ad698cf6d7ccf1cb7e605#115,0,3735
20030228_hard_ham/00117.cf6312eae6441d25bef2ecfc39cc4acb#116,0,3736
20030228_hard_ham/00118.afcf98c4f10a53e86d033ddf95660b5d#117,0,3737
20030228_hard_ham/00119.4cb9c1c20358b4c2a6df2cdc5670fe62#118,0,3738
20030228_hard_ham/00120.4614aadda75cb2e069a6c22cabc5aea0#119,0,3739
20030228_hard_ham/00121.92d8827f2a5d552697f3bd261e6c0399#120,0,3740
20030228_hard_ham/00122.c0299a711b7392c9e93da37cce2fdc90#121,0,3741
20030228_hard_ham/00123.d9456f172d3424987c46cb49b7b6b012#122,0,3742
20030228_hard_ham/00124.ac778f6679d31ae64aae6fdb88327fbb#123,0,3743
20030228_hard_ham/00125.ae44df3c54c4ab59e4b0f1f63550f582#124,0,3744
20030228_hard_ham/00126.4b3874844ccb78cd7ca2cd03876124b0#125,0,3745
20030228_hard_ham/00127.ab907b37736fd663c0db15b5575cc416#126,0,3746
20030228_hard_ham/00128.d93c580cbc23b080e501f3ea11dbaa5e#127,0,3747
20030228_hard_ham/00129.084838d544f87b7ec7446ca4fc0052fa#128,0,3748
20030228_hard_ham/00130.f1caab154ed658777c7c75bef652fba2#129,0,3749
20030228_hard_ham/00131.fea96653807a20ab7a910705f7adc6c0#130,0,3642
20030228_hard_ham/00132.bf2db722d16c3cece885fc6bf30b717e#131,0,3750
20030228_hard_ham/00133.3e322807150a5e6584ba59accf6b05f4#132,0,3751
20030228_hard_ham/00134.7abef045b7561e7ebb07de92e969bb9b#133,0,3752
20030228_hard_ham/00135.fc6adca276535ab323a5afc4cec23256#134,0,3642
20030228_hard_ham/00136.5a3b167888ad2dddf950359e492b953c#135,0,3753
20030228_hard_ham/00137.30e6f75738b0cbad4f91da9590d7af0b#136,0,3754
20030228_hard_ham/00138.1bf66894faa2d923b2a673a016dc6afd#137,0,3755
20030228_hard_ham/00139.8164b7e486cc17d8f2c921f99e05ed10#138,0,3642
20030228_hard_ham/00140.1064ebb32a5625a958a6e38ffe9e061c#139,0,3756
20030228_hard_ham/00141.aed2892e7c6b98bbd7612722841db8db#140,0,3757
20030228_hard_ham/00142.867eadc733e247d4ca299af0526e4e17#141,0,3758
20030228_hard_ham/00143.582f03016b3c094e7d0635328d1a27bc#142,0,3759
20030228_hard_ham/00144.02ec2c8f4d1c6b004c9eba1bf124f8e3#143,0,3760
20030228_hard_ham/00145.add788f54fc2fddd54a58292cc485df3#144,0,3761
20030228_hard_ham/00146.d0be2bddfe040fcd582b9cffe3116cb9#145,0,3762
20030228_hard_ham/00147.1ebc575c928ad6e96d625bda16fa71ec#146,0,3763
20030228_hard_ham/00148.6a591b7b90744a8a411dd6f8c0e73ca6#147,0,3764
20030228_hard_ham/00149.f6fddcb1750a61e5e085e22a4fa08912#148,0,3765
20030228_hard_ham/00150.6757acfba013e1e9b138e2530101c9b8#149,0,3766
20030228_hard_ham/00151.b352916ecff2b0ba1140d6898d789235#150,0,3767
20030228_hard_ham/00152.651a40f1c0b2ba19122eccebccbae788#151,0,3768
20030228_hard_ham/00153.ed096ffdeb400b9697bb01c41814f7e6#152,0,3769
20030228_hard_ham/00154.c3c99795c6f5d902ce025522136f8cd3#153,0,3770
20030228_hard_ham/00155.b84fe135fb77395651a5b88a1f808cf9#154,0,3771
20030228_hard_ham/00156.71dbfb9d9c57413a67cd865d58c776de#155,0,3772
20030228_hard_ham/00157.431059ab68cc59ab6c09cb5cf454652c#156,0,3773
20030228_hard_ham/00158.8042a8d7b2a93ebdee1df8239cfea2b0#157,0,3774
20030228_hard_ham/00159.4ebed46c00f57c37a36d66184a08052c#158,0,3775
20030228_hard_ham/00160.0f0cc01d1f3ec5eff12ca6ee90ea9841#159,0,3776
20030228_hard_ham/00161.786d4f37f37d9043eb4fc2d3521b78b4#160,0,3777
20030228_hard_ham/00162.cef6a9e09dce1854e04dfb65cd040f6d#161,0,3778
20030228_hard_ham/00163.9deb0d7d80f1ca7ad32c158ad63e65ca#162,0,3779
20030228_hard_ham/00164.081ef32a8401f8fe6d48bfe2064cf172#163,0,3780
20030228_hard_ham/00165.4e1923f1c9091dc00d79dfe004eedf26#164,0,3781
20030228_hard_ham/00166.3f2f67be8df73f6566634579b2a4a5a6#165,0,3782
20030228_hard_ham/00167.728c686d0128f4d677a5658d865e6159#166,0,3783
20030228_hard_ham/00168.f8f56df10d37e1b1a50747cf9708e8b4#167,0,3784
20030228_hard_ham/00169.251360b0bc97db8a080cc122ce0428fe#168,0,3785
20030228_hard_ham/00170.1a9e4779117adf05e9690401ab6bc6cb#169,0,3786
20030228_hard_ham/00171.1690d6d03d44bf0eca7db6fdeb0fd5b7#170,0,3787
20030228_hard_ham/00172.872f136246d263a0a84b926277d26262#171,0,3246
20030228_hard_ham/00173.493449c83919771888e79bea2f0b4ac2#172,0,3788
20030228_hard_ham/00174.62cbd01979122b7c30b5eb301b834db2#173,0,3789
20030228_hard_ham/00175.9836fe00dafac45b3ad3f454ac7e8ee3#174,0,3790
20030228_hard_ham/00176.de59e6073d714bb1e1d2e9e8a45dd4c9#175,0,3791
20030228_hard_ham/00177.81236553338cae51575b54c6a07426f9#176,0,3792
20030228_hard_ham/00178.c5cd59a6164b565d92a6861f6491cac4#177,0,3793
20030228_hard_ham/00179.e07465b40c68c228dfb7133d8788e5cf#178,0,3794
20030228_hard_ham/00180.c48e764a71e8baa907f4f623cbbf9b80#179,0,3795
20030228_hard_ham/00181.01c5d96083c6e7770b1704791cf4bb3e#180,0,3796
20030228_hard_ham/00182.faa5af3977c98a99ae796d3e56e830be#181,0,3797
20030228_hard_ham/00183.a008f2e258860eff155bb06a065f7d56#182,0,3798
20030228_hard_ham/00184.a4d52c736c7e7a0d16c28f06964d6853#183,0,3799
20030228_hard_ham/00185.b30a53aad9d675993a9cec62cf515f2a#184,0,3800
20030228_hard_ham/00186.fe677caf46d7739f8b560388e1cdbbe2#185,0,3801
20030228_hard_ham/00187.cc3d499cfabdc2d517c1ff46e9fa1fdf#186,0,3802
20030228_hard_ham/00188.ca158386faba622ccc6513fb41f10c5f#187,0,3803
20030228_hard_ham/00189.c69e4af5bfa5a1bcb403eefe112e5e45#188,0,3804
20030228_hard_ham/00190.df7dad2aae44ed8fda1db31c0b65534d#189,0,3805
20030228_hard_ham/00191.5fd77d5b5c491cd7d2eaa004e78f5075#190,0,3806
20030228_hard_ham/00192.660d3367a86966f1a2a38d328215c905#191,0,3807
20030228_hard_ham/00193.0ec2d3762629686bdebde22f730a15e9#192,0,3808
20030228_hard_ham/00194.c7439a37e68aa99a7fb9242d46f02666#193,0,3809
20030228_hard_ham/00195.892bab5152116f1fb3f1f0660135f193#194,0,3810
20030228_hard_ham/00196.a1dbbf4dd324bb585342320e1ca42e2f#195,0,3811
20030228_hard_ham/00197.c7483488867fe74e7444441283549ae8#196,0,3812
20030228_hard_ham/00198.9b71c90c298d453025eae7bbcc46018b#197,0,3813
20030228_hard_ham/00199.a69d994a7a76f49be4f4e8b839adc00a#198,0,3814
20030228_hard_ham/00200.a255046d0e3434e840e71179b89f2c6f#199,0,3815
20030228_hard_ham/00201.04e4c8ef93080eea4b11213262ece700#200,0,3816
20030228_hard_ham/00202.8482d07f3281465b273327bb83bd9a39#201,0,3817
20030228_hard_ham/00203.f60fed4761dba24a8e626e8280d53191#202,0,3818
20030228_hard_ham/00204.3f44646104dbe9da75d726e4e283b7fb#203,0,3819
20030228_hard_ham/00205.bd40fad9d7f6867e5567ee7ac1452de5#204,0,3820
20030228_hard_ham/00206.50203232b4a56887be213f8d9a5f6e4f#205,0,3821
20030228_hard_ham/00207.3220a87d3a67fa61c448256e39017ea5#206,0,3822
20030228_hard_ham/00208.818667cfa44cba08793363ad0c1d3199#207,0,3823
20030228_hard_ham/00209.ea2b5d16e8491f2cd718e004db246a40#208,0,3824
20030228_hard_ham/00210.79fd0e04bf1db9acf7fcfa18898b2fe3#209,0,3825
20030228_hard_ham/00211.1ca67c3677fa0051ccfa27c756d32b5a#210,0,3826
20030228_hard_ham/00212.1459a647a827cc74ab6821fb2e9c8c93#211,0,3827
20030228_hard_ham/00213.a4b9270a1dba3202064d9f743e265686#212,0,3828
20030228_hard_ham/00214.94d0d7dd09e7b4926f56071a11a2f984#213,0,3829
20030228_hard_ham/00215.c81a55d190a825940310844263fd11e1#214,0,3830
20030228_hard_ham/00216.c9852e64c18b291305ab7831c12c579d#215,0,3831
20030228_hard_ham/00217.32dec0aaa44802e2bfa553ddce8f10d1#216,0,3832
20030228_hard_ham/00218.c8c8534c14d8e1b43c43a7565a16f28a#217,0,3833
20030228_hard_ham/00219.bb4a484a40986c42d278eae309558892#218,0,3834
20030228_hard_ham/00220.11f0abf371588687744d151b46903087#219,0,3835
20030228_hard_ham/00221.a381aa8211652ea0b51cee1f2d261fce#220,0,3836
20030228_hard_ham/00222.57ad2fdad6b9fceaf7058603664df7e2#221,0,3837
20030228_hard_ham/00223.14b06feeb8b03fed4e272140b8ed95f0#222,0,3838
20030228_hard_ham/00224.0b10471bd4bcd9b5aad01f0431f72d9f#223,0,3839
20030228_hard_ham/00225.95a159ed59772e97b38119d58b57b059#224,0,3840
20030228_hard_ham/00226.54521695be23019d664e33a1a7753355#225,0,3841
20030228_hard_ham/00227.7850f16f65811d6ca49bace718c34cb8#226,0,3842
20030228_hard_ham/00228.0eaef7857bbbf3ebf5edbbdae2b30493#227,0,3843
20030228_hard_ham/00229.0870e13cd0b783d3d0b32826fa06bef3#228,0,3844
20030228_hard_ham/00230.244a63cd74c81123ef26129453e32c95#229,0,3845
20030228_hard_ham/00231.d01a3572441f108064892b75423f1efc#230,0,3846
20030228_hard_ham/00232.3e89eaf26e6614545afbfc5d4ce13a44#231,0,3847
20030228_hard_ham/00233.3731b99b0fb04bcf461d098d0570ea36#232,0,3848
20030228_hard_ham/00234.12555461ce0bc373baab8daf9280d4ca#233,0,3849
20030228_hard_ham/00235.942d5701daf62963c60e4a22ac76203b#234,0,3850
20030228_hard_ham/00236.cd8041108e1741110843e3b38d47ff91#235,0,3851
20030228_hard_ham/00237.2ed2cce324d7ce55d991022301ab5923#236,0,3852
20030228_hard_ham/00238.9dbdc03f5f3de9747872088766e3af89#237,0,3853
20030228_hard_ham/00239.b34c7d6ba5ea27164994dd139371f5d7#238,0,3854
20030228_hard_ham/00240.8623673c2a6f2cde10ab31423f708feb#239,0,3855
20030228_hard_ham/00241.4e5262894127344225abfc680c35e3d3#240,0,3856
20030228_hard_ham/00242.fc258e3fb7c6c86571243691e28c1921#241,0,3857
20030228_hard_ham/00243.3bcfd197aa4187ca654e9b874d9c7833#242,0,3858
20030228_hard_ham/00244.6b536755550a406301a4dbd482341125#243,0,3859
20030228_hard_ham/00245.ad6a6e01bee8f1d84541fb127a86e31f#244,0,3860
20030228_hard_ham/00246.fdaacadac7143848978ea0af07eed070#245,0,3861
20030228_hard_ham/00247.42534d5df0700cb2adf240556c539947#246,0,3862
20030228_hard_ham/00248.9599b06d2d2c08b57ff1de06316d66c0#247,0,3863
20030228_hard_ham/00249.b9183324a9726e8b6c8779045a921243#248,0,3864
20030228_hard_ham/00250.c7603b27a45284d12b49adf767b2b6fa#249,0,3865
phishing0.mbox#0,1,3866
phishing0.mbox#1,1,3867
phishing0.mbox#2,1,3868
phishing0.mbox#3,1,3869
phishing0.mbox#4,1,3870
phishing0.mbox#5,1,3871
phishing0.mbox#6,1,3869
phishing0.mbox#7,1,3869
phishing0.mbox#8,1,3872
phishing0.mbox#9,1,3873
phishing0.mbox#10,1,3874
phishing0.mbox#11,1,3875
phishing0.mbox#12,1,3876
phishing0.mbox#13,1,3866
phishing0.mbox#14,1,3877
phishing0.mbox#15,1,3878
phishing0.mbox#16,1,3879
phishing0.mbox#17,1,3880
phishing0.mbox#18,1,3881
phishing0.mbox#19,1,3882
phishing0.mbox#20,1,3883
phishing0.mbox#21,1,3884
phishing0.mbox#22,1,3869
phishing0.mbox#23,1,3876
phishing0.mbox#24,1,3885
phishing0.mbox#25,1,3869
phishing0.mbox#26,1,3886
phishing0.mbox#27,1,3886
phishing0.mbox#28,1,3887
phishing0.mbox#29,1,3888
phishing0.mbox#30,1,3889
phishing0.mbox#31,1,3869
phishing0.mbox#32,1,3867
phishing0.mbox#33,1,3869
phishing0.mbox#34,1,3869
phishing0.mbox#35,1,3890
phishing0.mbox#36,1,3875
phishing0.mbox#37,1,3875
phishing0.mbox#38,1,3886
phishing0.mbox#39,1,3891
phishing0.mbox#40,1,3892
phishing0.mbox#41,1,3893
phishing0.mbox#42,1,3894
phishing0.mbox#43,1,3895
phishing0.mbox#44,1,3896
phishing0.mbox#45,1,3897
phishing0.mbox#46,1,3876
phishing0.mbox#47,1,3898
phishing0.mbox#48,1,3899
phishing0.mbox#49,1,3900
phishing0.mbox#50,1,3901
phishing0.mbox#51,1,3876
phishing0.mbox#52,1,3902
phishing0.mbox#53,1,3903
phishing0.mbox#54,1,3904
phishing0.mbox#55,1,3905
phishing0.mbox#56,1,3906
phishing0.mbox#57,1,3907
phishing0.mbox#58,1,3908
phishing0.mbox#59,1,3909
phishing0.mbox#60,1,3910
phishing0.mbox#61,1,3911
phishing0.mbox#62,1,3912
phishing0.mbox#63,1,3913
phishing0.mbox#64,1,3876
phishing0.mbox#65,1,3914
phishing0.mbox#66,1,3915
phishing0.mbox#67,1,3916
phishing0.mbox#68,1,3917
phishing0.mbox#69,1,3916
phishing0.mbox#70,1,3916
phishing0.mbox#71,1,3916
phishing0.mbox#72,1,3916
phishing0.mbox#73,1,3916
phishing0.mbox#74,1,3916
phishing0.mbox#75,1,3916
phishing0.mbox#76,1,3916
phishing0.mbox#77,1,3916
phishing0.mbox#78,1,3916
phishing0.mbox#79,1,3916
phishing0.mbox#80,1,3916
phishing0.mbox#81,1,3916
phishing0.mbox#82,1,3916
phishing0.mbox#83,1,3916
phishing0.mbox#84,1,3918
phishing0.mbox#85,1,3919
phishing0.mbox#86,1,3916
phishing0.mbox#87,1,3920
phishing0.mbox#88,1,3911
phishing0.mbox#89,1,3911
phishing0.mbox#90,1,3911
phishing0.mbox#91,1,3916
phishing0.mbox#92,1,3916
phishing0.mbox#93,1,3919
phishing0.mbox#94,1,3916
phishing0.mbox#95,1,3921
phishing0.mbox#96,1,3916
phishing0.mbox#97,1,3922
phishing0.mbox#98,1,3923
phishing0.mbox#99,1,3921
phishing0.mbox#100,1,3921
phishing0.mbox#101,1,3916
phishing0.mbox#102,1,3916
phishing0.mbox#103,1,3921
phishing0.mbox#104,1,3924
phishing0.mbox#105,1,3925
phishing0.mbox#106,1,3926
phishing0.mbox#107,1,3927
phishing0.mbox#108,1,3928
phishing0.mbox#109,1,3921
phishing0.mbox#110,1,3924
phishing0.mbox#111,1,3916
phishing0.mbox#112,1,3929
phishing0.mbox#113,1,3916
phishing0.mbox#114,1,3930
phishing0.mbox#115,1,3931
phishing0.mbox#116,1,3932
phishing0.mbox#117,1,3916
phishing0.mbox#118,1,3933
phishing0.mbox#119,1,3916
phishing0.mbox#120,1,3919
phishing0.mbox#121,1,3916
phishing0.mbox#122,1,3932
phishing0.mbox#123,1,3916
phishing0.mbox#124,1,3934
phishing0.mbox#125,1,3931
phishing0.mbox#126,1,3935
phishing0.mbox#127,1,3935
phishing0.mbox#128,1,3936
phishing0.mbox#129,1,3916
phishing0.mbox#130,1,3935
phishing0.mbox#131,1,3937
phishing0.mbox#132,1,3924
phishing0.mbox#133,1,3924
phishing0.mbox#134,1,3938
phishing0.mbox#135,1,3916
phishing0.mbox#136,1,3939
phishing0.mbox#137,1,3940
phishing0.mbox#138,1,3916
phishing0.mbox#139,1,3916
phishing0.mbox#140,1,3916
phishing0.mbox#141,1,3941
phishing0.mbox#142,1,3931
phishing0.mbox#143,1,3936
phishing0.mbox#144,1,3916
phishing0.mbox#145,1,3916
phishing0.mbox#146,1,3928
phishing0.mbox#147,1,3916
phishing0.mbox#148,1,3876
phishing0.mbox#149,1,3916
phishing0.mbox#150,1,3916
phishing0.mbox#151,1,3916
phishing0.mbox#152,1,3916
phishing0.mbox#153,1,3916
phishing0.mbox#154,1,3942
phishing0.mbox#155,1,3916
phishing0.mbox#156,1,3916
phishing0.mbox#157,1,3903
phishing0.mbox#158,1,3916
phishing0.mbox#159,1,3943
phishing0.mbox#160,1,3916
phishing0.mbox#161,1,3934
phishing0.mbox#162,1,3916
phishing0.mbox#163,1,3944
phishing0.mbox#164,1,3945
phishing0.mbox#165,1,3919
phishing0.mbox#166,1,3946
phishing0.mbox#167,1,3947
phishing0.mbox#168,1,3948
phishing0.mbox#169,1,3949
phishing0.mbox#170,1,3916
phishing0.mbox#171,1,3916
phishing0.mbox#172,1,3919
phishing0.mbox#173,1,3916
phishing0.mbox#174,1,3916
phishing0.mbox#175,1,3950
phishing0.mbox#176,1,3951
phishing0.mbox#177,1,3916
phishing0.mbox#178,1,3952
phishing0.mbox#179,1,3953
phishing0.mbox#180,1,3954
phishing0.mbox#181,1,3949
phishing0.mbox#182,1,3916
phishing0.mbox#183,1,3955
phishing0.mbox#184,1,3916
phishing0.mbox#185,1,3916
phishing0.mbox#186,1,3916
phishing0.mbox#187,1,3942
phishing0.mbox#188,1,3946
phishing0.mbox#189,1,3938
phishing0.mbox#190,1,3946
phishing0.mbox#191,1,3956
phishing0.mbox#192,1,3957
phishing0.mbox#193,1,3957
phishing0.mbox#194,1,3949
phishing0.mbox#195,1,3958
phishing0.mbox#196,1,3959
phishing0.mbox#197,1,3960
phishing0.mbox#198,1,3961
phishing0.mbox#199,1,3962
phishing0.mbox#200,1,3963
phishing0.mbox#201,1,3964
phishing0.mbox#202,1,3965
phishing0.mbox#203,1,3966
phishing0.mbox#204,1,3961
phishing0.mbox#205,1,3967
phishing0.mbox#206,1,3966
phishing0.mbox#207,1,3968
phishing0.mbox#208,1,3957
phishing0.mbox#209,1,3964
phishing0.mbox#210,1,3969
phishing0.mbox#211,1,3970
phishing0.mbox#212,1,3970
phishing0.mbox#213,1,3971
phishing0.mbox#214,1,3972
phishing0.mbox#215,1,3934
phishing0.mbox#216,1,3970
phishing0.mbox#217,1,3973
phishing0.mbox#218,1,3974
phishing0.mbox#219,1,3970
phishing0.mbox#220,1,3970
phishing0.mbox#221,1,3975
phishing0.mbox#222,1,3976
phishing0.mbox#223,1,3916
phishing0.mbox#224,1,3977
phishing0.mbox#225,1,3916
phishing0.mbox#226,1,3963
phishing0.mbox#227,1,3916
phishing0.mbox#228,1,3934
phishing0.mbox#229,1,3978
phishing0.mbox#230,1,3938
phishing0.mbox#231,1,3979
phishing0.mbox#232,1,3978
phishing0.mbox#233,1,3942
phishing0.mbox#234,1,3978
phishing0.mbox#235,1,3980
phishing0.mbox#236,1,3980
phishing0.mbox#237,1,3981
phishing0.mbox#238,1,3982
phishing0.mbox#239,1,3983
phishing0.mbox#240,1,3984
phishing0.mbox#241,1,3966
phishing0.mbox#242,1,3985
phishing0.mbox#243,1,3986
phishing0.mbox#244,1,3922
phishing0.mbox#245,1,3966
phishing0.mbox#246,1,3987
phishing0.mbox#247,1,3988
phishing0.mbox#248,1,3989
phishing0.mbox#249,1,3990
phishing0.mbox#250,1,3990
phishing0.mbox#251,1,3916
phishing0.mbox#252,1,3991
phishing0.mbox#253,1,3919
phishing0.mbox#254,1,3970
phishing0.mbox#255,1,3942
phishing0.mbox#256,1,3970
phishing0.mbox#257,1,3992
phishing0.mbox#258,1,3993
phishing0.mbox#259,1,3916
phishing0.mbox#260,1,3994
phishing0.mbox#261,1,3900
phishing0.mbox#262,1,3995
phishing0.mbox#263,1,3995
phishing0.mbox#264,1,3995
phishing0.mbox#265,1,3995
phishing0.mbox#266,1,3995
phishing0.mbox#267,1,3995
phishing0.mbox#268,1,3995
phishing0.mbox#269,1,3996
phishing0.mbox#270,1,3900
phishing0.mbox#271,1,3900
phishing0.mbox#272,1,3996
phishing0.mbox#273,1,3915
phishing0.mbox#274,1,3960
phishing0.mbox#275,1,3981
phishing0.mbox#276,1,3963
phishing0.mbox#277,1,3966
phishing0.mbox#278,1,3984
phishing0.mbox#279,1,3978
phishing0.mbox#280,1,3988
phishing0.mbox#281,1,3997
phishing0.mbox#282,1,3998
phishing0.mbox#283,1,3966
phishing0.mbox#284,1,3999
phishing0.mbox#285,1,3942
phishing0.mbox#286,1,3916
phishing0.mbox#287,1,3916
phishing0.mbox#288,1,3916
phishing0.mbox#289,1,4000
phishing0.mbox#290,1,4001
phishing0.mbox#291,1,3999
phishing0.mbox#292,1,4002
phishing0.mbox#293,1,4003
phishing0.mbox#294,1,3916
phishing0.mbox#295,1,3996
phishing0.mbox#296,1,3999
phishing0.mbox#297,1,4003
phishing0.mbox#298,1,3948
phishing0.mbox#299,1,4004
phishing0.mbox#300,1,4005
phishing0.mbox#301,1,4006
phishing0.mbox#302,1,4007
phishing0.mbox#303,1,3998
phishing0.mbox#304,1,3999
phishing0.mbox#305,1,3999
phishing0.mbox#306,1,3999
phishing0.mbox#307,1,3999
phishing0.mbox#308,1,3900
phishing0.mbox#309,1,3916
phishing0.mbox#310,1,4001
phishing0.mbox#311,1,4008
phishing0.mbox#312,1,3900
phishing0.mbox#313,1,4009
phishing0.mbox#314,1,4010
phishing0.mbox#315,1,4011
phishing0.mbox#316,1,4012
phishing0.mbox#317,1,4001
phishing0.mbox#318,1,3900
phishing0.mbox#319,1,4013
phishing0.mbox#320,1,4013
phishing0.mbox#321,1,4013
phishing0.mbox#322,1,4014
phishing0.mbox#323,1,3900
phishing0.mbox#324,1,3951
phishing0.mbox#325,1,4013
phishing0.mbox#326,1,4015
phishing0.mbox#327,1,4003
phishing0.mbox#328,1,4013
phishing0.mbox#329,1,4013
phishing0.mbox#330,1,4013
phishing0.mbox#331,1,4012
phishing0.mbox#332,1,4016
phishing0.mbox#333,1,4010
phishing0.mbox#334,1,4017
phishing0.mbox#335,1,4003
phishing0.mbox#336,1,3916
phishing0.mbox#337,1,4018
phishing0.mbox#338,1,4019
phishing0.mbox#339,1,4020
phishing0.mbox#340,1,4012
phishing0.mbox#341,1,3900
phishing0.mbox#342,1,4021
phishing0.mbox#343,1,4022
phishing0.mbox#344,1,4021
phishing0.mbox#345,1,4023
phishing0.mbox#346,1,3900
phishing0.mbox#347,1,4024
phishing0.mbox#348,1,4025
phishing0.mbox#349,1,4026
phishing0.mbox#350,1,4027
phishing0.mbox#351,1,4028
phishing0.mbox#352,1,4001
phishing0.mbox#353,1,4029
phishing0.mbox#354,1,4020
phishing0.mbox#355,1,4030
phishing0.mbox#356,1,4031
phishing0.mbox#357,1,4031
phishing0.mbox#358,1,4032
phishing0.mbox#359,1,4021
phishing0.mbox#360,1,4021
phishing0.mbox#361,1,4021
phishing0.mbox#362,1,4015
phishing0.mbox#363,1,4018
phishing0.mbox#364,1,3916
phishing0.mbox#365,1,4015
phishing0.mbox#366,1,4033
phishing0.mbox#367,1,4033
phishing0.mbox#368,1,4032
phishing0.mbox#369,1,3900
phishing0.mbox#370,1,4034
phishing0.mbox#371,1,4026
phishing0.mbox#372,1,4035
phishing0.mbox#373,1,4036
phishing0.mbox#374,1,4037
phishing0.mbox#375,1,4038
phishing0.mbox#376,1,4013
phishing0.mbox#377,1,4039
phishing0.mbox#378,1,4040
phishing0.mbox#379,1,4041
phishing0.mbox#380,1,4026
phishing0.mbox#381,1,4021
phishing0.mbox#382,1,3942
phishing0.mbox#383,1,3900
phishing0.mbox#384,1,3996
phishing0.mbox#385,1,3996
phishing0.mbox#386,1,4013
phishing0.mbox#387,1,4041
phishing0.mbox#388,1,4042
phishing0.mbox#389,1,4036
phishing0.mbox#390,1,4043
phishing0.mbox#391,1,4044
phishing0.mbox#392,1,4045
phishing0.mbox#393,1,4046
phishing0.mbox#394,1,4035
phishing0.mbox#395,1,4047
phishing0.mbox#396,1,4048
phishing0.mbox#397,1,4049
phishing0.mbox#398,1,3974
phishing0.mbox#399,1,4050
phishing0.mbox#400,1,4050
phishing0.mbox#401,1,4051
phishing0.mbox#402,1,4041
phishing0.mbox#403,1,3946
phishing0.mbox#404,1,4026
phishing0.mbox#405,1,4033
phishing0.mbox#406,1,4026
phishing0.mbox#407,1,4050
phishing0.mbox#408,1,4047
phishing0.mbox#409,1,4036
phishing0.mbox#410,1,4047
phishing0.mbox#411,1,4021
phishing0.mbox#412,1,4021
phishing0.mbox#413,1,3966
phishing1.mbox#0,1,4052
phishing1.mbox#1,1,4045
phishing1.mbox#2,1,4053
phishing1.mbox#3,1,4053
phishing1.mbox#4,1,4054
phishing1.mbox#5,1,4036
phishing1.mbox#6,1,3919
phishing1.mbox#7,1,3919
phishing1.mbox#8,1,3919
phishing1.mbox#9,1,3974
phishing1.mbox#10,1,4041
phishing1.mbox#11,1,3919
phishing1.mbox#12,1,4022
phishing1.mbox#13,1,3916
phishing1.mbox#14,1,4021
phishing1.mbox#15,1,4055
phishing1.mbox#16,1,4035
phishing1.mbox#17,1,3974
phishing1.mbox#18,1,4056
phishing1.mbox#19,1,4057
phishing1.mbox#20,1,4033
phishing1.mbox#21,1,4058
phishing1.mbox#22,1,4021
phishing1.mbox#23,1,4059
phishing1.mbox#24,1,4021
phishing1.mbox#25,1,3974
phishing1.mbox#26,1,4056
phishing1.mbox#27,1,4057
phishing1.mbox#28,1,4033
phishing1.mbox#29,1,4021
phishing1.mbox#30,1,4059
phishing1.mbox#31,1,4060
phishing1.mbox#32,1,4033
phishing1.mbox#33,1,4061
phishing1.mbox#34,1,4062
phishing1.mbox#35,1,4063
phishing1.mbox#36,1,4062
phishing1.mbox#37,1,4062
phishing1.mbox#38,1,4062
phishing1.mbox#39,1,4062
phishing1.mbox#40,1,4062
phishing1.mbox#41,1,4062
phishing1.mbox#42,1,4062
phishing1.mbox#43,1,4062
phishing1.mbox#44,1,4064
phishing1.mbox#45,1,4062
phishing1.mbox#46,1,4062
phishing1.mbox#47,1,4065
phishing1.mbox#48,1,4066
phishing1.mbox#49,1,4066
phishing1.mbox#50,1,4033
phishing1.mbox#51,1,4067
phishing1.mbox#52,1,3916
phishing1.mbox#53,1,4068
phishing1.mbox#54,1,4068
phishing1.mbox#55,1,4069
phishing1.mbox#56,1,4069
phishing1.mbox#57,1,4069
phishing1.mbox#58,1,4035
phishing1.mbox#59,1,4041
phishing1.mbox#60,1,4069
phishing1.mbox#61,1,4070
phishing1.mbox#62,1,3916
phishing1.mbox#63,1,4036
phishing1.mbox#64,1,3980
phishing1.mbox#65,1,3980
phishing1.mbox#66,1,3916
phishing1.mbox#67,1,3933
phishing1.mbox#68,1,4071
phishing1.mbox#69,1,4069
phishing1.mbox#70,1,3933
phishing1.mbox#71,1,3942
phishing1.mbox#72,1,3996
phishing1.mbox#73,1,3946
phishing1.mbox#74,1,4072
phishing1.mbox#75,1,3996
phishing1.mbox#76,1,3919
phishing1.mbox#77,1,4072
phishing1.mbox#78,1,4073
phishing1.mbox#79,1,4035
phishing1.mbox#80,1,4074
phishing1.mbox#81,1,4051
phishing1.mbox#82,1,4075
phishing1.mbox#83,1,4051
phishing1.mbox#84,1,3916
phishing1.mbox#85,1,4076
phishing1.mbox#86,1,4077
phishing1.mbox#87,1,4077
phishing1.mbox#88,1,4078
phishing1.mbox#89,1,4079
phishing1.mbox#90,1,4079
phishing1.mbox#91,1,4079
phishing1.mbox#92,1,3981
phishing1.mbox#93,1,4029
phishing1.mbox#94,1,3974
phishing1.mbox#95,1,3981
phishing1.mbox#96,1,4080
phishing1.mbox#97,1,4077
phishing1.mbox#98,1,3981
phishing1.mbox#99,1,4073
phishing1.mbox#100,1,4026
phishing1.mbox#101,1,4036
phishing1.mbox#102,1,4036
phishing1.mbox#103,1,4036
phishing1.mbox#104,1,4031
phishing1.mbox#105,1,3974
phishing1.mbox#106,1,4081
phishing1.mbox#107,1,4082
phishing1.mbox#108,1,4083
phishing1.mbox#109,1,4084
phishing1.mbox#110,1,4084
phishing1.mbox#111,1,4084
phishing1.mbox#112,1,4085
phishing1.mbox#113,1,4084
phishing1.mbox#114,1,4086
phishing1.mbox#115,1,4087
phishing1.mbox#116,1,4088
phishing1.mbox#117,1,3996
phishing1.mbox#118,1,4069
phishing1.mbox#119,1,3981
phishing1.mbox#120,1,3974
phishing1.mbox#121,1,4089
phishing1.mbox#122,1,4055
phishing1.mbox#123,1,3981
phishing1.mbox#124,1,4089
phishing1.mbox#125,1,4090
phishing1.mbox#126,1,4091
phishing1.mbox#127,1,4069
phishing1.mbox#128,1,4069
phishing1.mbox#129,1,4051
phishing1.mbox#130,1,3946
phishing1.mbox#131,1,4092
phishing1.mbox#132,1,4093
phishing1.mbox#133,1,3916
phishing1.mbox#134,1,4089
phishing1.mbox#135,1,4094
phishing1.mbox#136,1,4095
phishing1.mbox#137,1,3917
phishing1.mbox#138,1,3974
phishing1.mbox#139,1,4096
phishing1.mbox#140,1,4097
phishing1.mbox#141,1,4089
phishing1.mbox#142,1,4098
phishing1.mbox#143,1,4099
phishing1.mbox#144,1,4022
phishing1.mbox#145,1,3974
phishing1.mbox#146,1,4072
phishing1.mbox#147,1,4072
phishing1.mbox#148,1,4097
phishing1.mbox#149,1,4029
phishing1.mbox#150,1,4094
phishing1.mbox#151,1,3996
phishing1.mbox#152,1,4045
phishing1.mbox#153,1,4029
phishing1.mbox#154,1,4045
phishing1.mbox#155,1,3974
phishing1.mbox#156,1,3957
phishing1.mbox#157,1,4022
phishing1.mbox#158,1,4069
phishing1.mbox#159,1,4069
phishing1.mbox#160,1,4069
phishing1.mbox#161,1,4022
phishing1.mbox#162,1,4022
phishing1.mbox#163,1,4022
phishing1.mbox#164,1,4069
phishing1.mbox#165,1,4100
phishing1.mbox#166,1,4101
phishing1.mbox#167,1,3981
phishing1.mbox#168,1,4102
phishing1.mbox#169,1,4102
phishing1.mbox#170,1,4103
phishing1.mbox#171,1,4102
phishing1.mbox#172,1,4069
phishing1.mbox#173,1,4104
phishing1.mbox#174,1,4008
phishing1.mbox#175,1,4105
phishing1.mbox#176,1,4106
phishing1.mbox#177,1,3957
phishing1.mbox#178,1,4010
phishing1.mbox#179,1,4055
phishing1.mbox#180,1,3981
phishing1.mbox#181,1,4051
phishing1.mbox#182,1,4107
phishing1.mbox#183,1,4108
phishing1.mbox#184,1,4108
phishing1.mbox#185,1,4109
phishing1.mbox#186,1,4022
phishing1.mbox#187,1,4110
phishing1.mbox#188,1,4080
phishing1.mbox#189,1,4111
phishing1.mbox#190,1,4112
phishing1.mbox#191,1,4051
phishing1.mbox#192,1,4112
phishing1.mbox#193,1,3916
phishing1.mbox#194,1,4113
phishing1.mbox#195,1,4114
phishing1.mbox#196,1,4032
phishing1.mbox#197,1,4032
phishing1.mbox#198,1,3916
phishing1.mbox#199,1,4115
phishing1.mbox#200,1,4116
phishing1.mbox#201,1,4116
phishing1.mbox#202,1,4116
phishing1.mbox#203,1,4116
phishing1.mbox#204,1,4116
phishing1.mbox#205,1,4116
phishing1.mbox#206,1,4116
phishing1.mbox#207,1,4116
phishing1.mbox#208,1,4116
phishing1.mbox#209,1,4116
phishing1.mbox#210,1,4116
phishing1.mbox#211,1,4116
phishing1.mbox#212,1,4116
phishing1.mbox#213,1,4116
phishing1.mbox#214,1,4116
phishing1.mbox#215,1,4116
phishing1.mbox#216,1,4116
phishing1.mbox#217,1,3919
phishing1.mbox#218,1,4117
phishing1.mbox#219,1,4118
phishing1.mbox#220,1,4059
phishing1.mbox#221,1,3916
phishing1.mbox#222,1,4022
phishing1.mbox#223,1,3916
phishing1.mbox#224,1,3916
phishing1.mbox#225,1,4119
phishing1.mbox#226,1,3916
phishing1.mbox#227,1,4120
phishing1.mbox#228,1,3916
phishing1.mbox#229,1,4121
phishing1.mbox#230,1,4121
phishing1.mbox#231,1,4033
phishing1.mbox#232,1,4122
phishing1.mbox#233,1,4122
phishing1.mbox#234,1,4123
phishing1.mbox#235,1,4124
phishing1.mbox#236,1,4125
phishing1.mbox#237,1,4122
phishing1.mbox#238,1,4126
phishing1.mbox#239,1,4127
phishing1.mbox#240,1,4128
phishing1.mbox#241,1,3916
phishing1.mbox#242,1,4129
phishing1.mbox#243,1,4130
phishing1.mbox#244,1,4069
phishing1.mbox#245,1,4131
phishing1.mbox#246,1,4126
phishing1.mbox#247,1,4132
phishing1.mbox#248,1,4128
phishing1.mbox#249,1,4133
phishing1.mbox#250,1,4134
phishing1.mbox#251,1,3966
phishing1.mbox#252,1,4135
phishing1.mbox#253,1,3966
phishing1.mbox#254,1,3984
phishing1.mbox#255,1,4008
phishing1.mbox#256,1,4136
phishing1.mbox#257,1,4137
phishing1.mbox#258,1,3966
phishing1.mbox#259,1,4062
phishing1.mbox#260,1,3946
phishing1.mbox#261,1,3992
phishing1.mbox#262,1,4069
phishing1.mbox#263,1,4133
phishing1.mbox#264,1,4051
phishing1.mbox#265,1,4138
phishing1.mbox#266,1,4033
phishing1.mbox#267,1,4008
phishing1.mbox#268,1,4139
phishing1.mbox#269,1,4022
phishing1.mbox#270,1,4140
phishing1.mbox#271,1,4141
phishing1.mbox#272,1,3916
phishing1.mbox#273,1,4125
phishing1.mbox#274,1,4142
phishing1.mbox#275,1,4045
phishing1.mbox#276,1,3916
phishing1.mbox#277,1,4143
phishing1.mbox#278,1,4125
phishing1.mbox#279,1,4144
phishing1.mbox#280,1,4032
phishing1.mbox#281,1,4145
phishing1.mbox#282,1,4059
phishing1.mbox#283,1,4125
phishing1.mbox#284,1,4125
phishing1.mbox#285,1,4146
phishing1.mbox#286,1,4147
phishing1.mbox#287,1,4033
phishing1.mbox#288,1,4148
phishing1.mbox#289,1,4123
phishing1.mbox#290,1,4149
phishing1.mbox#291,1,4150
phishing1.mbox#292,1,4149
phishing1.mbox#293,1,4077
phishing1.mbox#294,1,4077
phishing1.mbox#295,1,4117
phishing1.mbox#296,1,4000
phishing1.mbox#297,1,4022
phishing1.mbox#298,1,4151
phishing1.mbox#299,1,4000
phishing1.mbox#300,1,4117
phishing1.mbox#301,1,4151
phishing1.mbox#302,1,4152
phishing1.mbox#303,1,4150
phishing1.mbox#304,1,4153
phishing1.mbox#305,1,4154
phishing1.mbox#306,1,4145
phishing1.mbox#307,1,4150
phishing1.mbox#308,1,4145
phishing1.mbox#309,1,4150
phishing1.mbox#310,1,4150
phishing1.mbox#311,1,3916
phishing1.mbox#312,1,4155
phishing1.mbox#313,1,4126
phishing1.mbox#314,1,4156
phishing1.mbox#315,1,4157
phishing1.mbox#316,1,4145
phishing1.mbox#317,1,4145
phishing1.mbox#318,1,4158
phishing1.mbox#319,1,4159
phishing1.mbox#320,1,4160
phishing1.mbox#321,1,3917
phishing1.mbox#322,1,4161
phishing1.mbox#323,1,4145
phishing1.mbox#324,1,4162
phishing1.mbox#325,1,4163
phishing1.mbox#326,1,4164
phishing1.mbox#327,1,4162
phishing1.mbox#328,1,4165
phishing1.mbox#329,1,3916
phishing1.mbox#330,1,4166
phishing1.mbox#331,1,4153
phishing1.mbox#332,1,4155
phishing1.mbox#333,1,4165
phishing1.mbox#334,1,4167
phishing1.mbox#335,1,4168
phishing1.mbox#336,1,4133
phishing1.mbox#337,1,4133
phishing1.mbox#338,1,4169
phishing1.mbox#339,1,4168
phishing1.mbox#340,1,4113
phishing1.mbox#341,1,4170
phishing1.mbox#342,1,4113
phishing1.mbox#343,1,3946
phishing1.mbox#344,1,3916
phishing1.mbox#345,1,4125
phishing1.mbox#346,1,4171
phishing1.mbox#347,1,4125
phishing1.mbox#348,1,4172
phishing1.mbox#349,1,4173
phishing1.mbox#350,1,4122
phishing1.mbox#351,1,4122
phishing1.mbox#352,1,4122
phishing1.mbox#353,1,4122
phishing1.mbox#354,1,4122
phishing1.mbox#355,1,4122
phishing1.mbox#356,1,4122
phishing1.mbox#357,1,4122
phishing1.mbox#358,1,4122
phishing1.mbox#359,1,4122
phishing1.mbox#360,1,4122
phishing1.mbox#361,1,4122
phishing1.mbox#362,1,4122
phishing1.mbox#363,1,4122
phishing1.mbox#364,1,4174
phishing1.mbox#365,1,4175
phishing1.mbox#366,1,4170
phishing1.mbox#367,1,4155
phishing1.mbox#368,1,4133
phishing1.mbox#369,1,4133
phishing1.mbox#370,1,4133
phishing1.mbox#371,1,4133
phishing1.mbox#372,1,4133
phishing1.mbox#373,1,4170
phishing1.mbox#374,1,4170
phishing1.mbox#375,1,4133
phishing1.mbox#376,1,4170
phishing1.mbox#377,1,4133
phishing1.mbox#378,1,4133
phishing1.mbox#379,1,4162
phishing1.mbox#380,1,4174
phishing1.mbox#381,1,4174
phishing1.mbox#382,1,4139
phishing1.mbox#383,1,4172
phishing1.mbox#384,1,4176
phishing1.mbox#385,1,4033
phishing1.mbox#386,1,4161
phishing1.mbox#387,1,4174
phishing1.mbox#388,1,4177
phishing1.mbox#389,1,4177
phishing1.mbox#390,1,4178
phishing1.mbox#391,1,4178
phishing1.mbox#392,1,4168
phishing1.mbox#393,1,4168
phishing1.mbox#394,1,4179
phishing1.mbox#395,1,4133
phishing1.mbox#396,1,4133
phishing1.mbox#397,1,4133
phishing1.mbox#398,1,4069
phishing1.mbox#399,1,4180
phishing1.mbox#400,1,4181
phishing1.mbox#401,1,4182
phishing1.mbox#402,1,4177
phishing1.mbox#403,1,4183
phishing1.mbox#404,1,4174
phishing1.mbox#405,1,4184
phishing1.mbox#406,1,4173
phishing1.mbox#407,1,4174
phishing1.mbox#408,1,4000
phishing1.mbox#409,1,4168
phishing1.mbox#410,1,4185
phishing1.mbox#411,1,4179
phishing1.mbox#412,1,4186
phishing1.mbox#413,1,4182
phishing1.mbox#414,1,4182
phishing1.mbox#415,1,4187
phishing1.mbox#416,1,4188
phishing1.mbox#417,1,4189
phishing1.mbox#418,1,4188
phishing1.mbox#419,1,4188
phishing1.mbox#420,1,4190
phishing1.mbox#421,1,4145
phishing1.mbox#422,1,4133
phishing1.mbox#423,1,4133
phishing1.mbox#424,1,4191
phishing1.mbox#425,1,4029
phishing1.mbox#426,1,4192
phishing1.mbox#427,1,4185
phishing1.mbox#428,1,4133
phishing1.mbox#429,1,4133
phishing1.mbox#430,1,4029
phishing1.mbox#431,1,4133
phishing1.mbox#432,1,4133
phishing1.mbox#433,1,4133
phishing1.mbox#434,1,4051
phishing1.mbox#435,1,4192
phishing1.mbox#436,1,4193
phishing1.mbox#437,1,4051
phishing1.mbox#438,1,4194
phishing1.mbox#439,1,4032
phishing1.mbox#440,1,4195
phishing1.mbox#441,1,4195
phishing1.mbox#442,1,4185
phishing1.mbox#443,1,4145
phishing1.mbox#444,1,4185
phishing1.mbox#445,1,4117
phishing1.mbox#446,1,4196
phishing1.mbox#447,1,4126
phishing1.mbox#448,1,4197
phishing1.mbox#449,1,4133
phishing1.mbox#450,1,4133
phishing1.mbox#451,1,4133
phishing1.mbox#452,1,4167
phishing1.mbox#453,1,3916
phishing1.mbox#454,1,4133
phishing1.mbox#455,1,4168
phishing2.mbox#0,1,4133
phishing2.mbox#1,1,4133
phishing2.mbox#2,1,4117
phishing2.mbox#3,1,4198
phishing2.mbox#4,1,4117
phishing2.mbox#5,1,4187
phishing2.mbox#6,1,4139
phishing2.mbox#7,1,4117
phishing2.mbox#8,1,3996
phishing2.mbox#9,1,4161
phishing2.mbox#10,1,4199
phishing2.mbox#11,1,4117
phishing2.mbox#12,1,4199
phishing2.mbox#13,1,4199
phishing2.mbox#14,1,4199
phishing2.mbox#15,1,4200
phishing2.mbox#16,1,4201
phishing2.mbox#17,1,4202
phishing2.mbox#18,1,4202
phishing2.mbox#19,1,4203
phishing2.mbox#20,1,4204
phishing2.mbox#21,1,4199
phishing2.mbox#22,1,3916
phishing2.mbox#23,1,4185
phishing2.mbox#24,1,4117
phishing2.mbox#25,1,4205
phishing2.mbox#26,1,4206
phishing2.mbox#27,1,4133
phishing2.mbox#28,1,4185
phishing2.mbox#29,1,4207
phishing2.mbox#30,1,4133
phishing2.mbox#31,1,4133
phishing2.mbox#32,1,4208
phishing2.mbox#33,1,4029
phishing2.mbox#34,1,4199
phishing2.mbox#35,1,3916
phishing2.mbox#36,1,4185
phishing2.mbox#37,1,4128
phishing2.mbox#38,1,4209
phishing2.mbox#39,1,4210
phishing2.mbox#40,1,4211
phishing2.mbox#41,1,4212
phishing2.mbox#42,1,4117
phishing2.mbox#43,1,4212
phishing2.mbox#44,1,4213
phishing2.mbox#45,1,4214
phishing2.mbox#46,1,4215
phishing2.mbox#47,1,3916
phishing2.mbox#48,1,4133
phishing2.mbox#49,1,3916
phishing2.mbox#50,1,4216
phishing2.mbox#51,1,4199
phishing2.mbox#52,1,4133
phishing2.mbox#53,1,4133
phishing2.mbox#54,1,4133
phishing2.mbox#55,1,4051
phishing2.mbox#56,1,4168
phishing2.mbox#57,1,4133
phishing2.mbox#58,1,4133
phishing2.mbox#59,1,4217
phishing2.mbox#60,1,4218
phishing2.mbox#61,1,3919
phishing2.mbox#62,1,4177
phishing2.mbox#63,1,4094
phishing2.mbox#64,1,4219
phishing2.mbox#65,1,4168
phishing2.mbox#66,1,4220
phishing2.mbox#67,1,4185
phishing2.mbox#68,1,4022
phishing2.mbox#69,1,4173
phishing2.mbox#70,1,4197
phishing2.mbox#71,1,4179
phishing2.mbox#72,1,4216
phishing2.mbox#73,1,3946
phishing2.mbox#74,1,4221
phishing2.mbox#75,1,4221
phishing2.mbox#76,1,4197
phishing2.mbox#77,1,3919
phishing2.mbox#78,1,4219
phishing2.mbox#79,1,4211
phishing2.mbox#80,1,4212
phishing2.mbox#81,1,4161
phishing2.mbox#82,1,3916
phishing2.mbox#83,1,4222
phishing2.mbox#84,1,4222
phishing2.mbox#85,1,4209
phishing2.mbox#86,1,4216
phishing2.mbox#87,1,4223
phishing2.mbox#88,1,4222
phishing2.mbox#89,1,4224
phishing2.mbox#90,1,4225
phishing2.mbox#91,1,4225
phishing2.mbox#92,1,4226
phishing2.mbox#93,1,4226
phishing2.mbox#94,1,4227
phishing2.mbox#95,1,4228
phishing2.mbox#96,1,4026
phishing2.mbox#97,1,4229
phishing2.mbox#98,1,4229
phishing2.mbox#99,1,4230
phishing2.mbox#100,1,4231
phishing2.mbox#101,1,4133
phishing2.mbox#102,1,4133
phishing2.mbox#103,1,4133
phishing2.mbox#104,1,4133
phishing2.mbox#105,1,4161
phishing2.mbox#106,1,4185
phishing2.mbox#107,1,4232
phishing2.mbox#108,1,4232
phishing2.mbox#109,1,4128
phishing2.mbox#110,1,4233
phishing2.mbox#111,1,4234
phishing2.mbox#112,1,4235
phishing2.mbox#113,1,4236
phishing2.mbox#114,1,4237
phishing2.mbox#115,1,4216
phishing2.mbox#116,1,4216
phishing2.mbox#117,1,4216
phishing2.mbox#118,1,4118
phishing2.mbox#119,1,4118
phishing2.mbox#120,1,4222
phishing2.mbox#121,1,4237
phishing2.mbox#122,1,4118
phishing2.mbox#123,1,4238
phishing2.mbox#124,1,4239
phishing2.mbox#125,1,4118
phishing2.mbox#126,1,4118
phishing2.mbox#127,1,3946
phishing2.mbox#128,1,3916
phishing2.mbox#129,1,4016
phishing2.mbox#130,1,4216
phishing2.mbox#131,1,4214
phishing2.mbox#132,1,3916
phishing2.mbox#133,1,4133
phishing2.mbox#134,1,4133
phishing2.mbox#135,1,4133
phishing2.mbox#136,1,4133
phishing2.mbox#137,1,4133
phishing2.mbox#138,1,4239
phishing2.mbox#139,1,4216
phishing2.mbox#140,1,4216
phishing2.mbox#141,1,4239
phishing2.mbox#142,1,4055
phishing2.mbox#143,1,4133
phishing2.mbox#144,1,4133
phishing2.mbox#145,1,4133
phishing2.mbox#146,1,4133
phishing2.mbox#147,1,4240
phishing2.mbox#148,1,4216
phishing2.mbox#149,1,4241
phishing2.mbox#150,1,4055
phishing2.mbox#151,1,3876
phishing2.mbox#152,1,4242
phishing2.mbox#153,1,4238
phishing2.mbox#154,1,4243
phishing2.mbox#155,1,4244
phishing2.mbox#156,1,4245
phishing2.mbox#157,1,4246
phishing2.mbox#158,1,4238
phishing2.mbox#159,1,4238
phishing2.mbox#160,1,4247
phishing2.mbox#161,1,4248
phishing2.mbox#162,1,4221
phishing2.mbox#163,1,4249
phishing2.mbox#164,1,4250
phishing2.mbox#165,1,4161
phishing2.mbox#166,1,3916
phishing2.mbox#167,1,4251
phishing2.mbox#168,1,3916
phishing2.mbox#169,1,4252
phishing2.mbox#170,1,4253
phishing2.mbox#171,1,4254
phishing2.mbox#172,1,4145
phishing2.mbox#173,1,4255
phishing2.mbox#174,1,4145
phishing2.mbox#175,1,4256
phishing2.mbox#176,1,4257
phishing2.mbox#177,1,4214
phishing2.mbox#178,1,4214
phishing2.mbox#179,1,4258
phishing2.mbox#180,1,4259
phishing2.mbox#181,1,3996
phishing2.mbox#182,1,4260
phishing2.mbox#183,1,4242
phishing2.mbox#184,1,4261
phishing2.mbox#185,1,4185
phishing2.mbox#186,1,4145
phishing2.mbox#187,1,4262
phishing2.mbox#188,1,4263
phishing2.mbox#189,1,3946
phishing2.mbox#190,1,4022
phishing2.mbox#191,1,3916
phishing2.mbox#192,1,4262
phishing2.mbox#193,1,4214
phishing2.mbox#194,1,4133
phishing2.mbox#195,1,4216
phishing2.mbox#196,1,4133
phishing2.mbox#197,1,4264
phishing2.mbox#198,1,4264
phishing2.mbox#199,1,4265
phishing2.mbox#200,1,4117
phishing2.mbox#201,1,4262
phishing2.mbox#202,1,4230
phishing2.mbox#203,1,4230
phishing2.mbox#204,1,3916
phishing2.mbox#205,1,4145
phishing2.mbox#206,1,4266
phishing2.mbox#207,1,4267
phishing2.mbox#208,1,4266
phishing2.mbox#209,1,4267
phishing2.mbox#210,1,4268
phishing2.mbox#211,1,4268
phishing2.mbox#212,1,3946
phishing2.mbox#213,1,4214
phishing2.mbox#214,1,4269
phishing2.mbox#215,1,3916
phishing2.mbox#216,1,3996
phishing2.mbox#217,1,4254
phishing2.mbox#218,1,4238
phishing2.mbox#219,1,4270
phishing2.mbox#220,1,4271
phishing2.mbox#221,1,4271
phishing2.mbox#222,1,4216
phishing2.mbox#223,1,4254
phishing2.mbox#224,1,4272
phishing2.mbox#225,1,4273
phishing2.mbox#226,1,3916
phishing2.mbox#227,1,4127
phishing2.mbox#228,1,4274
phishing2.mbox#229,1,3916
phishing2.mbox#230,1,4096
phishing2.mbox#231,1,4275
phishing2.mbox#232,1,4275
phishing2.mbox#233,1,3916
phishing2.mbox#234,1,4128
phishing2.mbox#235,1,4276
phishing2.mbox#236,1,4225
phishing2.mbox#237,1,4225
phishing2.mbox#238,1,4277
phishing2.mbox#239,1,4055
phishing2.mbox#240,1,4055
phishing2.mbox#241,1,4278
phishing2.mbox#242,1,4273
phishing2.mbox#243,1,4230
phishing2.mbox#244,1,4055
phishing2.mbox#245,1,4278
phishing2.mbox#246,1,4055
phishing2.mbox#247,1,4279
phishing2.mbox#248,1,4254
phishing2.mbox#249,1,3946
phishing2.mbox#250,1,4273
phishing2.mbox#251,1,4280
phishing2.mbox#252,1,4022
phishing2.mbox#253,1,4281
phishing2.mbox#254,1,4281
phishing2.mbox#255,1,3946
phishing2.mbox#256,1,3916
phishing2.mbox#257,1,3916
phishing2.mbox#258,1,3916
phishing2.mbox#259,1,4281
phishing2.mbox#260,1,4029
phishing2.mbox#261,1,3916
phishing2.mbox#262,1,4282
phishing2.mbox#263,1,4283
phishing2.mbox#264,1,4281
phishing2.mbox#265,1,3946
phishing2.mbox#266,1,4284
phishing2.mbox#267,1,4108
phishing2.mbox#268,1,4284
phishing2.mbox#269,1,4281
phishing2.mbox#270,1,4137
phishing2.mbox#271,1,4285
phishing2.mbox#272,1,4273
phishing2.mbox#273,1,4286
phishing2.mbox#274,1,4287
phishing2.mbox#275,1,4286
phishing2.mbox#276,1,4286
phishing2.mbox#277,1,4281
phishing2.mbox#278,1,4145
phishing2.mbox#279,1,4286
phishing2.mbox#280,1,4288
phishing2.mbox#281,1,4289
phishing2.mbox#282,1,4133
phishing2.mbox#283,1,4133
phishing2.mbox#284,1,4029
phishing2.mbox#285,1,4262
phishing2.mbox#286,1,4290
phishing2.mbox#287,1,4291
phishing2.mbox#288,1,4262
phishing2.mbox#289,1,4281
phishing2.mbox#290,1,4292
phishing2.mbox#291,1,4281
phishing2.mbox#292,1,4234
phishing2.mbox#293,1,4293
phishing2.mbox#294,1,4029
phishing2.mbox#295,1,4029
phishing2.mbox#296,1,4273
phishing2.mbox#297,1,4094
phishing2.mbox#298,1,4294
phishing2.mbox#299,1,4295
phishing2.mbox#300,1,4281
phishing2.mbox#301,1,4295
phishing2.mbox#302,1,3916
phishing2.mbox#303,1,3946
phishing2.mbox#304,1,4296
phishing2.mbox#305,1,3916
phishing2.mbox#306,1,3916
phishing2.mbox#307,1,3946
phishing2.mbox#308,1,3946
phishing2.mbox#309,1,3996
phishing2.mbox#310,1,4022
phishing2.mbox#311,1,4022
phishing2.mbox#312,1,4133
phishing2.mbox#313,1,4297
phishing2.mbox#314,1,4022
phishing2.mbox#315,1,3974
phishing2.mbox#316,1,4137
phishing2.mbox#317,1,4022
phishing2.mbox#318,1,4298
phishing2.mbox#319,1,4299
phishing2.mbox#320,1,4300
phishing2.mbox#321,1,4156
phishing2.mbox#322,1,4301
phishing2.mbox#323,1,4230
phishing2.mbox#324,1,4022
phishing2.mbox#325,1,4022
phishing2.mbox#326,1,4199
phishing2.mbox#327,1,4298
phishing2.mbox#328,1,4302
phishing2.mbox#329,1,4225
phishing2.mbox#330,1,4298
phishing2.mbox#331,1,4298
phishing2.mbox#332,1,4303
phishing2.mbox#333,1,4230
phishing2.mbox#334,1,4302
phishing2.mbox#335,1,4230
phishing2.mbox#336,1,4214
phishing2.mbox#337,1,4272
phishing2.mbox#338,1,3946
phishing2.mbox#339,1,3916
phishing2.mbox#340,1,4304
phishing2.mbox#341,1,4305
phishing2.mbox#342,1,4306
phishing2.mbox#343,1,4307
phishing2.mbox#344,1,4308
phishing2.mbox#345,1,4309
phishing2.mbox#346,1,4247
phishing2.mbox#347,1,4310
phishing2.mbox#348,1,4311
phishing2.mbox#349,1,4000
phishing2.mbox#350,1,4312
phishing2.mbox#351,1,4094
phishing2.mbox#352,1,4016
phishing2.mbox#353,1,4313
phishing2.mbox#354,1,4309
phishing2.mbox#355,1,4277
phishing2.mbox#356,1,4012
phishing2.mbox#357,1,4314
phishing2.mbox#358,1,4281
phishing2.mbox#359,1,4128
phishing2.mbox#360,1,4214
phishing2.mbox#361,1,4137
phishing2.mbox#362,1,4230
phishing2.mbox#363,1,4310
phishing2.mbox#364,1,4315
phishing2.mbox#365,1,4316
phishing2.mbox#366,1,4317
phishing2.mbox#367,1,4309
phishing2.mbox#368,1,4137
phishing2.mbox#369,1,4318
phishing2.mbox#370,1,4309
phishing2.mbox#371,1,4319
phishing2.mbox#372,1,4320
phishing2.mbox#373,1,4320
phishing2.mbox#374,1,4321
phishing2.mbox#375,1,4322
phishing2.mbox#376,1,4309
phishing2.mbox#377,1,4311
phishing2.mbox#378,1,4309
phishing2.mbox#379,1,4323
phishing2.mbox#380,1,4312
phishing2.mbox#381,1,4273
phishing2.mbox#382,1,4324
phishing2.mbox#383,1,4273
phishing2.mbox#384,1,4273
phishing2.mbox#385,1,4108
phishing2.mbox#386,1,4311
phishing2.mbox#387,1,4108
phishing2.mbox#388,1,4322
phishing2.mbox#389,1,4215
phishing2.mbox#390,1,4108
phishing2.mbox#391,1,4169
phishing2.mbox#392,1,4311
phishing2.mbox#393,1,4133
phishing2.mbox#394,1,4325
phishing2.mbox#395,1,4273
phishing2.mbox#396,1,4242
phishing2.mbox#397,1,4325
phishing2.mbox#398,1,4325
phishing2.mbox#399,1,4325
phishing2.mbox#400,1,4133
phishing2.mbox#401,1,4133
phishing2.mbox#402,1,4326
phishing2.mbox#403,1,4214
phishing2.mbox#404,1,3981
phishing2.mbox#405,1,3981
phishing2.mbox#406,1,4273
phishing2.mbox#407,1,4327
phishing2.mbox#408,1,4328
phishing2.mbox#409,1,4329
phishing2.mbox#410,1,4330
phishing2.mbox#411,1,4331
phishing2.mbox#412,1,4332
phishing2.mbox#413,1,4333
phishing2.mbox#414,1,4334
phishing2.mbox#415,1,4333
phishing2.mbox#416,1,4273
phishing2.mbox#417,1,4333
phishing2.mbox#418,1,3919
phishing2.mbox#419,1,4322
phishing2.mbox#420,1,4277
phishing2.mbox#421,1,4277
phishing2.mbox#422,1,4335
phishing2.mbox#423,1,4322
phishing2.mbox#424,1,4336
phishing2.mbox#425,1,4337
phishing2.mbox#426,1,4338
phishing2.mbox#427,1,4339
phishing2.mbox#428,1,4340
phishing2.mbox#429,1,4210
phishing2.mbox#430,1,4273
phishing2.mbox#431,1,4309
phishing2.mbox#432,1,3957
phishing2.mbox#433,1,4272
phishing2.mbox#434,1,4341
phishing2.mbox#435,1,4342
phishing2.mbox#436,1,4342
phishing2.mbox#437,1,4341
phishing2.mbox#438,1,4341
phishing2.mbox#439,1,4309
phishing2.mbox#440,1,3876
phishing2.mbox#441,1,4308
phishing2.mbox#442,1,4343
phishing2.mbox#443,1,4344
phishing2.mbox#444,1,4051
phishing2.mbox#445,1,4345
phishing2.mbox#446,1,4022
phishing2.mbox#447,1,3876
phishing2.mbox#448,1,4346
phishing2.mbox#449,1,3876
phishing2.mbox#450,1,4333
phishing2.mbox#451,1,4333
phishing2.mbox#452,1,4347
phishing2.mbox#453,1,4273
phishing2.mbox#454,1,4273
phishing2.mbox#455,1,4214
phishing2.mbox#456,1,4348
phishing2.mbox#457,1,4345
phishing2.mbox#458,1,4262
phishing2.mbox#459,1,4333
phishing2.mbox#460,1,4214
phishing2.mbox#461,1,4349
phishing2.mbox#462,1,4216
phishing2.mbox#463,1,4350
phishing2.mbox#464,1,4351
phishing2.mbox#465,1,3916
phishing2.mbox#466,1,4352
phishing2.mbox#467,1,4117
phishing2.mbox#468,1,3996
phishing2.mbox#469,1,4185
phishing2.mbox#470,1,4029
phishing2.mbox#471,1,4321
phishing2.mbox#472,1,4273
phishing2.mbox#473,1,4029
phishing2.mbox#474,1,4353
phishing2.mbox#475,1,4354
phishing2.mbox#476,1,4355
phishing2.mbox#477,1,4350
phishing2.mbox#478,1,4321
phishing2.mbox#479,1,4185
phishing2.mbox#480,1,4350
phishing2.mbox#481,1,4350
phishing2.mbox#482,1,4272
phishing2.mbox#483,1,4321
phishing2.mbox#484,1,4321
phishing2.mbox#485,1,4321
phishing2.mbox#486,1,4321
phishing2.mbox#487,1,4311
phishing2.mbox#488,1,4321
phishing2.mbox#489,1,4321
phishing2.mbox#490,1,3957
phishing2.mbox#491,1,4356
phishing2.mbox#492,1,4350
phishing2.mbox#493,1,4357
phishing2.mbox#494,1,4321
phishing2.mbox#495,1,4358
phishing2.mbox#496,1,4359
phishing2.mbox#497,1,4360
phishing2.mbox#498,1,4273
phishing2.mbox#499,1,4343
phishing2.mbox#500,1,4361
phishing2.mbox#501,1,4362
phishing2.mbox#502,1,3966
phishing2.mbox#503,1,4363
phishing2.mbox#504,1,4321
phishing2.mbox#505,1,4362
phishing2.mbox#506,1,4343
phishing2.mbox#507,1,4364
phishing2.mbox#508,1,4365
phishing2.mbox#509,1,4321
phishing2.mbox#510,1,3916
phishing2.mbox#511,1,4305
phishing2.mbox#512,1,3966
phishing2.mbox#513,1,4366
phishing2.mbox#514,1,4309
phishing2.mbox#515,1,4367
phishing2.mbox#516,1,4185
phishing2.mbox#517,1,4333
phishing2.mbox#518,1,4333
phishing2.mbox#519,1,4333
phishing2.mbox#520,1,4333
phishing2.mbox#521,1,4333
phishing2.mbox#522,1,4333
phishing2.mbox#523,1,4333
phishing2.mbox#524,1,4368
phishing2.mbox#525,1,4369
phishing2.mbox#526,1,4333
phishing2.mbox#527,1,4333
phishing2.mbox#528,1,4333
phishing2.mbox#529,1,4333
phishing2.mbox#530,1,4333
phishing2.mbox#531,1,4370
phishing2.mbox#532,1,4333
phishing2.mbox#533,1,4128
phishing2.mbox#534,1,4333
phishing2.mbox#535,1,4333
phishing2.mbox#536,1,4333
phishing2.mbox#537,1,4333
phishing2.mbox#538,1,3876
phishing2.mbox#539,1,4333
phishing2.mbox#540,1,4273
phishing2.mbox#541,1,4371
phishing2.mbox#542,1,4333
phishing2.mbox#543,1,4333
phishing2.mbox#544,1,4230
phishing2.mbox#545,1,4372
phishing2.mbox#546,1,4333
phishing2.mbox#547,1,4331
phishing2.mbox#548,1,4358
phishing2.mbox#549,1,4373
phishing2.mbox#550,1,4333
phishing2.mbox#551,1,4333
phishing2.mbox#552,1,4351
phishing2.mbox#553,1,4374
phishing2.mbox#554,1,4358
phishing2.mbox#555,1,4372
phishing2.mbox#556,1,4358
phishing2.mbox#557,1,4358
phishing2.mbox#558,1,4333
phishing2.mbox#559,1,4343
phishing2.mbox#560,1,4222
phishing2.mbox#561,1,4333
phishing2.mbox#562,1,4333
phishing2.mbox#563,1,4219
phishing2.mbox#564,1,4333
phishing2.mbox#565,1,4355
phishing2.mbox#566,1,4333
phishing2.mbox#567,1,4333
phishing2.mbox#568,1,4333
phishing2.mbox#569,1,4128
phishing2.mbox#570,1,4333
phishing2.mbox#571,1,4373
phishing2.mbox#572,1,4333
phishing2.mbox#573,1,4333
phishing2.mbox#574,1,4360
phishing2.mbox#575,1,4372
phishing2.mbox#576,1,4375
phishing2.mbox#577,1,4333
phishing2.mbox#578,1,4333
phishing2.mbox#579,1,4333
phishing2.mbox#580,1,4376
phishing2.mbox#581,1,4333
phishing2.mbox#582,1,4333
phishing2.mbox#583,1,4333
phishing2.mbox#584,1,4333
phishing2.mbox#585,1,4333
phishing2.mbox#586,1,4377
phishing2.mbox#587,1,4222
phishing2.mbox#588,1,4333
phishing2.mbox#589,1,4219
phishing2.mbox#590,1,4333
phishing2.mbox#591,1,4155
phishing2.mbox#592,1,4333
phishing2.mbox#593,1,4148
phishing2.mbox#594,1,4333
phishing2.mbox#595,1,4378
phishing2.mbox#596,1,3946
phishing2.mbox#597,1,4362
phishing2.mbox#598,1,4379
phishing2.mbox#599,1,4380
phishing2.mbox#600,1,4379
phishing2.mbox#601,1,4358
phishing2.mbox#602,1,4358
phishing2.mbox#603,1,4358
phishing2.mbox#604,1,4358
phishing2.mbox#605,1,4358
phishing2.mbox#606,1,4381
phishing2.mbox#607,1,4379
phishing2.mbox#608,1,4382
phishing2.mbox#609,1,4219
phishing2.mbox#610,1,4350
phishing2.mbox#611,1,4362
phishing2.mbox#612,1,4360
phishing2.mbox#613,1,4233
phishing2.mbox#614,1,4379
phishing2.mbox#615,1,4379
phishing2.mbox#616,1,4219
phishing2.mbox#617,1,4312
phishing2.mbox#618,1,4312
phishing2.mbox#619,1,3946
phishing2.mbox#620,1,4150
phishing2.mbox#621,1,4379
phishing2.mbox#622,1,4379
phishing2.mbox#623,1,4351
phishing2.mbox#624,1,3966
phishing2.mbox#625,1,4383
phishing2.mbox#626,1,4214
phishing2.mbox#627,1,4384
phishing2.mbox#628,1,4222
phishing2.mbox#629,1,4385
phishing2.mbox#630,1,4386
phishing2.mbox#631,1,4379
phishing2.mbox#632,1,4214
phishing2.mbox#633,1,4387
phishing2.mbox#634,1,4309
phishing2.mbox#635,1,4388
phishing2.mbox#636,1,4386
phishing2.mbox#637,1,4386
phishing2.mbox#638,1,4389
phishing2.mbox#639,1,4390
phishing2.mbox#640,1,4391
phishing2.mbox#641,1,4392
phishing2.mbox#642,1,3996
phishing2.mbox#643,1,4214
phishing2.mbox#644,1,4393
phishing2.mbox#645,1,3996
phishing2.mbox#646,1,4391
phishing2.mbox#647,1,4358
phishing2.mbox#648,1,4211
phishing2.mbox#649,1,4354
phishing2.mbox#650,1,4358
phishing2.mbox#651,1,4358
phishing2.mbox#652,1,4358
phishing2.mbox#653,1,4394
phishing2.mbox#654,1,4358
phishing2.mbox#655,1,4358
phishing2.mbox#656,1,4358
phishing2.mbox#657,1,4358
phishing2.mbox#658,1,4358
phishing2.mbox#659,1,4395
phishing2.mbox#660,1,4396
phishing2.mbox#661,1,4397
phishing2.mbox#662,1,4398
phishing2.mbox#663,1,4399
phishing2.mbox#664,1,4400
phishing2.mbox#665,1,4309
phishing2.mbox#666,1,4401
phishing2.mbox#667,1,4310
phishing2.mbox#668,1,4374
phishing2.mbox#669,1,4402
phishing2.mbox#670,1,4403
phishing2.mbox#671,1,4404
phishing2.mbox#672,1,4405
phishing2.mbox#673,1,4312
phishing2.mbox#674,1,4404
phishing2.mbox#675,1,4406
phishing2.mbox#676,1,4407
phishing2.mbox#677,1,4334
phishing2.mbox#678,1,4371
phishing2.mbox#679,1,4408
phishing2.mbox#680,1,4409
phishing2.mbox#681,1,4309
phishing2.mbox#682,1,3917
phishing2.mbox#683,1,4410
phishing2.mbox#684,1,3917
phishing2.mbox#685,1,4411
phishing2.mbox#686,1,4022
phishing2.mbox#687,1,4409
phishing2.mbox#688,1,4412
phishing2.mbox#689,1,4413
phishing2.mbox#690,1,4022
phishing2.mbox#691,1,3981
phishing2.mbox#692,1,3996
phishing2.mbox#693,1,3996
phishing2.mbox#694,1,3996
phishing2.mbox#695,1,4374
phishing2.mbox#696,1,4309
phishing2.mbox#697,1,4374
phishing2.mbox#698,1,4414
phishing2.mbox#699,1,4022
phishing2.mbox#700,1,4413
phishing2.mbox#701,1,4387
phishing2.mbox#702,1,4414
phishing2.mbox#703,1,4415
phishing2.mbox#704,1,4416
phishing2.mbox#705,1,4417
phishing2.mbox#706,1,4387
phishing2.mbox#707,1,4416
phishing2.mbox#708,1,4418
phishing2.mbox#709,1,4354
phishing2.mbox#710,1,4419
phishing2.mbox#711,1,4420
phishing2.mbox#712,1,4412
phishing2.mbox#713,1,4262
phishing2.mbox#714,1,4309
phishing2.mbox#715,1,4421
phishing2.mbox#716,1,4421
phishing2.mbox#717,1,4422
phishing2.mbox#718,1,4423
phishing2.mbox#719,1,4424
phishing2.mbox#720,1,4422
phishing2.mbox#721,1,4412
phishing2.mbox#722,1,4425
phishing2.mbox#723,1,4425
phishing2.mbox#724,1,4374
phishing2.mbox#725,1,4374
phishing2.mbox#726,1,4426
phishing2.mbox#727,1,4374
phishing2.mbox#728,1,4421
phishing2.mbox#729,1,4427
phishing2.mbox#730,1,4425
phishing2.mbox#731,1,4354
phishing2.mbox#732,1,4425
phishing2.mbox#733,1,4428
phishing2.mbox#734,1,4370
phishing2.mbox#735,1,4429
phishing2.mbox#736,1,4391
phishing2.mbox#737,1,4424
phishing2.mbox#738,1,4214
phishing2.mbox#739,1,3996
phishing2.mbox#740,1,4430
phishing2.mbox#741,1,4425
phishing2.mbox#742,1,4425
phishing2.mbox#743,1,4412
phishing2.mbox#744,1,4412
phishing2.mbox#745,1,4430
phishing2.mbox#746,1,4425
phishing2.mbox#747,1,4424
phishing2.mbox#748,1,4424
phishing2.mbox#749,1,4425
phishing2.mbox#750,1,4402
phishing2.mbox#751,1,4424
phishing2.mbox#752,1,4431
phishing2.mbox#753,1,4425
phishing2.mbox#754,1,4412
phishing2.mbox#755,1,4432
phishing2.mbox#756,1,4424
phishing2.mbox#757,1,4425
phishing2.mbox#758,1,4412
phishing2.mbox#759,1,4413
phishing2.mbox#760,1,4433
phishing2.mbox#761,1,4311
phishing2.mbox#762,1,4374
phishing2.mbox#763,1,4434
phishing2.mbox#764,1,3996
phishing2.mbox#765,1,3996
phishing2.mbox#766,1,4424
phishing2.mbox#767,1,4311
phishing2.mbox#768,1,4435
phishing2.mbox#769,1,4412
phishing2.mbox#770,1,4436
phishing2.mbox#771,1,4199
phishing2.mbox#772,1,4374
phishing2.mbox#773,1,3916
phishing2.mbox#774,1,3916
phishing2.mbox#775,1,4430
phishing2.mbox#776,1,3996
phishing2.mbox#777,1,4424
phishing2.mbox#778,1,4437
phishing2.mbox#779,1,3996
phishing2.mbox#780,1,4438
phishing2.mbox#781,1,4214
phishing2.mbox#782,1,4333
phishing2.mbox#783,1,4374
phishing2.mbox#784,1,4424
phishing2.mbox#785,1,4424
phishing2.mbox#786,1,4430
phishing2.mbox#787,1,4439
phishing2.mbox#788,1,4439
phishing2.mbox#789,1,4440
phishing2.mbox#790,1,4339
phishing2.mbox#791,1,3916
phishing2.mbox#792,1,4441
phishing2.mbox#793,1,3916
phishing2.mbox#794,1,4442
phishing2.mbox#795,1,4443
phishing2.mbox#796,1,4444
phishing2.mbox#797,1,4443
phishing2.mbox#798,1,4312
phishing2.mbox#799,1,4425
phishing2.mbox#800,1,4445
phishing2.mbox#801,1,4446
phishing2.mbox#802,1,4425
phishing2.mbox#803,1,4447
phishing2.mbox#804,1,4448
phishing2.mbox#805,1,4339
phishing2.mbox#806,1,4108
phishing2.mbox#807,1,3916
phishing2.mbox#808,1,4449
phishing2.mbox#809,1,3916
phishing2.mbox#810,1,4430
phishing2.mbox#811,1,4450
phishing2.mbox#812,1,4451
phishing2.mbox#813,1,3916
phishing2.mbox#814,1,4425
phishing2.mbox#815,1,4425
phishing2.mbox#816,1,4309
phishing2.mbox#817,1,4452
phishing2.mbox#818,1,4453
phishing2.mbox#819,1,4417
phishing2.mbox#820,1,4454
phishing2.mbox#821,1,4455
phishing2.mbox#822,1,4456
phishing2.mbox#823,1,4262
phishing2.mbox#824,1,4457
phishing2.mbox#825,1,4458
phishing2.mbox#826,1,4214
phishing2.mbox#827,1,4459
phishing2.mbox#828,1,4460
phishing2.mbox#829,1,4461
phishing2.mbox#830,1,3946
phishing2.mbox#831,1,3946
phishing2.mbox#832,1,3996
phishing2.mbox#833,1,4370
phishing2.mbox#834,1,4413
phishing2.mbox#835,1,3996
phishing2.mbox#836,1,4127
phishing2.mbox#837,1,4462
phishing2.mbox#838,1,4463
phishing2.mbox#839,1,4214
phishing2.mbox#840,1,4464
phishing2.mbox#841,1,4155
phishing2.mbox#842,1,4465
phishing2.mbox#843,1,4466
phishing2.mbox#844,1,4339
phishing2.mbox#845,1,4467
phishing2.mbox#846,1,4339
phishing2.mbox#847,1,4354
phishing2.mbox#848,1,4155
phishing2.mbox#849,1,4468
phishing2.mbox#850,1,4413
phishing2.mbox#851,1,3916
phishing2.mbox#852,1,4469
phishing2.mbox#853,1,3916
phishing2.mbox#854,1,3916
phishing2.mbox#855,1,3916
phishing2.mbox#856,1,3916
phishing2.mbox#857,1,4470
phishing2.mbox#858,1,3916
phishing2.mbox#859,1,4468
phishing2.mbox#860,1,4471
phishing2.mbox#861,1,4472
phishing2.mbox#862,1,4286
phishing2.mbox#863,1,4468
phishing2.mbox#864,1,4309
phishing2.mbox#865,1,3996
phishing2.mbox#866,1,4473
phishing2.mbox#867,1,4421
phishing2.mbox#868,1,3946
phishing2.mbox#869,1,4345
phishing2.mbox#870,1,4474
phishing2.mbox#871,1,4474
phishing2.mbox#872,1,3981
phishing2.mbox#873,1,3946
phishing2.mbox#874,1,3946
phishing2.mbox#875,1,4475
phishing2.mbox#876,1,4340
phishing2.mbox#877,1,4462
phishing2.mbox#878,1,4476
phishing2.mbox#879,1,4477
phishing2.mbox#880,1,4339
phishing2.mbox#881,1,4478
phishing2.mbox#882,1,4475
phishing2.mbox#883,1,4421
phishing2.mbox#884,1,4469
phishing2.mbox#885,1,4479
phishing2.mbox#886,1,4480
phishing2.mbox#887,1,4227
phishing2.mbox#888,1,4468
phishing2.mbox#889,1,4286
phishing2.mbox#890,1,4128
phishing2.mbox#891,1,4468
phishing2.mbox#892,1,4479
phishing2.mbox#893,1,4481
phishing2.mbox#894,1,4309
phishing2.mbox#895,1,4016
phishing2.mbox#896,1,3916
phishing2.mbox#897,1,4290
phishing2.mbox#898,1,4481
phishing2.mbox#899,1,4482
phishing2.mbox#900,1,4468
phishing2.mbox#901,1,4483
phishing2.mbox#902,1,4481
phishing2.mbox#903,1,4273
phishing2.mbox#904,1,4273
phishing2.mbox#905,1,4022
phishing2.mbox#906,1,4354
phishing2.mbox#907,1,3981
phishing2.mbox#908,1,4273
phishing2.mbox#909,1,4425
phishing2.mbox#910,1,4340
phishing2.mbox#911,1,4162
phishing2.mbox#912,1,4162
phishing2.mbox#913,1,4065
phishing2.mbox#914,1,4484
phishing2.mbox#915,1,4273
phishing2.mbox#916,1,4485
phishing2.mbox#917,1,4486
phishing2.mbox#918,1,4468
phishing2.mbox#919,1,4290
phishing2.mbox#920,1,4421
phishing2.mbox#921,1,3946
phishing2.mbox#922,1,4487
phishing2.mbox#923,1,4488
phishing2.mbox#924,1,4487
phishing2.mbox#925,1,4475
phishing2.mbox#926,1,4489
phishing2.mbox#927,1,4487
phishing2.mbox#928,1,4016
phishing2.mbox#929,1,4490
phishing2.mbox#930,1,3981
phishing2.mbox#931,1,4485
phishing2.mbox#932,1,4391
phishing2.mbox#933,1,4340
phishing2.mbox#934,1,3946
phishing2.mbox#935,1,4481
phishing2.mbox#936,1,4425
phishing2.mbox#937,1,4016
phishing2.mbox#938,1,3946
phishing2.mbox#939,1,4167
phishing2.mbox#940,1,4491
phishing2.mbox#941,1,4339
phishing2.mbox#942,1,4290
phishing2.mbox#943,1,4492
phishing2.mbox#944,1,4493
phishing2.mbox#945,1,4494
phishing2.mbox#946,1,4495
phishing2.mbox#947,1,4481
phishing2.mbox#948,1,4417
phishing2.mbox#949,1,4496
phishing2.mbox#950,1,4481
phishing2.mbox#951,1,4497
phishing2.mbox#952,1,4272
phishing2.mbox#953,1,4498
phishing2.mbox#954,1,4499
phishing2.mbox#955,1,4489
phishing2.mbox#956,1,3996
phishing2.mbox#957,1,4286
phishing2.mbox#958,1,4500
phishing2.mbox#959,1,4501
phishing2.mbox#960,1,4462
phishing2.mbox#961,1,4462
phishing2.mbox#962,1,4478
phishing2.mbox#963,1,4502
phishing2.mbox#964,1,4501
phishing2.mbox#965,1,4339
phishing2.mbox#966,1,4503
phishing2.mbox#967,1,4272
phishing2.mbox#968,1,4481
phishing2.mbox#969,1,4489
phishing2.mbox#970,1,4464
phishing2.mbox#971,1,4504
phishing2.mbox#972,1,4505
phishing2.mbox#973,1,4506
phishing2.mbox#974,1,4422
phishing2.mbox#975,1,4117
phishing2.mbox#976,1,3946
phishing2.mbox#977,1,3946
phishing2.mbox#978,1,4462
phishing2.mbox#979,1,4022
phishing2.mbox#980,1,4462
phishing2.mbox#981,1,4462
phishing2.mbox#982,1,4507
phishing2.mbox#983,1,4507
phishing2.mbox#984,1,4507
phishing2.mbox#985,1,4508
phishing2.mbox#986,1,4083
phishing2.mbox#987,1,4509
phishing2.mbox#988,1,4510
phishing2.mbox#989,1,4507
phishing2.mbox#990,1,4511
phishing2.mbox#991,1,3916
phishing2.mbox#992,1,4512
phishing2.mbox#993,1,4499
phishing2.mbox#994,1,4507
phishing2.mbox#995,1,4513
phishing2.mbox#996,1,4513
phishing2.mbox#997,1,4513
phishing2.mbox#998,1,3996
phishing2.mbox#999,1,4431
phishing2.mbox#1000,1,3996
phishing2.mbox#1001,1,4494
phishing2.mbox#1002,1,4022
phishing2.mbox#1003,1,4514
phishing2.mbox#1004,1,4494
phishing2.mbox#1005,1,3916
phishing2.mbox#1006,1,3916
phishing2.mbox#1007,1,4515
phishing2.mbox#1008,1,4516
phishing2.mbox#1009,1,4016
phishing2.mbox#1010,1,3916
phishing2.mbox#1011,1,4498
phishing2.mbox#1012,1,4021
phishing2.mbox#1013,1,3916
phishing2.mbox#1014,1,4117
phishing2.mbox#1015,1,3916
phishing2.mbox#1016,1,3996
phishing2.mbox#1017,1,4517
phishing2.mbox#1018,1,4518
phishing2.mbox#1019,1,4468
phishing2.mbox#1020,1,4480
phishing2.mbox#1021,1,4214
phishing2.mbox#1022,1,4429
phishing2.mbox#1023,1,4422
phishing2.mbox#1024,1,4422
phishing2.mbox#1025,1,4051
phishing2.mbox#1026,1,4508
phishing2.mbox#1027,1,4273
phishing2.mbox#1028,1,4422
phishing2.mbox#1029,1,4422
phishing2.mbox#1030,1,4078
phishing2.mbox#1031,1,4519
phishing2.mbox#1032,1,3996
phishing2.mbox#1033,1,4520
phishing2.mbox#1034,1,4521
phishing2.mbox#1035,1,4022
phishing2.mbox#1036,1,4309
phishing2.mbox#1037,1,4522
phishing2.mbox#1038,1,4523
phishing2.mbox#1039,1,4128
phishing2.mbox#1040,1,4524
phishing2.mbox#1041,1,4309
phishing2.mbox#1042,1,3996
phishing2.mbox#1043,1,3916
phishing2.mbox#1044,1,4521
phishing2.mbox#1045,1,3946
phishing2.mbox#1046,1,4105
phishing2.mbox#1047,1,4525
phishing2.mbox#1048,1,4309
phishing2.mbox#1049,1,4498
phishing2.mbox#1050,1,4480
phishing2.mbox#1051,1,4526
phishing2.mbox#1052,1,4309
phishing2.mbox#1053,1,4527
phishing2.mbox#1054,1,4309
phishing2.mbox#1055,1,3946
phishing2.mbox#1056,1,4309
phishing2.mbox#1057,1,4528
phishing2.mbox#1058,1,4021
phishing2.mbox#1059,1,4273
phishing2.mbox#1060,1,4480
phishing2.mbox#1061,1,4529
phishing2.mbox#1062,1,4309
phishing2.mbox#1063,1,4164
phishing2.mbox#1064,1,4530
phishing2.mbox#1065,1,4016
phishing2.mbox#1066,1,4340
phishing2.mbox#1067,1,4531
phishing2.mbox#1068,1,4525
phishing2.mbox#1069,1,4340
phishing2.mbox#1070,1,4489
phishing2.mbox#1071,1,4309
phishing2.mbox#1072,1,4532
phishing2.mbox#1073,1,4533
phishing2.mbox#1074,1,4534
phishing2.mbox#1075,1,4214
phishing2.mbox#1076,1,4528
phishing2.mbox#1077,1,4133
phishing2.mbox#1078,1,4340
phishing2.mbox#1079,1,4309
phishing2.mbox#1080,1,3916
phishing2.mbox#1081,1,4535
phishing2.mbox#1082,1,4536
phishing2.mbox#1083,1,4537
phishing2.mbox#1084,1,4431
phishing2.mbox#1085,1,4531
phishing2.mbox#1086,1,4022
phishing2.mbox#1087,1,4538
phishing2.mbox#1088,1,4539
phishing2.mbox#1089,1,4536
phishing2.mbox#1090,1,4340
phishing2.mbox#1091,1,4525
phishing2.mbox#1092,1,4540
phishing2.mbox#1093,1,4541
phishing2.mbox#1094,1,4542
phishing2.mbox#1095,1,4543
phishing2.mbox#1096,1,4457
phishing2.mbox#1097,1,4544
phishing2.mbox#1098,1,4545
phishing2.mbox#1099,1,4546
phishing2.mbox#1100,1,4547
phishing2.mbox#1101,1,4548
phishing2.mbox#1102,1,4549
phishing2.mbox#1103,1,4550
phishing2.mbox#1104,1,4551
phishing2.mbox#1105,1,4552
phishing2.mbox#1106,1,4553
phishing2.mbox#1107,1,4457
phishing2.mbox#1108,1,4554
phishing2.mbox#1109,1,4541
phishing2.mbox#1110,1,4555
phishing2.mbox#1111,1,4556
phishing2.mbox#1112,1,4557
phishing2.mbox#1113,1,4557
phishing2.mbox#1114,1,3916
phishing2.mbox#1115,1,4558
phishing2.mbox#1116,1,3996
phishing2.mbox#1117,1,4521
phishing2.mbox#1118,1,4498
phishing2.mbox#1119,1,3916
phishing2.mbox#1120,1,4521
phishing2.mbox#1121,1,4498
phishing2.mbox#1122,1,3946
phishing2.mbox#1123,1,4559
phishing2.mbox#1124,1,4557
phishing2.mbox#1125,1,4560
phishing2.mbox#1126,1,3996
phishing2.mbox#1127,1,4273
phishing2.mbox#1128,1,3946
phishing2.mbox#1129,1,3916
phishing2.mbox#1130,1,4340
phishing2.mbox#1131,1,4521
phishing2.mbox#1132,1,4354
phishing2.mbox#1133,1,3916
phishing2.mbox#1134,1,3981
phishing2.mbox#1135,1,4128
phishing2.mbox#1136,1,4345
phishing2.mbox#1137,1,4521
phishing2.mbox#1138,1,4528
phishing2.mbox#1139,1,4539
phishing2.mbox#1140,1,4137
phishing2.mbox#1141,1,4498
phishing2.mbox#1142,1,4273
phishing2.mbox#1143,1,4480
phishing2.mbox#1144,1,4498
phishing2.mbox#1145,1,3946
phishing2.mbox#1146,1,4340
phishing2.mbox#1147,1,4273
phishing2.mbox#1148,1,4273
phishing2.mbox#1149,1,4561
phishing2.mbox#1150,1,4562
phishing2.mbox#1151,1,4185
phishing2.mbox#1152,1,3946
phishing2.mbox#1153,1,3946
phishing2.mbox#1154,1,4137
phishing2.mbox#1155,1,4528
phishing2.mbox#1156,1,3946
phishing2.mbox#1157,1,4480
phishing2.mbox#1158,1,4137
phishing2.mbox#1159,1,4563
phishing2.mbox#1160,1,4564
phishing2.mbox#1161,1,4528
phishing2.mbox#1162,1,4565
phishing2.mbox#1163,1,4566
phishing2.mbox#1164,1,4535
phishing2.mbox#1165,1,4535
phishing2.mbox#1166,1,4486
phishing2.mbox#1167,1,4340
phishing2.mbox#1168,1,4515
phishing2.mbox#1169,1,4567
phishing2.mbox#1170,1,4505
phishing2.mbox#1171,1,4521
phishing2.mbox#1172,1,4568
phishing2.mbox#1173,1,4569
phishing2.mbox#1174,1,4402
phishing2.mbox#1175,1,4480
phishing2.mbox#1176,1,4340
phishing2.mbox#1177,1,4417
phishing2.mbox#1178,1,4230
phishing2.mbox#1179,1,4570
phishing2.mbox#1180,1,4571
phishing2.mbox#1181,1,4472
phishing2.mbox#1182,1,4402
phishing2.mbox#1183,1,4571
phishing2.mbox#1184,1,3916
phishing2.mbox#1185,1,3916
phishing2.mbox#1186,1,4572
phishing2.mbox#1187,1,4541
phishing2.mbox#1188,1,4022
phishing2.mbox#1189,1,4573
phishing2.mbox#1190,1,4340
phishing2.mbox#1191,1,3916
phishing2.mbox#1192,1,4340
phishing2.mbox#1193,1,4273
phishing2.mbox#1194,1,4022
phishing2.mbox#1195,1,4563
phishing2.mbox#1196,1,4022
phishing2.mbox#1197,1,4574
phishing2.mbox#1198,1,4468
phishing2.mbox#1199,1,4521
phishing2.mbox#1200,1,4340
phishing2.mbox#1201,1,4472
phishing2.mbox#1202,1,4472
phishing2.mbox#1203,1,4574
phishing2.mbox#1204,1,4472
phishing2.mbox#1205,1,4574
phishing2.mbox#1206,1,4402
phishing2.mbox#1207,1,4575
phishing2.mbox#1208,1,4309
phishing2.mbox#1209,1,4468
phishing2.mbox#1210,1,4230
phishing2.mbox#1211,1,4576
phishing2.mbox#1212,1,4472
phishing2.mbox#1213,1,4577
phishing2.mbox#1214,1,4577
phishing2.mbox#1215,1,4578
phishing2.mbox#1216,1,4230
phishing2.mbox#1217,1,4345
phishing2.mbox#1218,1,4345
phishing2.mbox#1219,1,4472
phishing2.mbox#1220,1,4185
phishing2.mbox#1221,1,4480
phishing2.mbox#1222,1,4579
phishing2.mbox#1223,1,4579
phishing2.mbox#1224,1,4472
phishing2.mbox#1225,1,3966
phishing2.mbox#1226,1,4219
phishing2.mbox#1227,1,4508
phishing2.mbox#1228,1,4022
phishing2.mbox#1229,1,4580
phishing2.mbox#1230,1,4286
phishing2.mbox#1231,1,4286
phishing2.mbox#1232,1,4581
phishing2.mbox#1233,1,4468
phishing2.mbox#1234,1,4521
phishing2.mbox#1235,1,4340
phishing2.mbox#1236,1,4521
phishing2.mbox#1237,1,4521
phishing2.mbox#1238,1,4582
phishing2.mbox#1239,1,4340
phishing2.mbox#1240,1,4521
phishing2.mbox#1241,1,4472
phishing2.mbox#1242,1,4521
phishing2.mbox#1243,1,4472
phishing2.mbox#1244,1,4468
phishing2.mbox#1245,1,4583
phishing2.mbox#1246,1,4309
phishing2.mbox#1247,1,4430
phishing2.mbox#1248,1,4022
phishing2.mbox#1249,1,4345
phishing2.mbox#1250,1,4472
phishing2.mbox#1251,1,4584
phishing2.mbox#1252,1,4585
phishing2.mbox#1253,1,3996
phishing2.mbox#1254,1,3946
phishing2.mbox#1255,1,4480
phishing2.mbox#1256,1,4022
phishing2.mbox#1257,1,4138
phishing2.mbox#1258,1,4586
phishing2.mbox#1259,1,4340
phishing2.mbox#1260,1,4138
phishing2.mbox#1261,1,4022
phishing2.mbox#1262,1,4586
phishing2.mbox#1263,1,4340
phishing2.mbox#1264,1,4587
phishing2.mbox#1265,1,4588
phishing2.mbox#1266,1,4586
phishing2.mbox#1267,1,4589
phishing2.mbox#1268,1,4032
phishing2.mbox#1269,1,3946
phishing2.mbox#1270,1,4590
phishing2.mbox#1271,1,4591
phishing2.mbox#1272,1,4032
phishing2.mbox#1273,1,4592
phishing2.mbox#1274,1,4593
phishing2.mbox#1275,1,4594
phishing2.mbox#1276,1,4595
phishing2.mbox#1277,1,4596
phishing2.mbox#1278,1,4597
phishing2.mbox#1279,1,4598
phishing2.mbox#1280,1,4592
phishing2.mbox#1281,1,4599
phishing2.mbox#1282,1,4600
phishing2.mbox#1283,1,4601
phishing2.mbox#1284,1,4602
phishing2.mbox#1285,1,4603
phishing2.mbox#1286,1,4604
phishing2.mbox#1287,1,4605
phishing2.mbox#1288,1,4592
phishing2.mbox#1289,1,4472
phishing2.mbox#1290,1,4586
phishing2.mbox#1291,1,4374
phishing2.mbox#1292,1,3916
phishing2.mbox#1293,1,4156
phishing2.mbox#1294,1,4606
phishing2.mbox#1295,1,4022
phishing2.mbox#1296,1,4607
phishing2.mbox#1297,1,4608
phishing2.mbox#1298,1,4609
phishing2.mbox#1299,1,4480
phishing2.mbox#1300,1,4145
phishing2.mbox#1301,1,4022
phishing2.mbox#1302,1,4610
phishing2.mbox#1303,1,4257
phishing2.mbox#1304,1,4611
phishing2.mbox#1305,1,4521
phishing2.mbox#1306,1,4612
phishing2.mbox#1307,1,4613
phishing2.mbox#1308,1,4613
phishing2.mbox#1309,1,4614
phishing2.mbox#1310,1,4185
phishing2.mbox#1311,1,4615
phishing2.mbox#1312,1,4616
phishing2.mbox#1313,1,4588
phishing2.mbox#1314,1,4617
phishing2.mbox#1315,1,4618
phishing2.mbox#1316,1,4619
phishing2.mbox#1317,1,4219
phishing2.mbox#1318,1,4620
phishing2.mbox#1319,1,4621
phishing2.mbox#1320,1,4622
phishing2.mbox#1321,1,4623
phishing2.mbox#1322,1,4624
phishing2.mbox#1323,1,4625
phishing2.mbox#1324,1,4626
phishing2.mbox#1325,1,4627
phishing2.mbox#1326,1,4628
phishing2.mbox#1327,1,4629
phishing2.mbox#1328,1,4630
phishing2.mbox#1329,1,4631
phishing2.mbox#1330,1,4632
phishing2.mbox#1331,1,4633
phishing2.mbox#1332,1,4634
phishing2.mbox#1333,1,4635
phishing2.mbox#1334,1,4636
phishing2.mbox#1335,1,4637
phishing2.mbox#1336,1,4638
phishing2.mbox#1337,1,4639
phishing2.mbox#1338,1,4636
phishing2.mbox#1339,1,4640
phishing2.mbox#1340,1,4641
phishing2.mbox#1341,1,4642
phishing2.mbox#1342,1,4643
phishing2.mbox#1343,1,4636
phishing2.mbox#1344,1,4644
phishing2.mbox#1345,1,4645
phishing2.mbox#1346,1,4646
phishing2.mbox#1347,1,4647
phishing2.mbox#1348,1,4648
phishing2.mbox#1349,1,4649
phishing2.mbox#1350,1,4650
phishing2.mbox#1351,1,4219
phishing2.mbox#1352,1,4651
phishing2.mbox#1353,1,4652
phishing2.mbox#1354,1,4653
phishing2.mbox#1355,1,4654
phishing2.mbox#1356,1,4655
phishing2.mbox#1357,1,4656
phishing2.mbox#1358,1,4657
phishing2.mbox#1359,1,4658
phishing2.mbox#1360,1,4659
phishing2.mbox#1361,1,4660
phishing2.mbox#1362,1,4661
phishing2.mbox#1363,1,4662
phishing2.mbox#1364,1,4663
phishing2.mbox#1365,1,4664
phishing2.mbox#1366,1,4665
phishing2.mbox#1367,1,4666
phishing2.mbox#1368,1,4667
phishing2.mbox#1369,1,4668
phishing2.mbox#1370,1,4662
phishing2.mbox#1371,1,4636
phishing2.mbox#1372,1,4669
phishing2.mbox#1373,1,4550
phishing2.mbox#1374,1,4670
phishing2.mbox#1375,1,4671
phishing2.mbox#1376,1,4672
phishing2.mbox#1377,1,4636
phishing2.mbox#1378,1,4673
phishing2.mbox#1379,1,4674
phishing2.mbox#1380,1,4675
phishing2.mbox#1381,1,4676
phishing2.mbox#1382,1,4677
phishing2.mbox#1383,1,4678
phishing2.mbox#1384,1,4679
phishing2.mbox#1385,1,4377
phishing2.mbox#1386,1,4680
phishing2.mbox#1387,1,4681
phishing2.mbox#1388,1,4682
phishing2.mbox#1389,1,4683
phishing2.mbox#1390,1,4684
phishing2.mbox#1391,1,4029
phishing2.mbox#1392,1,3916
phishing2.mbox#1393,1,4029
phishing2.mbox#1394,1,3916
phishing2.mbox#1395,1,4062
phishing2.mbox#1396,1,4521
phishing2.mbox#1397,1,4685
phishing2.mbox#1398,1,3916
phishing2.mbox#1399,1,4686
phishing2.mbox#1400,1,3916
phishing2.mbox#1401,1,3951
phishing2.mbox#1402,1,4615
phishing2.mbox#1403,1,4687
phishing2.mbox#1404,1,4688
phishing2.mbox#1405,1,4689
phishing2.mbox#1406,1,4690
phishing2.mbox#1407,1,4689
phishing2.mbox#1408,1,4199
phishing2.mbox#1409,1,4463
phishing2.mbox#1410,1,4199
phishing2.mbox#1411,1,4592
phishing2.mbox#1412,1,4199
phishing2.mbox#1413,1,4691
phishing2.mbox#1414,1,4199
phishing2.mbox#1415,1,4503
phishing2.mbox#1416,1,4690
phishing2.mbox#1417,1,4690
phishing2.mbox#1418,1,4615
phishing2.mbox#1419,1,4692
phishing2.mbox#1420,1,4210
phishing2.mbox#1421,1,4693
phishing2.mbox#1422,1,4694
phishing3.mbox#0,1,4695
phishing3.mbox#1,1,4696
phishing3.mbox#2,1,4697
phishing3.mbox#3,1,3980
phishing3.mbox#4,1,3980
phishing3.mbox#5,1,4033
phishing3.mbox#6,1,4051
phishing3.mbox#7,1,4698
phishing3.mbox#8,1,3981
phishing3.mbox#9,1,4699
phishing3.mbox#10,1,4078
phishing3.mbox#11,1,4029
phishing3.mbox#12,1,4026
phishing3.mbox#13,1,4700
phishing3.mbox#14,1,4021
phishing3.mbox#15,1,4701
phishing3.mbox#16,1,4010
phishing3.mbox#17,1,4210
phishing3.mbox#18,1,4077
phishing3.mbox#19,1,4077
phishing3.mbox#20,1,4080
phishing3.mbox#21,1,4080
phishing3.mbox#22,1,4099
phishing3.mbox#23,1,4190
phishing3.mbox#24,1,4190
phishing3.mbox#25,1,4702
phishing3.mbox#26,1,4080
phishing3.mbox#27,1,4703
phishing3.mbox#28,1,4704
phishing3.mbox#29,1,4144
phishing3.mbox#30,1,4705
phishing3.mbox#31,1,4706
phishing3.mbox#32,1,4707
phishing3.mbox#33,1,4089
phishing3.mbox#34,1,4089
phishing3.mbox#35,1,4708
phishing3.mbox#36,1,4698
phishing3.mbox#37,1,4709
phishing3.mbox#38,1,4710
phishing3.mbox#39,1,4089
phishing3.mbox#40,1,4711
phishing3.mbox#41,1,4712
phishing3.mbox#42,1,4713
phishing3.mbox#43,1,4714
phishing3.mbox#44,1,4715
phishing3.mbox#45,1,4107
phishing3.mbox#46,1,4094
phishing3.mbox#47,1,3916
phishing3.mbox#48,1,4705
phishing3.mbox#49,1,3917
phishing3.mbox#50,1,4705
phishing3.mbox#51,1,4716
phishing3.mbox#52,1,4089
phishing3.mbox#53,1,4059
phishing3.mbox#54,1,4103
phishing3.mbox#55,1,4029
phishing3.mbox#56,1,4717
phishing3.mbox#57,1,4360
phishing3.mbox#58,1,4051
phishing3.mbox#59,1,4718
phishing3.mbox#60,1,4107
phishing3.mbox#61,1,4101
phishing3.mbox#62,1,4101
phishing3.mbox#63,1,4101
phishing3.mbox#64,1,4101
phishing3.mbox#65,1,4094
phishing3.mbox#66,1,3936
phishing3.mbox#67,1,3916
phishing3.mbox#68,1,4010
phishing3.mbox#69,1,4719
phishing3.mbox#70,1,4720
phishing3.mbox#71,1,4721
phishing3.mbox#72,1,4722
phishing3.mbox#73,1,3984
phishing3.mbox#74,1,3984
phishing3.mbox#75,1,4059
phishing3.mbox#76,1,4101
phishing3.mbox#77,1,4723
phishing3.mbox#78,1,4106
phishing3.mbox#79,1,4045
phishing3.mbox#80,1,3916
phishing3.mbox#81,1,3916
phishing3.mbox#82,1,4103
phishing3.mbox#83,1,4077
phishing3.mbox#84,1,4108
phishing3.mbox#85,1,4724
phishing3.mbox#86,1,4724
phishing3.mbox#87,1,4108
phishing3.mbox#88,1,3996
phishing3.mbox#89,1,3996
phishing3.mbox#90,1,3996
phishing3.mbox#91,1,3996
phishing3.mbox#92,1,3996
phishing3.mbox#93,1,3996
phishing3.mbox#94,1,3996
phishing3.mbox#95,1,3996
phishing3.mbox#96,1,3996
phishing3.mbox#97,1,3996
phishing3.mbox#98,1,3996
phishing3.mbox#99,1,3996
phishing3.mbox#100,1,3996
phishing3.mbox#101,1,3996
phishing3.mbox#102,1,3996
phishing3.mbox#103,1,3996
phishing3.mbox#104,1,3996
phishing3.mbox#105,1,4725
phishing3.mbox#106,1,4051
phishing3.mbox#107,1,3996
phishing3.mbox#108,1,3996
phishing3.mbox#109,1,3996
phishing3.mbox#110,1,3916
phishing3.mbox#111,1,4000
phishing3.mbox#112,1,3951
phishing3.mbox#113,1,4022
phishing3.mbox#114,1,3981
phishing3.mbox#115,1,3916
phishing3.mbox#116,1,3981
phishing3.mbox#117,1,4726
phishing3.mbox#118,1,4727
phishing3.mbox#119,1,3996
phishing3.mbox#120,1,3996
phishing3.mbox#121,1,3917
phishing3.mbox#122,1,4101
phishing3.mbox#123,1,4101
phishing3.mbox#124,1,4059
phishing3.mbox#125,1,4728
phishing3.mbox#126,1,4729
phishing3.mbox#127,1,4059
phishing3.mbox#128,1,4126
phishing3.mbox#129,1,4730
phishing3.mbox#130,1,4731
phishing3.mbox#131,1,4022
phishing3.mbox#132,1,4123
phishing3.mbox#133,1,4732
phishing3.mbox#134,1,3917
phishing3.mbox#135,1,4360
phishing3.mbox#136,1,4000
phishing3.mbox#137,1,4153
phishing3.mbox#138,1,4134
phishing3.mbox#139,1,4134
phishing3.mbox#140,1,4014
phishing3.mbox#141,1,4733
phishing3.mbox#142,1,4734
phishing3.mbox#143,1,4735
phishing3.mbox#144,1,4736
phishing3.mbox#145,1,3974
phishing3.mbox#146,1,4737
phishing3.mbox#147,1,4185
phishing3.mbox#148,1,4738
phishing3.mbox#149,1,4739
phishing3.mbox#150,1,4000
phishing3.mbox#151,1,4740
phishing3.mbox#152,1,3974
phishing3.mbox#153,1,4735
phishing3.mbox#154,1,4741
phishing3.mbox#155,1,4742
phishing3.mbox#156,1,4125
phishing3.mbox#157,1,4125
phishing3.mbox#158,1,4045
phishing3.mbox#159,1,4743
phishing3.mbox#160,1,4744
phishing3.mbox#161,1,4125
phishing3.mbox#162,1,4145
phishing3.mbox#163,1,4125
phishing3.mbox#164,1,4745
phishing3.mbox#165,1,4746
phishing3.mbox#166,1,4746
phishing3.mbox#167,1,4735
phishing3.mbox#168,1,4747
phishing3.mbox#169,1,4125
phishing3.mbox#170,1,4748
phishing3.mbox#171,1,4748
phishing3.mbox#172,1,4123
phishing3.mbox#173,1,4059
phishing3.mbox#174,1,4164
phishing3.mbox#175,1,4149
phishing3.mbox#176,1,4032
phishing3.mbox#177,1,4150
phishing3.mbox#178,1,4150
phishing3.mbox#179,1,4151
phishing3.mbox#180,1,4151
phishing3.mbox#181,1,4151
phishing3.mbox#182,1,4749
phishing3.mbox#183,1,4154
phishing3.mbox#184,1,4154
phishing3.mbox#185,1,4108
phishing3.mbox#186,1,4161
phishing3.mbox#187,1,3946
phishing3.mbox#188,1,4165
phishing3.mbox#189,1,4153
phishing3.mbox#190,1,4108
phishing3.mbox#191,1,4125
phishing3.mbox#192,1,4219
phishing3.mbox#193,1,4000
phishing3.mbox#194,1,4000
phishing3.mbox#195,1,4045
phishing3.mbox#196,1,4750
phishing3.mbox#197,1,4125
phishing3.mbox#198,1,4751
phishing3.mbox#199,1,4752
phishing3.mbox#200,1,4125
phishing3.mbox#201,1,4750
phishing3.mbox#202,1,4753
phishing3.mbox#203,1,4045
phishing3.mbox#204,1,4022
phishing3.mbox#205,1,4000
phishing3.mbox#206,1,4000
phishing3.mbox#207,1,4754
phishing3.mbox#208,1,4108
phishing3.mbox#209,1,3981
phishing3.mbox#210,1,4016
phishing3.mbox#211,1,4019
phishing3.mbox#212,1,4128
phishing3.mbox#213,1,4755
phishing3.mbox#214,1,4173
phishing3.mbox#215,1,4273
phishing3.mbox#216,1,4108
phishing3.mbox#217,1,4756
phishing3.mbox#218,1,4115
phishing3.mbox#219,1,4115
phishing3.mbox#220,1,3996
phishing3.mbox#221,1,3996
phishing3.mbox#222,1,4019
phishing3.mbox#223,1,4757
phishing3.mbox#224,1,4314
phishing3.mbox#225,1,4758
phishing3.mbox#226,1,4188
phishing3.mbox#227,1,4759
phishing3.mbox#228,1,4145
phishing3.mbox#229,1,4760
phishing3.mbox#230,1,3974
phishing3.mbox#231,1,4761
phishing3.mbox#232,1,4759
phishing3.mbox#233,1,4762
phishing3.mbox#234,1,4763
phishing3.mbox#235,1,4185
phishing3.mbox#236,1,4169
phishing3.mbox#237,1,4032
phishing3.mbox#238,1,4108
phishing3.mbox#239,1,4764
phishing3.mbox#240,1,4199
phishing3.mbox#241,1,4199
phishing3.mbox#242,1,4305
phishing3.mbox#243,1,4202
phishing3.mbox#244,1,4202
phishing3.mbox#245,1,4199
phishing3.mbox#246,1,4022
phishing3.mbox#247,1,4117
phishing3.mbox#248,1,3946
phishing3.mbox#249,1,4185
phishing3.mbox#250,1,4026
phishing3.mbox#251,1,3946
phishing3.mbox#252,1,4765
phishing3.mbox#253,1,3946
phishing3.mbox#254,1,4766
phishing3.mbox#255,1,4767
phishing3.mbox#256,1,4768
phishing3.mbox#257,1,4008
phishing3.mbox#258,1,4769
phishing3.mbox#259,1,4770
phishing3.mbox#260,1,4771
phishing3.mbox#261,1,4772
phishing3.mbox#262,1,4773
phishing3.mbox#263,1,4774
phishing3.mbox#264,1,4775
phishing3.mbox#265,1,4775
phishing3.mbox#266,1,4033
phishing3.mbox#267,1,3916
phishing3.mbox#268,1,4273
phishing3.mbox#269,1,4273
phishing3.mbox#270,1,4273
phishing3.mbox#271,1,4776
phishing3.mbox#272,1,4242
phishing3.mbox#273,1,4276
phishing3.mbox#274,1,4290
phishing3.mbox#275,1,4771
phishing3.mbox#276,1,4766
phishing3.mbox#277,1,4766
phishing3.mbox#278,1,4777
phishing3.mbox#279,1,4273
phishing3.mbox#280,1,4778
phishing3.mbox#281,1,4032
phishing3.mbox#282,1,4779
phishing3.mbox#283,1,4780
phishing3.mbox#284,1,3946
phishing3.mbox#285,1,4781
phishing3.mbox#286,1,4297
phishing3.mbox#287,1,4133
phishing3.mbox#288,1,4273
phishing3.mbox#289,1,4308
phishing3.mbox#290,1,4777
phishing3.mbox#291,1,4306
phishing3.mbox#292,1,4033
phishing3.mbox#293,1,4277
phishing3.mbox#294,1,4782
phishing3.mbox#295,1,4297
phishing3.mbox#296,1,4783
phishing3.mbox#297,1,4292
phishing3.mbox#298,1,4288
phishing3.mbox#299,1,4784
phishing3.mbox#300,1,3981
phishing3.mbox#301,1,3981
phishing3.mbox#302,1,4273
phishing3.mbox#303,1,4281
phishing3.mbox#304,1,4277
phishing3.mbox#305,1,4277
phishing3.mbox#306,1,4033
phishing3.mbox#307,1,4558
phishing3.mbox#308,1,4785
phishing3.mbox#309,1,4288
phishing3.mbox#310,1,4292
phishing3.mbox#311,1,4786
phishing3.mbox#312,1,4033
phishing3.mbox#313,1,4167
phishing3.mbox#314,1,3946
phishing3.mbox#315,1,4787
phishing3.mbox#316,1,3946
phishing3.mbox#317,1,3946
phishing3.mbox#318,1,4708
phishing3.mbox#319,1,3966
phishing3.mbox#320,1,4468
phishing3.mbox#321,1,4388
phishing3.mbox#322,1,4788
phishing3.mbox#323,1,4133
phishing3.mbox#324,1,4133
phishing3.mbox#325,1,4539
phishing3.mbox#326,1,4539
phishing3.mbox#327,1,4539
phishing3.mbox#328,1,4789
phishing3.mbox#329,1,4790
phishing3.mbox#330,1,4791
phishing3.mbox#331,1,4792
phishing3.mbox#332,1,4793
phishing3.mbox#333,1,4794
phishing3.mbox#334,1,4795
phishing3.mbox#335,1,4796
phishing3.mbox#336,1,4797
phishing3.mbox#337,1,4798
phishing3.mbox#338,1,4799
phishing3.mbox#339,1,4800
phishing3.mbox#340,1,4801
phishing3.mbox#341,1,4802
phishing3.mbox#342,1,4803
phishing3.mbox#343,1,4804
phishing3.mbox#344,1,4805
phishing3.mbox#345,1,4806
phishing3.mbox#346,1,4807
phishing3.mbox#347,1,4808
phishing3.mbox#348,1,4809
phishing3.mbox#349,1,4810
phishing3.mbox#350,1,4811
phishing3.mbox#351,1,4812
phishing3.mbox#352,1,4813
phishing3.mbox#353,1,4814
phishing3.mbox#354,1,4815
phishing3.mbox#355,1,4816
phishing3.mbox#356,1,4817
phishing3.mbox#357,1,4818
phishing3.mbox#358,1,4819
phishing3.mbox#359,1,4820
phishing3.mbox#360,1,4821
phishing3.mbox#361,1,4822
phishing3.mbox#362,1,4823
phishing3.mbox#363,1,4824
phishing3.mbox#364,1,4825
phishing3.mbox#365,1,4826
phishing3.mbox#366,1,4827
phishing3.mbox#367,1,4273
phishing3.mbox#368,1,4828
phishing3.mbox#369,1,4829
phishing3.mbox#370,1,4830
phishing3.mbox#371,1,4831
phishing3.mbox#372,1,4832
phishing3.mbox#373,1,4833
phishing3.mbox#374,1,4834
phishing3.mbox#375,1,4835
phishing3.mbox#376,1,4836
phishing3.mbox#377,1,4837
phishing3.mbox#378,1,4838
phishing3.mbox#379,1,4839
phishing3.mbox#380,1,4840
phishing3.mbox#381,1,4771
phishing3.mbox#382,1,4841
phishing3.mbox#383,1,4273
phishing3.mbox#384,1,4842
phishing3.mbox#385,1,4843
phishing3.mbox#386,1,4844
phishing3.mbox#387,1,4845
phishing3.mbox#388,1,4846
phishing3.mbox#389,1,4847
phishing3.mbox#390,1,4848
phishing3.mbox#391,1,4849
phishing3.mbox#392,1,4850
phishing3.mbox#393,1,4851
phishing3.mbox#394,1,4852
phishing3.mbox#395,1,4853
phishing3.mbox#396,1,4854
phishing3.mbox#397,1,4855
phishing3.mbox#398,1,4856
phishing3.mbox#399,1,4857
phishing3.mbox#400,1,4858
phishing3.mbox#401,1,4859
phishing3.mbox#402,1,4860
phishing3.mbox#403,1,4861
phishing3.mbox#404,1,4862
phishing3.mbox#405,1,4863
phishing3.mbox#406,1,4864
phishing3.mbox#407,1,4865
phishing3.mbox#408,1,4865
phishing3.mbox#409,1,4866
phishing3.mbox#410,1,4867
phishing3.mbox#411,1,4868
phishing3.mbox#412,1,4869
phishing3.mbox#413,1,4870
phishing3.mbox#414,1,4871
phishing3.mbox#415,1,4872
phishing3.mbox#416,1,4873
phishing3.mbox#417,1,4874
phishing3.mbox#418,1,4875
phishing3.mbox#419,1,4876
phishing3.mbox#420,1,4877
phishing3.mbox#421,1,4878
phishing3.mbox#422,1,4879
phishing3.mbox#423,1,4880
phishing3.mbox#424,1,4881
phishing3.mbox#425,1,4882
phishing3.mbox#426,1,4883
phishing3.mbox#427,1,4884
phishing3.mbox#428,1,4885
phishing3.mbox#429,1,4886
phishing3.mbox#430,1,4395
phishing3.mbox#431,1,4887
phishing3.mbox#432,1,4888
phishing3.mbox#433,1,4889
phishing3.mbox#434,1,4887
phishing3.mbox#435,1,4890
phishing3.mbox#436,1,4891
phishing3.mbox#437,1,4892
phishing3.mbox#438,1,4893
phishing3.mbox#439,1,4894
phishing3.mbox#440,1,4895
phishing3.mbox#441,1,4896
phishing3.mbox#442,1,4897
phishing3.mbox#443,1,4898
phishing3.mbox#444,1,4899
phishing3.mbox#445,1,4900
phishing3.mbox#446,1,4901
phishing3.mbox#447,1,4902
phishing3.mbox#448,1,4903
phishing3.mbox#449,1,4904
phishing3.mbox#450,1,4905
phishing3.mbox#451,1,4906
phishing3.mbox#452,1,4907
phishing3.mbox#453,1,4908
phishing3.mbox#454,1,4909
phishing3.mbox#455,1,4133
phishing3.mbox#456,1,4910
phishing3.mbox#457,1,4911
phishing3.mbox#458,1,4912
phishing3.mbox#459,1,4913
phishing3.mbox#460,1,4914
phishing3.mbox#461,1,4915
phishing3.mbox#462,1,4916
phishing3.mbox#463,1,4917
phishing3.mbox#464,1,4918
phishing3.mbox#465,1,4919
phishing3.mbox#466,1,4920
phishing3.mbox#467,1,4921
phishing3.mbox#468,1,4922
phishing3.mbox#469,1,4395
phishing3.mbox#470,1,4923
phishing3.mbox#471,1,4924
phishing3.mbox#472,1,4925
phishing3.mbox#473,1,4926
phishing3.mbox#474,1,4927
phishing3.mbox#475,1,4928
phishing3.mbox#476,1,4929
phishing3.mbox#477,1,4930
phishing3.mbox#478,1,4931
phishing3.mbox#479,1,4932
phishing3.mbox#480,1,4933
phishing3.mbox#481,1,4934
phishing3.mbox#482,1,4935
phishing3.mbox#483,1,4936
phishing3.mbox#484,1,4937
phishing3.mbox#485,1,4938
phishing3.mbox#486,1,4939
phishing3.mbox#487,1,4940
phishing3.mbox#488,1,4941
phishing3.mbox#489,1,4942
phishing3.mbox#490,1,4943
phishing3.mbox#491,1,4430
phishing3.mbox#492,1,4944
phishing3.mbox#493,1,4945
phishing3.mbox#494,1,4946
phishing3.mbox#495,1,4947
phishing3.mbox#496,1,4948
phishing3.mbox#497,1,4949
phishing3.mbox#498,1,4950
phishing3.mbox#499,1,4951
phishing3.mbox#500,1,4952
phishing3.mbox#501,1,4953
phishing3.mbox#502,1,4954
phishing3.mbox#503,1,4955
phishing3.mbox#504,1,4956
phishing3.mbox#505,1,4957
phishing3.mbox#506,1,4958
phishing3.mbox#507,1,4959
phishing3.mbox#508,1,4960
phishing3.mbox#509,1,4961
phishing3.mbox#510,1,4962
phishing3.mbox#511,1,4963
phishing3.mbox#512,1,4964
phishing3.mbox#513,1,4965
phishing3.mbox#514,1,4966
phishing3.mbox#515,1,4967
phishing3.mbox#516,1,4968
phishing3.mbox#517,1,4969
phishing3.mbox#518,1,4970
phishing3.mbox#519,1,4971
phishing3.mbox#520,1,4972
phishing3.mbox#521,1,4973
phishing3.mbox#522,1,4974
phishing3.mbox#523,1,4974
phishing3.mbox#524,1,4975
phishing3.mbox#525,1,4976
phishing3.mbox#526,1,4977
phishing3.mbox#527,1,4978
phishing3.mbox#528,1,4979
phishing3.mbox#529,1,4980
phishing3.mbox#530,1,4981
phishing3.mbox#531,1,4982
phishing3.mbox#532,1,4983
phishing3.mbox#533,1,4984
phishing3.mbox#534,1,4985
phishing3.mbox#535,1,4986
phishing3.mbox#536,1,4987
phishing3.mbox#537,1,4988
phishing3.mbox#538,1,4989
phishing3.mbox#539,1,4990
phishing3.mbox#540,1,4991
phishing3.mbox#541,1,4992
phishing3.mbox#542,1,4993
phishing3.mbox#543,1,4994
phishing3.mbox#544,1,4995
phishing3.mbox#545,1,4996
phishing3.mbox#546,1,4997
phishing3.mbox#547,1,4998
phishing3.mbox#548,1,4999
phishing3.mbox#549,1,5000
phishing3.mbox#550,1,5001
phishing3.mbox#551,1,5002
phishing3.mbox#552,1,5003
phishing3.mbox#553,1,5004
phishing3.mbox#554,1,4185
phishing3.mbox#555,1,5005
phishing3.mbox#556,1,5006
phishing3.mbox#557,1,5007
phishing3.mbox#558,1,5008
phishing3.mbox#559,1,5009
phishing3.mbox#560,1,5010
phishing3.mbox#561,1,5011
phishing3.mbox#562,1,5012
phishing3.mbox#563,1,5013
phishing3.mbox#564,1,5014
phishing3.mbox#565,1,5015
phishing3.mbox#566,1,5016
phishing3.mbox#567,1,5017
phishing3.mbox#568,1,5018
phishing3.mbox#569,1,5019
phishing3.mbox#570,1,5020
phishing3.mbox#571,1,5021
phishing3.mbox#572,1,5022
phishing3.mbox#573,1,5023
phishing3.mbox#574,1,5024
phishing3.mbox#575,1,5025
phishing3.mbox#576,1,5026
phishing3.mbox#577,1,5027
phishing3.mbox#578,1,5028
phishing3.mbox#579,1,5029
phishing3.mbox#580,1,5030
phishing3.mbox#581,1,5031
phishing3.mbox#582,1,5032
phishing3.mbox#583,1,5033
phishing3.mbox#584,1,5034
phishing3.mbox#585,1,5034
phishing3.mbox#586,1,5035
phishing3.mbox#587,1,5036
phishing3.mbox#588,1,5037
phishing3.mbox#589,1,5038
phishing3.mbox#590,1,5039
phishing3.mbox#591,1,5040
phishing3.mbox#592,1,5041
phishing3.mbox#593,1,5042
phishing3.mbox#594,1,5043
phishing3.mbox#595,1,5044
phishing3.mbox#596,1,5045
phishing3.mbox#597,1,5046
phishing3.mbox#598,1,5047
phishing3.mbox#599,1,5048
phishing3.mbox#600,1,5049
phishing3.mbox#601,1,5050
phishing3.mbox#602,1,5051
phishing3.mbox#603,1,5052
phishing3.mbox#604,1,5053
phishing3.mbox#605,1,5054
phishing3.mbox#606,1,5055
phishing3.mbox#607,1,5056
phishing3.mbox#608,1,5057
phishing3.mbox#609,1,5058
phishing3.mbox#610,1,5058
phishing3.mbox#611,1,5059
phishing3.mbox#612,1,5060
phishing3.mbox#613,1,5061
phishing3.mbox#614,1,5062
phishing3.mbox#615,1,5063
phishing3.mbox#616,1,5064
phishing3.mbox#617,1,5065
phishing3.mbox#618,1,5066
phishing3.mbox#619,1,5067
phishing3.mbox#620,1,5068
phishing3.mbox#621,1,5069
phishing3.mbox#622,1,5070
phishing3.mbox#623,1,5071
phishing3.mbox#624,1,5072
phishing3.mbox#625,1,5073
phishing3.mbox#626,1,5074
phishing3.mbox#627,1,5075
phishing3.mbox#628,1,5076
phishing3.mbox#629,1,5077
phishing3.mbox#630,1,5078
phishing3.mbox#631,1,5079
phishing3.mbox#632,1,5080
phishing3.mbox#633,1,5080
phishing3.mbox#634,1,5081
phishing3.mbox#635,1,5082
phishing3.mbox#636,1,5083
phishing3.mbox#637,1,5084
phishing3.mbox#638,1,5085
phishing3.mbox#639,1,5086
phishing3.mbox#640,1,5087
phishing3.mbox#641,1,5088
phishing3.mbox#642,1,5089
phishing3.mbox#643,1,5090
phishing3.mbox#644,1,5091
phishing3.mbox#645,1,5092
phishing3.mbox#646,1,5093
phishing3.mbox#647,1,5094
phishing3.mbox#648,1,5095
phishing3.mbox#649,1,5096
phishing3.mbox#650,1,5097
phishing3.mbox#651,1,5098
phishing3.mbox#652,1,5099
phishing3.mbox#653,1,5100
phishing3.mbox#654,1,5101
phishing3.mbox#655,1,5102
phishing3.mbox#656,1,5103
phishing3.mbox#657,1,5104
phishing3.mbox#658,1,5105
phishing3.mbox#659,1,5106
phishing3.mbox#660,1,5107
phishing3.mbox#661,1,5108
phishing3.mbox#662,1,5109
phishing3.mbox#663,1,5110
phishing3.mbox#664,1,5111
phishing3.mbox#665,1,5112
phishing3.mbox#666,1,5113
phishing3.mbox#667,1,5114
phishing3.mbox#668,1,5115
phishing3.mbox#669,1,5116
phishing3.mbox#670,1,5117
phishing3.mbox#671,1,5118
phishing3.mbox#672,1,5119
phishing3.mbox#673,1,5120
phishing3.mbox#674,1,5121
phishing3.mbox#675,1,5122
phishing3.mbox#676,1,5123
phishing3.mbox#677,1,5124
phishing3.mbox#678,1,5125
phishing3.mbox#679,1,5126
phishing3.mbox#680,1,5127
phishing3.mbox#681,1,5128
phishing3.mbox#682,1,5129
phishing3.mbox#683,1,5130
phishing3.mbox#684,1,5128
phishing3.mbox#685,1,5131
phishing3.mbox#686,1,5132
phishing3.mbox#687,1,5133
phishing3.mbox#688,1,5134
phishing3.mbox#689,1,5135
phishing3.mbox#690,1,5136
phishing3.mbox#691,1,5137
phishing3.mbox#692,1,5138
phishing3.mbox#693,1,5139
phishing3.mbox#694,1,5140
phishing3.mbox#695,1,5141
phishing3.mbox#696,1,5142
phishing3.mbox#697,1,5143
phishing3.mbox#698,1,5144
phishing3.mbox#699,1,5145
phishing3.mbox#700,1,5146
phishing3.mbox#701,1,5147
phishing3.mbox#702,1,5148
phishing3.mbox#703,1,5149
phishing3.mbox#704,1,5150
phishing3.mbox#705,1,5151
phishing3.mbox#706,1,5152
phishing3.mbox#707,1,4592
phishing3.mbox#708,1,5153
phishing3.mbox#709,1,4611
phishing3.mbox#710,1,3946
phishing3.mbox#711,1,5154
phishing3.mbox#712,1,3916
phishing3.mbox#713,1,3946
phishing3.mbox#714,1,5155
phishing3.mbox#715,1,4021
phishing3.mbox#716,1,5156
phishing3.mbox#717,1,4690
phishing3.mbox#718,1,5156
phishing3.mbox#719,1,4615
phishing3.mbox#720,1,4615
phishing3.mbox#721,1,5156
phishing3.mbox#722,1,5157
phishing3.mbox#723,1,4340
phishing3.mbox#724,1,5158
phishing3.mbox#725,1,5159
phishing3.mbox#726,1,5159
phishing3.mbox#727,1,3916
phishing3.mbox#728,1,5160
phishing3.mbox#729,1,4615
phishing3.mbox#730,1,5161
phishing3.mbox#731,1,3946
phishing3.mbox#732,1,4309
phishing3.mbox#733,1,5162
phishing3.mbox#734,1,3916
phishing3.mbox#735,1,3946
phishing3.mbox#736,1,4191
phishing3.mbox#737,1,4191
phishing3.mbox#738,1,4191
phishing3.mbox#739,1,4340
phishing3.mbox#740,1,5163
phishing3.mbox#741,1,5164
phishing3.mbox#742,1,4309
phishing3.mbox#743,1,3946
phishing3.mbox#744,1,3916
phishing3.mbox#745,1,5165
phishing3.mbox#746,1,5166
phishing3.mbox#747,1,4309
phishing3.mbox#748,1,5167
phishing3.mbox#749,1,3916
phishing3.mbox#750,1,5168
phishing3.mbox#751,1,4324
phishing3.mbox#752,1,5169
phishing3.mbox#753,1,4693
phishing3.mbox#754,1,5169
phishing3.mbox#755,1,3916
phishing3.mbox#756,1,3916
phishing3.mbox#757,1,4118
phishing3.mbox#758,1,4503
phishing3.mbox#759,1,4508
phishing3.mbox#760,1,5170
phishing3.mbox#761,1,5171
phishing3.mbox#762,1,4505
phishing3.mbox#763,1,5172
phishing3.mbox#764,1,5173
phishing3.mbox#765,1,4503
phishing3.mbox#766,1,4480
phishing3.mbox#767,1,4503
phishing3.mbox#768,1,5174
phishing3.mbox#769,1,5175
phishing3.mbox#770,1,5176
phishing3.mbox#771,1,5177
phishing3.mbox#772,1,5178
phishing3.mbox#773,1,4599
phishing3.mbox#774,1,5173
phishing3.mbox#775,1,4105
phishing3.mbox#776,1,5179
phishing3.mbox#777,1,5180
phishing3.mbox#778,1,5181
phishing3.mbox#779,1,4199
phishing3.mbox#780,1,5182
phishing3.mbox#781,1,5183
phishing3.mbox#782,1,5184
phishing3.mbox#783,1,5185
phishing3.mbox#784,1,5186
phishing3.mbox#785,1,5187
phishing3.mbox#786,1,3916
phishing3.mbox#787,1,5188
phishing3.mbox#788,1,4290
phishing3.mbox#789,1,4590
phishing3.mbox#790,1,4503
phishing3.mbox#791,1,4423
phishing3.mbox#792,1,4288
phishing3.mbox#793,1,4590
phishing3.mbox#794,1,5165
phishing3.mbox#795,1,5189
phishing3.mbox#796,1,4105
phishing3.mbox#797,1,3916
phishing3.mbox#798,1,4354
phishing3.mbox#799,1,5190
phishing3.mbox#800,1,3916
phishing3.mbox#801,1,3916
phishing3.mbox#802,1,3916
phishing3.mbox#803,1,3916
phishing3.mbox#804,1,5191
phishing3.mbox#805,1,5192
phishing3.mbox#806,1,5193
phishing3.mbox#807,1,5191
phishing3.mbox#808,1,5191
phishing3.mbox#809,1,5191
phishing3.mbox#810,1,5191
phishing3.mbox#811,1,5191
phishing3.mbox#812,1,5191
phishing3.mbox#813,1,4615
phishing3.mbox#814,1,4503
phishing3.mbox#815,1,3916
phishing3.mbox#816,1,3916
phishing3.mbox#817,1,5194
phishing3.mbox#818,1,4288
phishing3.mbox#819,1,4503
phishing3.mbox#820,1,4503
phishing3.mbox#821,1,4503
phishing3.mbox#822,1,4503
phishing3.mbox#823,1,4150
phishing3.mbox#824,1,4150
phishing3.mbox#825,1,4503
phishing3.mbox#826,1,4290
phishing3.mbox#827,1,5195
phishing3.mbox#828,1,5196
phishing3.mbox#829,1,4611
phishing3.mbox#830,1,5195
phishing3.mbox#831,1,5197
phishing3.mbox#832,1,3916
phishing3.mbox#833,1,3916
phishing3.mbox#834,1,3916
phishing3.mbox#835,1,4503
phishing3.mbox#836,1,5198
phishing3.mbox#837,1,5199
phishing3.mbox#838,1,3916
phishing3.mbox#839,1,5200
phishing3.mbox#840,1,3916
phishing3.mbox#841,1,4150
phishing3.mbox#842,1,5201
phishing3.mbox#843,1,3916
phishing3.mbox#844,1,3916
phishing3.mbox#845,1,3916
phishing3.mbox#846,1,3916
phishing3.mbox#847,1,5202
phishing3.mbox#848,1,4150
phishing3.mbox#849,1,3916
phishing3.mbox#850,1,5203
phishing3.mbox#851,1,4395
phishing3.mbox#852,1,5191
phishing3.mbox#853,1,4150
phishing3.mbox#854,1,5204
phishing3.mbox#855,1,5205
phishing3.mbox#856,1,5206
phishing3.mbox#857,1,5207
phishing3.mbox#858,1,5205
phishing3.mbox#859,1,5205
phishing3.mbox#860,1,5208
phishing3.mbox#861,1,5208
phishing3.mbox#862,1,5209
phishing3.mbox#863,1,5210
phishing3.mbox#864,1,5211
phishing3.mbox#865,1,5205
phishing3.mbox#866,1,5212
phishing3.mbox#867,1,4219
phishing3.mbox#868,1,4219
phishing3.mbox#869,1,4219
phishing3.mbox#870,1,4219
phishing3.mbox#871,1,5213
phishing3.mbox#872,1,3916
phishing3.mbox#873,1,4521
phishing3.mbox#874,1,5214
phishing3.mbox#875,1,4521
phishing3.mbox#876,1,4521
phishing3.mbox#877,1,5215
phishing3.mbox#878,1,5205
phishing3.mbox#879,1,4521
phishing3.mbox#880,1,5216
phishing3.mbox#881,1,4521
phishing3.mbox#882,1,4535
phishing3.mbox#883,1,5191
phishing3.mbox#884,1,4521
phishing3.mbox#885,1,3916
phishing3.mbox#886,1,5206
phishing3.mbox#887,1,3916
phishing3.mbox#888,1,3916
phishing3.mbox#889,1,3916
phishing3.mbox#890,1,5205
phishing3.mbox#891,1,5217
phishing3.mbox#892,1,5218
phishing3.mbox#893,1,3916
phishing3.mbox#894,1,5219
phishing3.mbox#895,1,3916
phishing3.mbox#896,1,3916
phishing3.mbox#897,1,4468
phishing3.mbox#898,1,5195
phishing3.mbox#899,1,5220
phishing3.mbox#900,1,5220
phishing3.mbox#901,1,3946
phishing3.mbox#902,1,5199
phishing3.mbox#903,1,5221
phishing3.mbox#904,1,4607
phishing3.mbox#905,1,5222
phishing3.mbox#906,1,5222
phishing3.mbox#907,1,4339
phishing3.mbox#908,1,5223
phishing3.mbox#909,1,5222
phishing3.mbox#910,1,5224
phishing3.mbox#911,1,5225
phishing3.mbox#912,1,5226
phishing3.mbox#913,1,4480
phishing3.mbox#914,1,5227
phishing3.mbox#915,1,4288
phishing3.mbox#916,1,4219
phishing3.mbox#917,1,5228
phishing3.mbox#918,1,5229
phishing3.mbox#919,1,5230
phishing3.mbox#920,1,3916
phishing3.mbox#921,1,5226
phishing3.mbox#922,1,5231
phishing3.mbox#923,1,4535
phishing3.mbox#924,1,3916
phishing3.mbox#925,1,5227
phishing3.mbox#926,1,5232
phishing3.mbox#927,1,5233
phishing3.mbox#928,1,5234
phishing3.mbox#929,1,4481
phishing3.mbox#930,1,5235
phishing3.mbox#931,1,5236
phishing3.mbox#932,1,4029
phishing3.mbox#933,1,5237
phishing3.mbox#934,1,5238
phishing3.mbox#935,1,5239
phishing3.mbox#936,1,5240
phishing3.mbox#937,1,4607
phishing3.mbox#938,1,3916
phishing3.mbox#939,1,5241
phishing3.mbox#940,1,3946
phishing3.mbox#941,1,3946
phishing3.mbox#942,1,3946
phishing3.mbox#943,1,5242
phishing3.mbox#944,1,4535
phishing3.mbox#945,1,5243
phishing3.mbox#946,1,5244
phishing3.mbox#947,1,3916
phishing3.mbox#948,1,5245
phishing3.mbox#949,1,4525
phishing3.mbox#950,1,4535
phishing3.mbox#951,1,5246
phishing3.mbox#952,1,4535
phishing3.mbox#953,1,5247
phishing3.mbox#954,1,5248
phishing3.mbox#955,1,5244
phishing3.mbox#956,1,5249
phishing3.mbox#957,1,5249
phishing3.mbox#958,1,5250
phishing3.mbox#959,1,4381
phishing3.mbox#960,1,5195
phishing3.mbox#961,1,4472
phishing3.mbox#962,1,4472
phishing3.mbox#963,1,4469
phishing3.mbox#964,1,5240
phishing3.mbox#965,1,5195
phishing3.mbox#966,1,5251
phishing3.mbox#967,1,5251
phishing3.mbox#968,1,5240
phishing3.mbox#969,1,5252
phishing3.mbox#970,1,5253
phishing3.mbox#971,1,4016
phishing3.mbox#972,1,4016
phishing3.mbox#973,1,4501
phishing3.mbox#974,1,4535
phishing3.mbox#975,1,4016
phishing3.mbox#976,1,4016
phishing3.mbox#977,1,5253
phishing3.mbox#978,1,5254
phishing3.mbox#979,1,4000
phishing3.mbox#980,1,5255
phishing3.mbox#981,1,4472
phishing3.mbox#982,1,4472
phishing3.mbox#983,1,4472
phishing3.mbox#984,1,5256
phishing3.mbox#985,1,4469
phishing3.mbox#986,1,4590
phishing3.mbox#987,1,5257
phishing3.mbox#988,1,5244
phishing3.mbox#989,1,3946
phishing3.mbox#990,1,5240
phishing3.mbox#991,1,4489
phishing3.mbox#992,1,5258
phishing3.mbox#993,1,5259
phishing3.mbox#994,1,5227
phishing3.mbox#995,1,5260
phishing3.mbox#996,1,5261
phishing3.mbox#997,1,4521
phishing3.mbox#998,1,5262
phishing3.mbox#999,1,4468
phishing3.mbox#1000,1,3916
phishing3.mbox#1001,1,5263
phishing3.mbox#1002,1,4219
phishing3.mbox#1003,1,5264
phishing3.mbox#1004,1,5265
phishing3.mbox#1005,1,5191
phishing3.mbox#1006,1,3946
phishing3.mbox#1007,1,5263
phishing3.mbox#1008,1,4309
phishing3.mbox#1009,1,5227
phishing3.mbox#1010,1,4463
phishing3.mbox#1011,1,4521
phishing3.mbox#1012,1,3946
phishing3.mbox#1013,1,5266
phishing3.mbox#1014,1,5267
phishing3.mbox#1015,1,3946
phishing3.mbox#1016,1,5266
phishing3.mbox#1017,1,5268
phishing3.mbox#1018,1,3946
phishing3.mbox#1019,1,5219
phishing3.mbox#1020,1,5219
phishing3.mbox#1021,1,5219
phishing3.mbox#1022,1,5269
phishing3.mbox#1023,1,4219
phishing3.mbox#1024,1,3916
phishing3.mbox#1025,1,4498
phishing3.mbox#1026,1,5270
phishing3.mbox#1027,1,5271
phishing3.mbox#1028,1,4138
phishing3.mbox#1029,1,5244
phishing3.mbox#1030,1,4482
phishing3.mbox#1031,1,5270
phishing3.mbox#1032,1,4469
phishing3.mbox#1033,1,5272
phishing3.mbox#1034,1,5273
phishing3.mbox#1035,1,5274
phishing3.mbox#1036,1,3916
phishing3.mbox#1037,1,5269
phishing3.mbox#1038,1,3916
phishing3.mbox#1039,1,5275
phishing3.mbox#1040,1,5276
phishing3.mbox#1041,1,5277
phishing3.mbox#1042,1,3946
phishing3.mbox#1043,1,5278
phishing3.mbox#1044,1,3916
phishing3.mbox#1045,1,5227
phishing3.mbox#1046,1,5273
phishing3.mbox#1047,1,3946
phishing3.mbox#1048,1,5227
phishing3.mbox#1049,1,5261
phishing3.mbox#1050,1,5279
phishing3.mbox#1051,1,3916
phishing3.mbox#1052,1,5275
phishing3.mbox#1053,1,4425
phishing3.mbox#1054,1,4480
phishing3.mbox#1055,1,4480
phishing3.mbox#1056,1,4340
phishing3.mbox#1057,1,5271
phishing3.mbox#1058,1,4117
phishing3.mbox#1059,1,4480
phishing3.mbox#1060,1,5206
phishing3.mbox#1061,1,4480
phishing3.mbox#1062,1,4373
phishing3.mbox#1063,1,4481
phishing3.mbox#1064,1,5271
phishing3.mbox#1065,1,3946
phishing3.mbox#1066,1,4078
phishing3.mbox#1067,1,5280
phishing3.mbox#1068,1,4339
phishing3.mbox#1069,1,3946
phishing3.mbox#1070,1,3946
phishing3.mbox#1071,1,5281
phishing3.mbox#1072,1,4138
phishing3.mbox#1073,1,3996
phishing3.mbox#1074,1,4481
phishing3.mbox#1075,1,4138
phishing3.mbox#1076,1,5219
phishing3.mbox#1077,1,5219
phishing3.mbox#1078,1,4000
phishing3.mbox#1079,1,3996
phishing3.mbox#1080,1,5282
phishing3.mbox#1081,1,5283
phishing3.mbox#1082,1,4475
phishing3.mbox#1083,1,4288
phishing3.mbox#1084,1,4078
phishing3.mbox#1085,1,5266
phishing3.mbox#1086,1,5244
phishing3.mbox#1087,1,5284
phishing3.mbox#1088,1,5269
phishing3.mbox#1089,1,5285
phishing3.mbox#1090,1,5285
phishing3.mbox#1091,1,5286
phishing3.mbox#1092,1,5287
phishing3.mbox#1093,1,5248
phishing3.mbox#1094,1,3916
phishing3.mbox#1095,1,5288
phishing3.mbox#1096,1,5289
phishing3.mbox#1097,1,5244
phishing3.mbox#1098,1,5267
phishing3.mbox#1099,1,4469
phishing3.mbox#1100,1,5251
phishing3.mbox#1101,1,5289
phishing3.mbox#1102,1,5251
phishing3.mbox#1103,1,5244
phishing3.mbox#1104,1,5267
phishing3.mbox#1105,1,5290
phishing3.mbox#1106,1,3916
phishing3.mbox#1107,1,5291
phishing3.mbox#1108,1,5292
phishing3.mbox#1109,1,5244
phishing3.mbox#1110,1,5293
phishing3.mbox#1111,1,5294
phishing3.mbox#1112,1,5295
phishing3.mbox#1113,1,5296
phishing3.mbox#1114,1,5297
phishing3.mbox#1115,1,4463
phishing3.mbox#1116,1,3946
phishing3.mbox#1117,1,4354
phishing3.mbox#1118,1,5244
phishing3.mbox#1119,1,4288
phishing3.mbox#1120,1,4469
phishing3.mbox#1121,1,5298
phishing3.mbox#1122,1,5286
phishing3.mbox#1123,1,5299
phishing3.mbox#1124,1,5299
phishing3.mbox#1125,1,5300
phishing3.mbox#1126,1,4305
phishing3.mbox#1127,1,5301
phishing3.mbox#1128,1,4395
phishing3.mbox#1129,1,5302
phishing3.mbox#1130,1,5303
phishing3.mbox#1131,1,4339
phishing3.mbox#1132,1,4026
phishing3.mbox#1133,1,5304
phishing3.mbox#1134,1,5305
phishing3.mbox#1135,1,5306
phishing3.mbox#1136,1,4421
phishing3.mbox#1137,1,5307
phishing3.mbox#1138,1,5308
phishing3.mbox#1139,1,5309
phishing3.mbox#1140,1,5310
phishing3.mbox#1141,1,5311
phishing3.mbox#1142,1,4816
phishing3.mbox#1143,1,5312
phishing3.mbox#1144,1,4096
phishing3.mbox#1145,1,4391
phishing3.mbox#1146,1,5313
phishing3.mbox#1147,1,5208
phishing3.mbox#1148,1,4690
phishing3.mbox#1149,1,4690
phishing3.mbox#1150,1,4126
phishing3.mbox#1151,1,5314
phishing3.mbox#1152,1,5315
phishing3.mbox#1153,1,5316
phishing3.mbox#1154,1,5317
phishing3.mbox#1155,1,5318
phishing3.mbox#1156,1,5318
phishing3.mbox#1157,1,5319
phishing3.mbox#1158,1,4069
phishing3.mbox#1159,1,5320
phishing3.mbox#1160,1,5321
phishing3.mbox#1161,1,5321
phishing3.mbox#1162,1,5322
phishing3.mbox#1163,1,5322
phishing3.mbox#1164,1,5323
phishing3.mbox#1165,1,5286
phishing3.mbox#1166,1,3946
phishing3.mbox#1167,1,5324
phishing3.mbox#1168,1,5325
phishing3.mbox#1169,1,5326
phishing3.mbox#1170,1,5327
phishing3.mbox#1171,1,5327
phishing3.mbox#1172,1,5327
phishing3.mbox#1173,1,4137
phishing3.mbox#1174,1,5328
phishing3.mbox#1175,1,5328
phishing3.mbox#1176,1,3946
phishing3.mbox#1177,1,3946
phishing3.mbox#1178,1,3946
phishing3.mbox#1179,1,3946
phishing3.mbox#1180,1,5206
phishing3.mbox#1181,1,5311
phishing3.mbox#1182,1,4096
phishing3.mbox#1183,1,5329
phishing3.mbox#1184,1,5329
phishing3.mbox#1185,1,5329
phishing3.mbox#1186,1,5329
phishing3.mbox#1187,1,5330
phishing3.mbox#1188,1,3946
phishing3.mbox#1189,1,5206
phishing3.mbox#1190,1,5331
phishing3.mbox#1191,1,5317
phishing3.mbox#1192,1,5330
phishing3.mbox#1193,1,4480
phishing3.mbox#1194,1,5332
phishing3.mbox#1195,1,5332
phishing3.mbox#1196,1,4566
phishing3.mbox#1197,1,5294
phishing3.mbox#1198,1,4566
phishing3.mbox#1199,1,5332
phishing3.mbox#1200,1,4480
phishing3.mbox#1201,1,5311
phishing3.mbox#1202,1,5333
phishing3.mbox#1203,1,5334
phishing3.mbox#1204,1,5335
phishing3.mbox#1205,1,4288
phishing3.mbox#1206,1,5336
phishing3.mbox#1207,1,5294
phishing3.mbox#1208,1,5337
phishing3.mbox#1209,1,5338
phishing3.mbox#1210,1,5294
phishing3.mbox#1211,1,5339
phishing3.mbox#1212,1,5340
phishing3.mbox#1213,1,5341
phishing3.mbox#1214,1,4117
phishing3.mbox#1215,1,5342
phishing3.mbox#1216,1,5342
phishing3.mbox#1217,1,5343
phishing3.mbox#1218,1,4305
phishing3.mbox#1219,1,5342
phishing3.mbox#1220,1,5342
phishing3.mbox#1221,1,5344
phishing3.mbox#1222,1,5345
phishing3.mbox#1223,1,4096
phishing3.mbox#1224,1,5346
phishing3.mbox#1225,1,5347
phishing3.mbox#1226,1,4022
phishing3.mbox#1227,1,5348
phishing3.mbox#1228,1,5206
phishing3.mbox#1229,1,5206
phishing3.mbox#1230,1,3946
phishing3.mbox#1231,1,3946
phishing3.mbox#1232,1,3946
phishing3.mbox#1233,1,5206
phishing3.mbox#1234,1,5349
phishing3.mbox#1235,1,5350
phishing3.mbox#1236,1,5351
phishing3.mbox#1237,1,5352
phishing3.mbox#1238,1,5352
phishing3.mbox#1239,1,5353
phishing3.mbox#1240,1,3946
phishing3.mbox#1241,1,5349
phishing3.mbox#1242,1,5354
phishing3.mbox#1243,1,3946
phishing3.mbox#1244,1,5317
phishing3.mbox#1245,1,5355
phishing3.mbox#1246,1,5356
phishing3.mbox#1247,1,5357
phishing3.mbox#1248,1,5357
phishing3.mbox#1249,1,4137
phishing3.mbox#1250,1,5358
phishing3.mbox#1251,1,4312
phishing3.mbox#1252,1,5206
phishing3.mbox#1253,1,4312
phishing3.mbox#1254,1,5206
phishing3.mbox#1255,1,5359
phishing3.mbox#1256,1,4480
phishing3.mbox#1257,1,5206
phishing3.mbox#1258,1,4022
phishing3.mbox#1259,1,5360
phishing3.mbox#1260,1,5361
phishing3.mbox#1261,1,5361
phishing3.mbox#1262,1,5360
phishing3.mbox#1263,1,5360
phishing3.mbox#1264,1,5362
phishing3.mbox#1265,1,5362
phishing3.mbox#1266,1,5363
phishing3.mbox#1267,1,5364
phishing3.mbox#1268,1,4185
phishing3.mbox#1269,1,5300
phishing3.mbox#1270,1,4887
phishing3.mbox#1271,1,5360
phishing3.mbox#1272,1,5349
phishing3.mbox#1273,1,5360
phishing3.mbox#1274,1,5349
phishing3.mbox#1275,1,4288
phishing3.mbox#1276,1,5365
phishing3.mbox#1277,1,5366
phishing3.mbox#1278,1,5366
phishing3.mbox#1279,1,5360
phishing3.mbox#1280,1,5367
phishing3.mbox#1281,1,5360
phishing3.mbox#1282,1,5360
phishing3.mbox#1283,1,5368
phishing3.mbox#1284,1,5360
phishing3.mbox#1285,1,5267
phishing3.mbox#1286,1,5267
phishing3.mbox#1287,1,5369
phishing3.mbox#1288,1,3946
phishing3.mbox#1289,1,5370
phishing3.mbox#1290,1,5360
phishing3.mbox#1291,1,5371
phishing3.mbox#1292,1,5371
phishing3.mbox#1293,1,5372
phishing3.mbox#1294,1,5373
phishing3.mbox#1295,1,5374
phishing3.mbox#1296,1,5366
phishing3.mbox#1297,1,5375
phishing3.mbox#1298,1,4339
phishing3.mbox#1299,1,4312
phishing3.mbox#1300,1,5376
phishing3.mbox#1301,1,4969
phishing3.mbox#1302,1,5377
phishing3.mbox#1303,1,5378
phishing3.mbox#1304,1,5378
phishing3.mbox#1305,1,5378
phishing3.mbox#1306,1,5378
phishing3.mbox#1307,1,5317
phishing3.mbox#1308,1,5263
phishing3.mbox#1309,1,5379
phishing3.mbox#1310,1,4354
phishing3.mbox#1311,1,5380
phishing3.mbox#1312,1,5381
phishing3.mbox#1313,1,5311
phishing3.mbox#1314,1,5382
phishing3.mbox#1315,1,5382
phishing3.mbox#1316,1,5380
phishing3.mbox#1317,1,4138
phishing3.mbox#1318,1,4138
phishing3.mbox#1319,1,5317
phishing3.mbox#1320,1,5383
phishing3.mbox#1321,1,4185
phishing3.mbox#1322,1,5263
phishing3.mbox#1323,1,4425
phishing3.mbox#1324,1,5356
phishing3.mbox#1325,1,5384
phishing3.mbox#1326,1,5356
phishing3.mbox#1327,1,5385
phishing3.mbox#1328,1,5263
phishing3.mbox#1329,1,5360
phishing3.mbox#1330,1,5386
phishing3.mbox#1331,1,5317
phishing3.mbox#1332,1,5387
phishing3.mbox#1333,1,4395
phishing3.mbox#1334,1,4312
phishing3.mbox#1335,1,5341
phishing3.mbox#1336,1,4138
phishing3.mbox#1337,1,5388
phishing3.mbox#1338,1,4138
phishing3.mbox#1339,1,4138
phishing3.mbox#1340,1,5389
phishing3.mbox#1341,1,5390
phishing3.mbox#1342,1,4312
phishing3.mbox#1343,1,5391
phishing3.mbox#1344,1,4425
phishing3.mbox#1345,1,5341
phishing3.mbox#1346,1,5317
phishing3.mbox#1347,1,5392
phishing3.mbox#1348,1,5393
phishing3.mbox#1349,1,5394
phishing3.mbox#1350,1,4413
phishing3.mbox#1351,1,5394
phishing3.mbox#1352,1,5393
phishing3.mbox#1353,1,5395
phishing3.mbox#1354,1,4339
phishing3.mbox#1355,1,5396
phishing3.mbox#1356,1,5308
phishing3.mbox#1357,1,4309
phishing3.mbox#1358,1,5397
phishing3.mbox#1359,1,5380
phishing3.mbox#1360,1,5398
phishing3.mbox#1361,1,4288
phishing3.mbox#1362,1,4521
phishing3.mbox#1363,1,5360
phishing3.mbox#1364,1,5399
phishing3.mbox#1365,1,4425
phishing3.mbox#1366,1,5400
phishing3.mbox#1367,1,4425
phishing3.mbox#1368,1,4312
phishing3.mbox#1369,1,5263
phishing3.mbox#1370,1,5263
phishing3.mbox#1371,1,4312
phishing3.mbox#1372,1,4127
phishing3.mbox#1373,1,5401
phishing3.mbox#1374,1,4127
phishing3.mbox#1375,1,4127
phishing3.mbox#1376,1,4127
phishing3.mbox#1377,1,5356
phishing3.mbox#1378,1,5360
phishing3.mbox#1379,1,5402
phishing3.mbox#1380,1,5403
phishing3.mbox#1381,1,4211
phishing3.mbox#1382,1,5349
phishing3.mbox#1383,1,5404
phishing3.mbox#1384,1,5402
phishing3.mbox#1385,1,5405
phishing3.mbox#1386,1,5392
phishing3.mbox#1387,1,5403
phishing3.mbox#1388,1,5406
phishing3.mbox#1389,1,5407
phishing3.mbox#1390,1,4339
phishing3.mbox#1391,1,5408
phishing3.mbox#1392,1,5407
phishing3.mbox#1393,1,4127
phishing3.mbox#1394,1,4126
phishing3.mbox#1395,1,4127
phishing3.mbox#1396,1,5349
phishing3.mbox#1397,1,4339
phishing3.mbox#1398,1,5409
phishing3.mbox#1399,1,5382
phishing3.mbox#1400,1,5410
phishing3.mbox#1401,1,5411
phishing3.mbox#1402,1,4339
phishing3.mbox#1403,1,5412
phishing3.mbox#1404,1,5327
phishing3.mbox#1405,1,5413
phishing3.mbox#1406,1,5412
phishing3.mbox#1407,1,5414
phishing3.mbox#1408,1,4339
phishing3.mbox#1409,1,5349
phishing3.mbox#1410,1,5415
phishing3.mbox#1411,1,4413
phishing3.mbox#1412,1,5416
phishing3.mbox#1413,1,5415
phishing3.mbox#1414,1,5412
phishing3.mbox#1415,1,5417
phishing3.mbox#1416,1,5208
phishing3.mbox#1417,1,5208
phishing3.mbox#1418,1,5418
phishing3.mbox#1419,1,4541
phishing3.mbox#1420,1,4167
phishing3.mbox#1421,1,5419
phishing3.mbox#1422,1,5167
phishing3.mbox#1423,1,5420
phishing3.mbox#1424,1,5421
phishing3.mbox#1425,1,5317
phishing3.mbox#1426,1,5317
phishing3.mbox#1427,1,5368
phishing3.mbox#1428,1,5422
phishing3.mbox#1429,1,5423
phishing3.mbox#1430,1,5424
phishing3.mbox#1431,1,5227
phishing3.mbox#1432,1,5425
phishing3.mbox#1433,1,3966
phishing3.mbox#1434,1,5426
phishing3.mbox#1435,1,5427
phishing3.mbox#1436,1,5428
phishing3.mbox#1437,1,5429
phishing3.mbox#1438,1,5430
phishing3.mbox#1439,1,5431
phishing3.mbox#1440,1,5432
phishing3.mbox#1441,1,5433
phishing3.mbox#1442,1,5263
phishing3.mbox#1443,1,5220
phishing3.mbox#1444,1,5317
phishing3.mbox#1445,1,5434
phishing3.mbox#1446,1,5435
phishing3.mbox#1447,1,5436
phishing3.mbox#1448,1,4887
phishing3.mbox#1449,1,4472
phishing3.mbox#1450,1,5317
phishing3.mbox#1451,1,5437
phishing3.mbox#1452,1,5311
phishing3.mbox#1453,1,5311
phishing3.mbox#1454,1,5317
phishing3.mbox#1455,1,5438
phishing3.mbox#1456,1,4022
phishing3.mbox#1457,1,5439
phishing3.mbox#1458,1,5440
phishing3.mbox#1459,1,5396
phishing3.mbox#1460,1,5396
phishing3.mbox#1461,1,4155
phishing3.mbox#1462,1,5365
phishing3.mbox#1463,1,5365
phishing3.mbox#1464,1,5441
phishing3.mbox#1465,1,5410
phishing3.mbox#1466,1,5167
phishing3.mbox#1467,1,5442
phishing3.mbox#1468,1,5317
phishing3.mbox#1469,1,5443
phishing3.mbox#1470,1,4425
phishing3.mbox#1471,1,5444
phishing3.mbox#1472,1,5445
phishing3.mbox#1473,1,5446
phishing3.mbox#1474,1,5447
phishing3.mbox#1475,1,5317
phishing3.mbox#1476,1,5448
phishing3.mbox#1477,1,5365
phishing3.mbox#1478,1,5449
phishing3.mbox#1479,1,5450
phishing3.mbox#1480,1,4354
phishing3.mbox#1481,1,5392
phishing3.mbox#1482,1,5430
phishing3.mbox#1483,1,5430
phishing3.mbox#1484,1,4078
phishing3.mbox#1485,1,3984
phishing3.mbox#1486,1,4339
phishing3.mbox#1487,1,5317
phishing3.mbox#1488,1,5317
phishing3.mbox#1489,1,4029
phishing3.mbox#1490,1,4887
phishing3.mbox#1491,1,5451
phishing3.mbox#1492,1,4229
phishing3.mbox#1493,1,5452
phishing3.mbox#1494,1,5317
phishing3.mbox#1495,1,5317
phishing3.mbox#1496,1,5453
phishing3.mbox#1497,1,5454
phishing3.mbox#1498,1,4887
phishing3.mbox#1499,1,5455
phishing3.mbox#1500,1,4029
phishing3.mbox#1501,1,5440
phishing3.mbox#1502,1,4472
phishing3.mbox#1503,1,4312
phishing3.mbox#1504,1,3981
phishing3.mbox#1505,1,4312
phishing3.mbox#1506,1,5456
phishing3.mbox#1507,1,5457
phishing3.mbox#1508,1,5365
phishing3.mbox#1509,1,5456
phishing3.mbox#1510,1,5458
phishing3.mbox#1511,1,5459
phishing3.mbox#1512,1,5317
phishing3.mbox#1513,1,4560
phishing3.mbox#1514,1,5457
phishing3.mbox#1515,1,5317
phishing3.mbox#1516,1,4117
phishing3.mbox#1517,1,4339
phishing3.mbox#1518,1,5459
phishing3.mbox#1519,1,5460
phishing3.mbox#1520,1,5461
phishing3.mbox#1521,1,5462
phishing3.mbox#1522,1,5317
phishing3.mbox#1523,1,5463
phishing3.mbox#1524,1,5408
phishing3.mbox#1525,1,5464
phishing3.mbox#1526,1,5465
phishing3.mbox#1527,1,5465
phishing3.mbox#1528,1,5466
phishing3.mbox#1529,1,4560
phishing3.mbox#1530,1,5466
phishing3.mbox#1531,1,4314
phishing3.mbox#1532,1,5451
phishing3.mbox#1533,1,5439
phishing3.mbox#1534,1,5467
phishing3.mbox#1535,1,5468
phishing3.mbox#1536,1,5469
phishing3.mbox#1537,1,5470
phishing3.mbox#1538,1,3984
phishing3.mbox#1539,1,5471
phishing3.mbox#1540,1,5457
phishing3.mbox#1541,1,5472
phishing3.mbox#1542,1,5457
phishing3.mbox#1543,1,4339
phishing3.mbox#1544,1,5473
phishing3.mbox#1545,1,4312
phishing3.mbox#1546,1,5474
phishing3.mbox#1547,1,5475
phishing3.mbox#1548,1,5476
phishing3.mbox#1549,1,5450
phishing3.mbox#1550,1,5477
phishing3.mbox#1551,1,5476
phishing3.mbox#1552,1,5368
phishing3.mbox#1553,1,4309
phishing3.mbox#1554,1,5368
phishing3.mbox#1555,1,3916
phishing3.mbox#1556,1,3981
phishing3.mbox#1557,1,5478
phishing3.mbox#1558,1,5478
phishing3.mbox#1559,1,4354
phishing3.mbox#1560,1,5474
phishing3.mbox#1561,1,5466
phishing3.mbox#1562,1,5294
phishing3.mbox#1563,1,5430
phishing3.mbox#1564,1,5430
phishing3.mbox#1565,1,5466
phishing3.mbox#1566,1,5479
phishing3.mbox#1567,1,5430
phishing3.mbox#1568,1,4788
phishing3.mbox#1569,1,5480
phishing3.mbox#1570,1,4032
phishing3.mbox#1571,1,5481
phishing3.mbox#1572,1,5482
phishing3.mbox#1573,1,5430
phishing3.mbox#1574,1,5483
phishing3.mbox#1575,1,5484
phishing3.mbox#1576,1,5485
phishing3.mbox#1577,1,4339
phishing3.mbox#1578,1,5486
phishing3.mbox#1579,1,5430
phishing3.mbox#1580,1,5487
phishing3.mbox#1581,1,5488
phishing3.mbox#1582,1,4468
phishing3.mbox#1583,1,5486
phishing3.mbox#1584,1,5489
phishing3.mbox#1585,1,4339
phishing3.mbox#1586,1,4272
phishing3.mbox#1587,1,4312
phishing3.mbox#1588,1,4339
phishing3.mbox#1589,1,5317
phishing3.mbox#1590,1,5490
phishing3.mbox#1591,1,5491
phishing3.mbox#1592,1,5317
phishing3.mbox#1593,1,5492
phishing3.mbox#1594,1,5493
phishing3.mbox#1595,1,5494
phishing3.mbox#1596,1,5495
phishing3.mbox#1597,1,5493
phishing3.mbox#1598,1,5493
phishing3.mbox#1599,1,4312
phishing3.mbox#1600,1,4969
phishing3.mbox#1601,1,5456
phishing3.mbox#1602,1,5456
phishing3.mbox#1603,1,5496
phishing3.mbox#1604,1,5497
phishing3.mbox#1605,1,5498
phishing3.mbox#1606,1,5499
phishing3.mbox#1607,1,5456
phishing3.mbox#1608,1,5500
phishing3.mbox#1609,1,5501
phishing3.mbox#1610,1,5317
phishing3.mbox#1611,1,5431
phishing3.mbox#1612,1,5502
phishing3.mbox#1613,1,5205
phishing3.mbox#1614,1,5430
phishing3.mbox#1615,1,5503
phishing3.mbox#1616,1,5208
phishing3.mbox#1617,1,5504
phishing3.mbox#1618,1,5505
phishing3.mbox#1619,1,5506
phishing3.mbox#1620,1,5504
phishing3.mbox#1621,1,5317
phishing3.mbox#1622,1,5504
phishing3.mbox#1623,1,5504
phishing3.mbox#1624,1,5317
phishing3.mbox#1625,1,5317
phishing3.mbox#1626,1,5504
phishing3.mbox#1627,1,5507
phishing3.mbox#1628,1,5508
phishing3.mbox#1629,1,5509
phishing3.mbox#1630,1,5510
phishing3.mbox#1631,1,5430
phishing3.mbox#1632,1,4032
phishing3.mbox#1633,1,5511
phishing3.mbox#1634,1,5495
phishing3.mbox#1635,1,5495
phishing3.mbox#1636,1,5466
phishing3.mbox#1637,1,5512
phishing3.mbox#1638,1,5513
phishing3.mbox#1639,1,5513
phishing3.mbox#1640,1,5514
phishing3.mbox#1641,1,4527
phishing3.mbox#1642,1,5515
phishing3.mbox#1643,1,5415
phishing3.mbox#1644,1,4127
phishing3.mbox#1645,1,4527
phishing3.mbox#1646,1,5466
phishing3.mbox#1647,1,5511
phishing3.mbox#1648,1,5437
phishing3.mbox#1649,1,5365
phishing3.mbox#1650,1,4211
phishing3.mbox#1651,1,4211
phishing3.mbox#1652,1,5516
phishing3.mbox#1653,1,5517
phishing3.mbox#1654,1,5518
phishing3.mbox#1655,1,5317
phishing3.mbox#1656,1,5365
phishing3.mbox#1657,1,5365
phishing3.mbox#1658,1,5519
phishing3.mbox#1659,1,5520
phishing3.mbox#1660,1,4312
phishing3.mbox#1661,1,5520
phishing3.mbox#1662,1,5521
phishing3.mbox#1663,1,4312
phishing3.mbox#1664,1,5513
phishing3.mbox#1665,1,5513
phishing3.mbox#1666,1,5522
phishing3.mbox#1667,1,4016
phishing3.mbox#1668,1,5523
phishing3.mbox#1669,1,5524
phishing3.mbox#1670,1,5525
phishing3.mbox#1671,1,5526
phishing3.mbox#1672,1,5527
phishing3.mbox#1673,1,5528
phishing3.mbox#1674,1,4032
phishing3.mbox#1675,1,5529
phishing3.mbox#1676,1,5529
phishing3.mbox#1677,1,5263
phishing3.mbox#1678,1,5353
phishing3.mbox#1679,1,4032
phishing3.mbox#1680,1,5530
phishing3.mbox#1681,1,5529
phishing3.mbox#1682,1,5530
phishing3.mbox#1683,1,5527
phishing3.mbox#1684,1,4425
phishing3.mbox#1685,1,5531
phishing3.mbox#1686,1,5532
phishing3.mbox#1687,1,5306
phishing3.mbox#1688,1,5267
phishing3.mbox#1689,1,3916
phishing3.mbox#1690,1,5306
phishing3.mbox#1691,1,5533
phishing3.mbox#1692,1,5534
phishing3.mbox#1693,1,3946
phishing3.mbox#1694,1,5535
phishing3.mbox#1695,1,4309
phishing3.mbox#1696,1,5536
phishing3.mbox#1697,1,4429
phishing3.mbox#1698,1,5317
phishing3.mbox#1699,1,5537
phishing3.mbox#1700,1,5538
phishing3.mbox#1701,1,4480
phishing3.mbox#1702,1,5539
phishing3.mbox#1703,1,5539
phishing3.mbox#1704,1,5540
phishing3.mbox#1705,1,5541
phishing3.mbox#1706,1,5540
phishing3.mbox#1707,1,5540
phishing3.mbox#1708,1,5540
phishing3.mbox#1709,1,5542
phishing3.mbox#1710,1,5540
phishing3.mbox#1711,1,5539
phishing3.mbox#1712,1,5543
phishing3.mbox#1713,1,5544
phishing3.mbox#1714,1,4219
phishing3.mbox#1715,1,5544
phishing3.mbox#1716,1,5545
phishing3.mbox#1717,1,5546
phishing3.mbox#1718,1,5267
phishing3.mbox#1719,1,5547
phishing3.mbox#1720,1,5548
phishing3.mbox#1721,1,5547
phishing3.mbox#1722,1,5549
phishing3.mbox#1723,1,5545
phishing3.mbox#1724,1,5267
phishing3.mbox#1725,1,5550
phishing3.mbox#1726,1,5551
phishing3.mbox#1727,1,5267
phishing3.mbox#1728,1,5544
phishing3.mbox#1729,1,5552
phishing3.mbox#1730,1,5552
phishing3.mbox#1731,1,5544
phishing3.mbox#1732,1,5552
phishing3.mbox#1733,1,5552
phishing3.mbox#1734,1,5540
phishing3.mbox#1735,1,5540
phishing3.mbox#1736,1,3919
phishing3.mbox#1737,1,3919
phishing3.mbox#1738,1,5466
phishing3.mbox#1739,1,5553
phishing3.mbox#1740,1,4309
phishing3.mbox#1741,1,5554
phishing3.mbox#1742,1,5555
phishing3.mbox#1743,1,4887
phishing3.mbox#1744,1,5267
phishing3.mbox#1745,1,5527
phishing3.mbox#1746,1,5527
phishing3.mbox#1747,1,5237
phishing3.mbox#1748,1,4309
phishing3.mbox#1749,1,5556
phishing3.mbox#1750,1,5514
phishing3.mbox#1751,1,4309
phishing3.mbox#1752,1,5557
phishing3.mbox#1753,1,5558
phishing3.mbox#1754,1,5267
phishing3.mbox#1755,1,5540
phishing3.mbox#1756,1,5523
phishing3.mbox#1757,1,5540
phishing3.mbox#1758,1,5559
phishing3.mbox#1759,1,5540
phishing3.mbox#1760,1,5560
phishing3.mbox#1761,1,5540
phishing3.mbox#1762,1,4309
phishing3.mbox#1763,1,5523
phishing3.mbox#1764,1,5561
phishing3.mbox#1765,1,5297
phishing3.mbox#1766,1,5546
phishing3.mbox#1767,1,4887
phishing3.mbox#1768,1,4887
phishing3.mbox#1769,1,5562
phishing3.mbox#1770,1,5563
phishing3.mbox#1771,1,5564
phishing3.mbox#1772,1,5462
phishing3.mbox#1773,1,5565
phishing3.mbox#1774,1,5566
phishing3.mbox#1775,1,5567
phishing3.mbox#1776,1,4032
phishing3.mbox#1777,1,4302
phishing3.mbox#1778,1,5563
phishing3.mbox#1779,1,5568
phishing3.mbox#1780,1,5569
phishing3.mbox#1781,1,5369
phishing3.mbox#1782,1,5546
phishing3.mbox#1783,1,5570
phishing3.mbox#1784,1,5411
phishing3.mbox#1785,1,5571
phishing3.mbox#1786,1,4468
phishing3.mbox#1787,1,5572
phishing3.mbox#1788,1,5573
phishing3.mbox#1789,1,5514
phishing3.mbox#1790,1,5572
phishing3.mbox#1791,1,5574
phishing3.mbox#1792,1,5575
phishing3.mbox#1793,1,5576
phishing3.mbox#1794,1,5576
phishing3.mbox#1795,1,5546
phishing3.mbox#1796,1,5577
phishing3.mbox#1797,1,5578
phishing3.mbox#1798,1,5365
phishing3.mbox#1799,1,5561
phishing3.mbox#1800,1,5579
phishing3.mbox#1801,1,5580
phishing3.mbox#1802,1,5581
phishing3.mbox#1803,1,5541
phishing3.mbox#1804,1,5582
phishing3.mbox#1805,1,5403
phishing3.mbox#1806,1,5246
phishing3.mbox#1807,1,5583
phishing3.mbox#1808,1,5195
phishing3.mbox#1809,1,5584
phishing3.mbox#1810,1,5584
phishing3.mbox#1811,1,5585
phishing3.mbox#1812,1,5584
phishing3.mbox#1813,1,5527
phishing3.mbox#1814,1,5586
phishing3.mbox#1815,1,5587
phishing3.mbox#1816,1,5588
phishing3.mbox#1817,1,5589
phishing3.mbox#1818,1,4032
phishing3.mbox#1819,1,5590
phishing3.mbox#1820,1,5388
phishing3.mbox#1821,1,5591
phishing3.mbox#1822,1,5294
phishing3.mbox#1823,1,5365
phishing3.mbox#1824,1,5365
phishing3.mbox#1825,1,5592
phishing3.mbox#1826,1,5593
phishing3.mbox#1827,1,5594
phishing3.mbox#1828,1,5595
phishing3.mbox#1829,1,4480
phishing3.mbox#1830,1,5544
phishing3.mbox#1831,1,5596
phishing3.mbox#1832,1,5597
phishing3.mbox#1833,1,5597
phishing3.mbox#1834,1,5598
phishing3.mbox#1835,1,5382
phishing3.mbox#1836,1,5597
phishing3.mbox#1837,1,5599
phishing3.mbox#1838,1,5597
phishing3.mbox#1839,1,5544
phishing3.mbox#1840,1,5540
phishing3.mbox#1841,1,5540
phishing3.mbox#1842,1,5540
phishing3.mbox#1843,1,5540
phishing3.mbox#1844,1,5600
phishing3.mbox#1845,1,4312
phishing3.mbox#1846,1,5601
phishing3.mbox#1847,1,5602
phishing3.mbox#1848,1,5527
phishing3.mbox#1849,1,5527
phishing3.mbox#1850,1,5199
phishing3.mbox#1851,1,5527
phishing3.mbox#1852,1,5603
phishing3.mbox#1853,1,5604
phishing3.mbox#1854,1,4022
phishing3.mbox#1855,1,4480
phishing3.mbox#1856,1,5605
phishing3.mbox#1857,1,3916
phishing3.mbox#1858,1,5606
phishing3.mbox#1859,1,5527
phishing3.mbox#1860,1,5607
phishing3.mbox#1861,1,5608
phishing3.mbox#1862,1,5609
phishing3.mbox#1863,1,5610
phishing3.mbox#1864,1,4096
phishing3.mbox#1865,1,5611
phishing3.mbox#1866,1,5527
phishing3.mbox#1867,1,5466
phishing3.mbox#1868,1,5612
phishing3.mbox#1869,1,5613
phishing3.mbox#1870,1,5611
phishing3.mbox#1871,1,5614
phishing3.mbox#1872,1,5317
phishing3.mbox#1873,1,5615
phishing3.mbox#1874,1,4022
phishing3.mbox#1875,1,5574
phishing3.mbox#1876,1,5616
phishing3.mbox#1877,1,4022
phishing3.mbox#1878,1,5463
phishing3.mbox#1879,1,5616
phishing3.mbox#1880,1,5617
phishing3.mbox#1881,1,5327
phishing3.mbox#1882,1,5527
phishing3.mbox#1883,1,5608
phishing3.mbox#1884,1,5618
phishing3.mbox#1885,1,5619
phishing3.mbox#1886,1,5616
phishing3.mbox#1887,1,5616
phishing3.mbox#1888,1,5620
phishing3.mbox#1889,1,5621
phishing3.mbox#1890,1,5622
phishing3.mbox#1891,1,5616
phishing3.mbox#1892,1,5623
phishing3.mbox#1893,1,5597
phishing3.mbox#1894,1,5597
phishing3.mbox#1895,1,5597
phishing3.mbox#1896,1,5597
phishing3.mbox#1897,1,5622
phishing3.mbox#1898,1,5624
phishing3.mbox#1899,1,5625
phishing3.mbox#1900,1,5553
phishing3.mbox#1901,1,5600
phishing3.mbox#1902,1,4117
phishing3.mbox#1903,1,5626
phishing3.mbox#1904,1,4096
phishing3.mbox#1905,1,5627
phishing3.mbox#1906,1,5600
phishing3.mbox#1907,1,5616
phishing3.mbox#1908,1,5621
phishing3.mbox#1909,1,5500
phishing3.mbox#1910,1,4312
phishing3.mbox#1911,1,5621
phishing3.mbox#1912,1,5317
phishing3.mbox#1913,1,5527
phishing3.mbox#1914,1,4117
phishing3.mbox#1915,1,5628
phishing3.mbox#1916,1,5629
phishing3.mbox#1917,1,5630
phishing3.mbox#1918,1,5527
phishing3.mbox#1919,1,5527
phishing3.mbox#1920,1,5631
phishing3.mbox#1921,1,5632
phishing3.mbox#1922,1,5630
phishing3.mbox#1923,1,5633
phishing3.mbox#1924,1,4312
phishing3.mbox#1925,1,4312
phishing3.mbox#1926,1,5634
phishing3.mbox#1927,1,5437
phishing3.mbox#1928,1,5618
phishing3.mbox#1929,1,5577
phishing3.mbox#1930,1,5553
phishing3.mbox#1931,1,5577
phishing3.mbox#1932,1,5635
phishing3.mbox#1933,1,5635
phishing3.mbox#1934,1,5527
phishing3.mbox#1935,1,5636
phishing3.mbox#1936,1,5637
phishing3.mbox#1937,1,5637
phishing3.mbox#1938,1,5437
phishing3.mbox#1939,1,5527
phishing3.mbox#1940,1,5317
phishing3.mbox#1941,1,5618
phishing3.mbox#1942,1,5360
phishing3.mbox#1943,1,5638
phishing3.mbox#1944,1,5639
phishing3.mbox#1945,1,5640
phishing3.mbox#1946,1,5641
phishing3.mbox#1947,1,5437
phishing3.mbox#1948,1,5317
phishing3.mbox#1949,1,5642
phishing3.mbox#1950,1,5630
phishing3.mbox#1951,1,5356
phishing3.mbox#1952,1,5643
phishing3.mbox#1953,1,5644
phishing3.mbox#1954,1,5645
phishing3.mbox#1955,1,5317
phishing3.mbox#1956,1,5577
phishing3.mbox#1957,1,5646
phishing3.mbox#1958,1,5618
phishing3.mbox#1959,1,5647
phishing3.mbox#1960,1,5246
phishing3.mbox#1961,1,5648
phishing3.mbox#1962,1,5618
phishing3.mbox#1963,1,5649
phishing3.mbox#1964,1,5430
phishing3.mbox#1965,1,5650
phishing3.mbox#1966,1,5651
phishing3.mbox#1967,1,5652
phishing3.mbox#1968,1,5653
phishing3.mbox#1969,1,5600
phishing3.mbox#1970,1,5616
phishing3.mbox#1971,1,5654
phishing3.mbox#1972,1,5630
phishing3.mbox#1973,1,5655
phishing3.mbox#1974,1,4312
phishing3.mbox#1975,1,5656
phishing3.mbox#1976,1,5657
phishing3.mbox#1977,1,5514
phishing3.mbox#1978,1,5621
phishing3.mbox#1979,1,5658
phishing3.mbox#1980,1,5621
phishing3.mbox#1981,1,5600
phishing3.mbox#1982,1,4468
phishing3.mbox#1983,1,5618
phishing3.mbox#1984,1,5600
phishing3.mbox#1985,1,4468
phishing3.mbox#1986,1,5659
phishing3.mbox#1987,1,5644
phishing3.mbox#1988,1,5600
phishing3.mbox#1989,1,5660
phishing3.mbox#1990,1,5630
phishing3.mbox#1991,1,5661
phishing3.mbox#1992,1,5662
phishing3.mbox#1993,1,5267
phishing3.mbox#1994,1,5663
phishing3.mbox#1995,1,5527
phishing3.mbox#1996,1,5600
phishing3.mbox#1997,1,5664
phishing3.mbox#1998,1,5665
phishing3.mbox#1999,1,5527
phishing3.mbox#2000,1,5666
phishing3.mbox#2001,1,5667
phishing3.mbox#2002,1,5668
phishing3.mbox#2003,1,5618
phishing3.mbox#2004,1,5669
phishing3.mbox#2005,1,5670
phishing3.mbox#2006,1,5671
phishing3.mbox#2007,1,5672
phishing3.mbox#2008,1,5673
phishing3.mbox#2009,1,5674
phishing3.mbox#2010,1,5675
phishing3.mbox#2011,1,5267
phishing3.mbox#2012,1,5267
phishing3.mbox#2013,1,5676
phishing3.mbox#2014,1,5677
phishing3.mbox#2015,1,5267
phishing3.mbox#2016,1,5267
phishing3.mbox#2017,1,5678
phishing3.mbox#2018,1,5644
phishing3.mbox#2019,1,5679
phishing3.mbox#2020,1,5680
phishing3.mbox#2021,1,5681
phishing3.mbox#2022,1,5492
phishing3.mbox#2023,1,5641
phishing3.mbox#2024,1,5616
phishing3.mbox#2025,1,5682
phishing3.mbox#2026,1,5558
phishing3.mbox#2027,1,5618
phishing3.mbox#2028,1,5641
phishing3.mbox#2029,1,5683
phishing3.mbox#2030,1,5618
phishing3.mbox#2031,1,5644
phishing3.mbox#2032,1,5317
phishing3.mbox#2033,1,5684
phishing3.mbox#2034,1,5527
phishing3.mbox#2035,1,5685
phishing3.mbox#2036,1,5618
phishing3.mbox#2037,1,5686
phishing3.mbox#2038,1,5644
phishing3.mbox#2039,1,5527
phishing3.mbox#2040,1,5267
phishing3.mbox#2041,1,5267
phishing3.mbox#2042,1,5687
phishing3.mbox#2043,1,5688
phishing3.mbox#2044,1,5246
phishing3.mbox#2045,1,5689
phishing3.mbox#2046,1,5690
phishing3.mbox#2047,1,5618
phishing3.mbox#2048,1,4185
phishing3.mbox#2049,1,5689
phishing3.mbox#2050,1,5689
phishing3.mbox#2051,1,5691
phishing3.mbox#2052,1,5684
phishing3.mbox#2053,1,4169
phishing3.mbox#2054,1,5692
phishing3.mbox#2055,1,5499
phishing3.mbox#2056,1,5693
phishing3.mbox#2057,1,5317
phishing3.mbox#2058,1,5553
phishing3.mbox#2059,1,5553
phishing3.mbox#2060,1,5694
phishing3.mbox#2061,1,5695
phishing3.mbox#2062,1,5696
phishing3.mbox#2063,1,5499
phishing3.mbox#2064,1,5697
phishing3.mbox#2065,1,5698
phishing3.mbox#2066,1,5699
phishing3.mbox#2067,1,5700
phishing3.mbox#2068,1,5317
phishing3.mbox#2069,1,5701
phishing3.mbox#2070,1,5592
phishing3.mbox#2071,1,5702
phishing3.mbox#2072,1,5317
phishing3.mbox#2073,1,5430
phishing3.mbox#2074,1,5703
phishing3.mbox#2075,1,5704
phishing3.mbox#2076,1,5553
phishing3.mbox#2077,1,4407
phishing3.mbox#2078,1,5689
phishing3.mbox#2079,1,5553
phishing3.mbox#2080,1,5553
phishing3.mbox#2081,1,5616
phishing3.mbox#2082,1,5523
phishing3.mbox#2083,1,5705
phishing3.mbox#2084,1,5706
phishing3.mbox#2085,1,5707
phishing3.mbox#2086,1,5689
phishing3.mbox#2087,1,5708
phishing3.mbox#2088,1,5689
phishing3.mbox#2089,1,5709
phishing3.mbox#2090,1,5710
phishing3.mbox#2091,1,5689
phishing3.mbox#2092,1,5711
phishing3.mbox#2093,1,5712
phishing3.mbox#2094,1,5713
phishing3.mbox#2095,1,5689
phishing3.mbox#2096,1,5641
phishing3.mbox#2097,1,5608
phishing3.mbox#2098,1,5607
phishing3.mbox#2099,1,5689
phishing3.mbox#2100,1,5317
phishing3.mbox#2101,1,5608
phishing3.mbox#2102,1,4472
phishing3.mbox#2103,1,5714
phishing3.mbox#2104,1,5616
phishing3.mbox#2105,1,5715
phishing3.mbox#2106,1,5689
phishing3.mbox#2107,1,5716
phishing3.mbox#2108,1,5717
phishing3.mbox#2109,1,5718
phishing3.mbox#2110,1,5631
phishing3.mbox#2111,1,5719
phishing3.mbox#2112,1,5525
phishing3.mbox#2113,1,5720
phishing3.mbox#2114,1,5721
phishing3.mbox#2115,1,4308
phishing3.mbox#2116,1,5600
phishing3.mbox#2117,1,5616
phishing3.mbox#2118,1,5722
phishing3.mbox#2119,1,5723
phishing3.mbox#2120,1,5724
phishing3.mbox#2121,1,4577
phishing3.mbox#2122,1,5725
phishing3.mbox#2123,1,5725
phishing3.mbox#2124,1,5726
phishing3.mbox#2125,1,5727
phishing3.mbox#2126,1,5728
phishing3.mbox#2127,1,5525
phishing3.mbox#2128,1,5725
phishing3.mbox#2129,1,5267
phishing3.mbox#2130,1,5267
phishing3.mbox#2131,1,5729
phishing3.mbox#2132,1,5730
phishing3.mbox#2133,1,5731
phishing3.mbox#2134,1,5616
phishing3.mbox#2135,1,5064
phishing3.mbox#2136,1,5553
phishing3.mbox#2137,1,5732
phishing3.mbox#2138,1,5733
phishing3.mbox#2139,1,5734
phishing3.mbox#2140,1,5735
phishing3.mbox#2141,1,5725
phishing3.mbox#2142,1,5736
phishing3.mbox#2143,1,5737
phishing3.mbox#2144,1,5689
phishing3.mbox#2145,1,5725
phishing3.mbox#2146,1,5738
phishing3.mbox#2147,1,5523
phishing3.mbox#2148,1,5739
phishing3.mbox#2149,1,5553
phishing3.mbox#2150,1,5713
phishing3.mbox#2151,1,5740
phishing3.mbox#2152,1,5741
phishing3.mbox#2153,1,5742
phishing3.mbox#2154,1,5743
phishing3.mbox#2155,1,5744
phishing3.mbox#2156,1,5745
phishing3.mbox#2157,1,5553
phishing3.mbox#2158,1,5616
phishing3.mbox#2159,1,5553
phishing3.mbox#2160,1,5616
phishing3.mbox#2161,1,5689
phishing3.mbox#2162,1,4480
phishing3.mbox#2163,1,5746
phishing3.mbox#2164,1,5616
phishing3.mbox#2165,1,5747
phishing3.mbox#2166,1,5616
phishing3.mbox#2167,1,5748
phishing3.mbox#2168,1,5749
phishing3.mbox#2169,1,5750
phishing3.mbox#2170,1,5751
phishing3.mbox#2171,1,5752
phishing3.mbox#2172,1,5753
phishing3.mbox#2173,1,5754
phishing3.mbox#2174,1,5755
phishing3.mbox#2175,1,5756
phishing3.mbox#2176,1,5757
phishing3.mbox#2177,1,5616
phishing3.mbox#2178,1,5742
phishing3.mbox#2179,1,5616
phishing3.mbox#2180,1,5577
phishing3.mbox#2181,1,5758
phishing3.mbox#2182,1,5577
phishing3.mbox#2183,1,5689
phishing3.mbox#2184,1,5759
phishing3.mbox#2185,1,5759
phishing3.mbox#2186,1,5759
phishing3.mbox#2187,1,5760
phishing3.mbox#2188,1,5360
phishing3.mbox#2189,1,5761
phishing3.mbox#2190,1,5762
phishing3.mbox#2191,1,5763
phishing3.mbox#2192,1,5764
phishing3.mbox#2193,1,5765
phishing3.mbox#2194,1,5766
phishing3.mbox#2195,1,5767
phishing3.mbox#2196,1,4333
phishing3.mbox#2197,1,5768
phishing3.mbox#2198,1,4262
phishing3.mbox#2199,1,5769
phishing3.mbox#2200,1,5360
phishing3.mbox#2201,1,5769
phishing3.mbox#2202,1,5770
phishing3.mbox#2203,1,5317
phishing3.mbox#2204,1,5720
phishing3.mbox#2205,1,5771
phishing3.mbox#2206,1,5772
phishing3.mbox#2207,1,5525
phishing3.mbox#2208,1,5720
phishing3.mbox#2209,1,5773
phishing3.mbox#2210,1,5774
phishing3.mbox#2211,1,5775
phishing3.mbox#2212,1,5776
phishing3.mbox#2213,1,5777
phishing3.mbox#2214,1,5778
phishing3.mbox#2215,1,5616
phishing3.mbox#2216,1,5779
phishing3.mbox#2217,1,5430
phishing3.mbox#2218,1,5360
phishing3.mbox#2219,1,5780
phishing3.mbox#2220,1,4611
phishing3.mbox#2221,1,5781
phishing3.mbox#2222,1,5592
phishing3.mbox#2223,1,5782
phishing3.mbox#2224,1,5553
phishing3.mbox#2225,1,5783
phishing3.mbox#2226,1,5641
phishing3.mbox#2227,1,5411
phishing3.mbox#2228,1,4350
phishing3.mbox#2229,1,5732
phishing3.mbox#2230,1,5784
phishing3.mbox#2231,1,5785
phishing3.mbox#2232,1,5786
phishing3.mbox#2233,1,5128
phishing3.mbox#2234,1,5787
phishing3.mbox#2235,1,5788
phishing3.mbox#2236,1,5789
phishing3.mbox#2237,1,5790
phishing3.mbox#2238,1,5791
phishing3.mbox#2239,1,5792
phishing3.mbox#2240,1,5793
phishing3.mbox#2241,1,5794
phishing3.mbox#2242,1,5795
phishing3.mbox#2243,1,5796
phishing3.mbox#2244,1,5700
phishing3.mbox#2245,1,5676
phishing3.mbox#2246,1,5700
phishing3.mbox#2247,1,5797
phishing3.mbox#2248,1,5798
phishing3.mbox#2249,1,5798
phishing3.mbox#2250,1,5700
phishing3.mbox#2251,1,5799
phishing3.mbox#2252,1,5800
phishing3.mbox#2253,1,5801
phishing3.mbox#2254,1,5802
phishing3.mbox#2255,1,5803
phishing3.mbox#2256,1,5777
phishing3.mbox#2257,1,5777
phishing3.mbox#2258,1,5208
phishing3.mbox#2259,1,5804
phishing3.mbox#2260,1,5700
phishing3.mbox#2261,1,5805
phishing3.mbox#2262,1,5806
phishing3.mbox#2263,1,5807
phishing3.mbox#2264,1,5553
phishing3.mbox#2265,1,5808
phishing3.mbox#2266,1,5809
phishing3.mbox#2267,1,4480
phishing3.mbox#2268,1,5810
phishing3.mbox#2269,1,4480
phishing3.mbox#2270,1,5811
phishing3.mbox#2271,1,4480
phishing3.mbox#2272,1,5812
phishing3.mbox#2273,1,4606
phishing3.mbox#2274,1,5700
phishing3.mbox#2275,1,5553
phishing3.mbox#2276,1,5813
phishing3.mbox#2277,1,5700
phishing3.mbox#2278,1,4480
20051114.mbox#0,1,4045
20051114.mbox#1,1,4053
20051114.mbox#2,1,4053
20051114.mbox#3,1,4054
20051114.mbox#4,1,4036
20051114.mbox#5,1,3919
20051114.mbox#6,1,3919
20051114.mbox#7,1,3919
20051114.mbox#8,1,3974
20051114.mbox#9,1,4041
20051114.mbox#10,1,3919
20051114.mbox#11,1,4022
20051114.mbox#12,1,3916
20051114.mbox#13,1,4021
20051114.mbox#14,1,4055
20051114.mbox#15,1,4035
20051114.mbox#16,1,3974
20051114.mbox#17,1,4056
20051114.mbox#18,1,4057
20051114.mbox#19,1,4033
20051114.mbox#20,1,4058
20051114.mbox#21,1,4059
20051114.mbox#22,1,4021
20051114.mbox#23,1,3974
20051114.mbox#24,1,4056
20051114.mbox#25,1,4057
20051114.mbox#26,1,4033
20051114.mbox#27,1,4021
20051114.mbox#28,1,4059
20051114.mbox#29,1,4060
20051114.mbox#30,1,4033
20051114.mbox#31,1,4061
20051114.mbox#32,1,4062
20051114.mbox#33,1,4063
20051114.mbox#34,1,4062
20051114.mbox#35,1,4062
20051114.mbox#36,1,4062
20051114.mbox#37,1,4062
20051114.mbox#38,1,4062
20051114.mbox#39,1,4062
20051114.mbox#40,1,4062
20051114.mbox#41,1,4062
20051114.mbox#42,1,4064
20051114.mbox#43,1,4062
20051114.mbox#44,1,4062
20051114.mbox#45,1,4069
20051114.mbox#46,1,4069
20051114.mbox#47,1,4069
20051114.mbox#48,1,4035
20051114.mbox#49,1,4041
20051114.mbox#50,1,4069
20051114.mbox#51,1,4070
20051114.mbox#52,1,3916
20051114.mbox#53,1,4036
20051114.mbox#54,1,3980
20051114.mbox#55,1,3980
20051114.mbox#56,1,3916
20051114.mbox#57,1,3933
20051114.mbox#58,1,4071
20051114.mbox#59,1,4069
20051114.mbox#60,1,3933
20051114.mbox#61,1,3942
20051114.mbox#62,1,3996
20051114.mbox#63,1,3946
20051114.mbox#64,1,3996
20051114.mbox#65,1,3919
20051114.mbox#66,1,4073
20051114.mbox#67,1,4035
20051114.mbox#68,1,4074
20051114.mbox#69,1,4051
20051114.mbox#70,1,4075
20051114.mbox#71,1,4051
20051114.mbox#72,1,3916
20051114.mbox#73,1,4077
20051114.mbox#74,1,4077
20051114.mbox#75,1,4078
20051114.mbox#76,1,4079
20051114.mbox#77,1,4079
20051114.mbox#78,1,4079
20051114.mbox#79,1,3981
20051114.mbox#80,1,4029
20051114.mbox#81,1,3974
20051114.mbox#82,1,3981
20051114.mbox#83,1,4080
20051114.mbox#84,1,4077
20051114.mbox#85,1,3981
20051114.mbox#86,1,4073
20051114.mbox#87,1,4026
20051114.mbox#88,1,4036
20051114.mbox#89,1,4036
20051114.mbox#90,1,4036
20051114.mbox#91,1,4031
20051114.mbox#92,1,3974
20051114.mbox#93,1,4081
20051114.mbox#94,1,4082
20051114.mbox#95,1,4083
20051114.mbox#96,1,4084
20051114.mbox#97,1,4084
20051114.mbox#98,1,4084
20051114.mbox#99,1,4085
20051114.mbox#100,1,4084
20051114.mbox#101,1,4086
20051114.mbox#102,1,4087
20051114.mbox#103,1,4088
20051114.mbox#104,1,3996
20051114.mbox#105,1,4069
20051114.mbox#106,1,3981
20051114.mbox#107,1,3974
20051114.mbox#108,1,4089
20051114.mbox#109,1,4055
20051114.mbox#110,1,3981
20051114.mbox#111,1,4089
20051114.mbox#112,1,4069
20051114.mbox#113,1,4069
20051114.mbox#114,1,4051
20051114.mbox#115,1,3946
20051114.mbox#116,1,4092
20051114.mbox#117,1,4089
20051114.mbox#118,1,4094
20051114.mbox#119,1,4095
20051114.mbox#120,1,3917
20051114.mbox#121,1,3974
20051114.mbox#122,1,4096
20051114.mbox#123,1,4097
20051114.mbox#124,1,4089
20051114.mbox#125,1,4098
20051114.mbox#126,1,4099
20051114.mbox#127,1,4022
20051114.mbox#128,1,3974
20051114.mbox#129,1,4097
20051114.mbox#130,1,4029
20051114.mbox#131,1,4094
20051114.mbox#132,1,3996
20051114.mbox#133,1,4045
20051114.mbox#134,1,4029
20051114.mbox#135,1,4045
20051114.mbox#136,1,3974
20051114.mbox#137,1,3957
20051114.mbox#138,1,4022
20051114.mbox#139,1,4069
20051114.mbox#140,1,4069
20051114.mbox#141,1,4069
20051114.mbox#142,1,4022
20051114.mbox#143,1,4022
20051114.mbox#144,1,4022
20051114.mbox#145,1,4069
20051114.mbox#146,1,4100
20051114.mbox#147,1,4101
20051114.mbox#148,1,3981
20051114.mbox#149,1,4102
20051114.mbox#150,1,4102
20051114.mbox#151,1,4103
20051114.mbox#152,1,4102
20051114.mbox#153,1,4069
20051114.mbox#154,1,4104
20051114.mbox#155,1,4008
20051114.mbox#156,1,4105
20051114.mbox#157,1,4106
20051114.mbox#158,1,3957
20051114.mbox#159,1,4010
20051114.mbox#160,1,4055
20051114.mbox#161,1,3981
20051114.mbox#162,1,4051
20051114.mbox#163,1,4107
20051114.mbox#164,1,4108
20051114.mbox#165,1,4108
20051114.mbox#166,1,4109
20051114.mbox#167,1,4022
20051114.mbox#168,1,4110
20051114.mbox#169,1,4080
20051114.mbox#170,1,4111
20051114.mbox#171,1,4112
20051114.mbox#172,1,4051
20051114.mbox#173,1,4112
20051114.mbox#174,1,3916
20051114.mbox#175,1,4113
20051114.mbox#176,1,4114
20051114.mbox#177,1,4032
20051114.mbox#178,1,4032
20051114.mbox#179,1,3916
20051114.mbox#180,1,4115
20051114.mbox#181,1,4116
20051114.mbox#182,1,4116
20051114.mbox#183,1,4116
20051114.mbox#184,1,4116
20051114.mbox#185,1,4116
20051114.mbox#186,1,4116
20051114.mbox#187,1,4116
20051114.mbox#188,1,4116
20051114.mbox#189,1,4116
20051114.mbox#190,1,4116
20051114.mbox#191,1,4116
20051114.mbox#192,1,4116
20051114.mbox#193,1,4116
20051114.mbox#194,1,4116
20051114.mbox#195,1,4116
20051114.mbox#196,1,4116
20051114.mbox#197,1,4116
20051114.mbox#198,1,3919
20051114.mbox#199,1,4117
20051114.mbox#200,1,4118
20051114.mbox#201,1,4059
20051114.mbox#202,1,3916
20051114.mbox#203,1,4022
20051114.mbox#204,1,3916
20051114.mbox#205,1,3916
20051114.mbox#206,1,4119
20051114.mbox#207,1,3916
20051114.mbox#208,1,4120
20051114.mbox#209,1,3916
20051114.mbox#210,1,4121
20051114.mbox#211,1,4121
20051114.mbox#212,1,4033
20051114.mbox#213,1,4122
20051114.mbox#214,1,4122
20051114.mbox#215,1,4123
20051114.mbox#216,1,4124
20051114.mbox#217,1,4125
20051114.mbox#218,1,4122
20051114.mbox#219,1,4126
20051114.mbox#220,1,4127
20051114.mbox#221,1,4128
20051114.mbox#222,1,3916
20051114.mbox#223,1,4129
20051114.mbox#224,1,4130
20051114.mbox#225,1,4069
20051114.mbox#226,1,4131
20051114.mbox#227,1,4126
20051114.mbox#228,1,4132
20051114.mbox#229,1,4128
20051114.mbox#230,1,4133
20051114.mbox#231,1,4134
20051114.mbox#232,1,3966
20051114.mbox#233,1,4135
20051114.mbox#234,1,3966
20051114.mbox#235,1,3984
20051114.mbox#236,1,4008
20051114.mbox#237,1,4136
20051114.mbox#238,1,4137
20051114.mbox#239,1,3966
20051114.mbox#240,1,4062
20051114.mbox#241,1,3946
20051114.mbox#242,1,3992
20051114.mbox#243,1,4069
20051114.mbox#244,1,4133
20051114.mbox#245,1,4051
20051114.mbox#246,1,4138
20051114.mbox#247,1,4033
20051114.mbox#248,1,4008
20051114.mbox#249,1,4139
20051114.mbox#250,1,4022
20051114.mbox#251,1,4140
20051114.mbox#252,1,4141
20051114.mbox#253,1,3916
20051114.mbox#254,1,4125
20051114.mbox#255,1,4142
20051114.mbox#256,1,4045
20051114.mbox#257,1,3916
20051114.mbox#258,1,4143
20051114.mbox#259,1,4125
20051114.mbox#260,1,4144
20051114.mbox#261,1,4032
20051114.mbox#262,1,4145
20051114.mbox#263,1,4059
20051114.mbox#264,1,4125
20051114.mbox#265,1,4125
20051114.mbox#266,1,4146
20051114.mbox#267,1,4147
20051114.mbox#268,1,4033
20051114.mbox#269,1,4148
20051114.mbox#270,1,4123
20051114.mbox#271,1,4149
20051114.mbox#272,1,4150
20051114.mbox#273,1,4149
20051114.mbox#274,1,4077
20051114.mbox#275,1,4077
20051114.mbox#276,1,4117
20051114.mbox#277,1,4000
20051114.mbox#278,1,4022
20051114.mbox#279,1,4151
20051114.mbox#280,1,4000
20051114.mbox#281,1,4117
20051114.mbox#282,1,4151
20051114.mbox#283,1,4152
20051114.mbox#284,1,4150
20051114.mbox#285,1,4153
20051114.mbox#286,1,4154
20051114.mbox#287,1,4145
20051114.mbox#288,1,4150
20051114.mbox#289,1,4145
20051114.mbox#290,1,4150
20051114.mbox#291,1,4150
20051114.mbox#292,1,3916
20051114.mbox#293,1,4155
20051114.mbox#294,1,4126
20051114.mbox#295,1,4156
20051114.mbox#296,1,4157
20051114.mbox#297,1,4145
20051114.mbox#298,1,4145
20051114.mbox#299,1,4158
20051114.mbox#300,1,4159
20051114.mbox#301,1,4160
20051114.mbox#302,1,3917
20051114.mbox#303,1,4161
20051114.mbox#304,1,4145
20051114.mbox#305,1,4162
20051114.mbox#306,1,4163
20051114.mbox#307,1,4164
20051114.mbox#308,1,4162
20051114.mbox#309,1,4165
20051114.mbox#310,1,3916
20051114.mbox#311,1,4166
20051114.mbox#312,1,4153
20051114.mbox#313,1,4155
20051114.mbox#314,1,4165
20051114.mbox#315,1,4167
20051114.mbox#316,1,4168
20051114.mbox#317,1,4133
20051114.mbox#318,1,4133
20051114.mbox#319,1,4169
20051114.mbox#320,1,4168
20051114.mbox#321,1,4113
20051114.mbox#322,1,4170
20051114.mbox#323,1,4113
20051114.mbox#324,1,3946
20051114.mbox#325,1,3916
20051114.mbox#326,1,4125
20051114.mbox#327,1,4171
20051114.mbox#328,1,4125
20051114.mbox#329,1,4172
20051114.mbox#330,1,4173
20051114.mbox#331,1,4122
20051114.mbox#332,1,4122
20051114.mbox#333,1,4122
20051114.mbox#334,1,4122
20051114.mbox#335,1,4122
20051114.mbox#336,1,4122
20051114.mbox#337,1,4122
20051114.mbox#338,1,4122
20051114.mbox#339,1,4122
20051114.mbox#340,1,4122
20051114.mbox#341,1,4122
20051114.mbox#342,1,4122
20051114.mbox#343,1,4122
20051114.mbox#344,1,4122
20051114.mbox#345,1,4174
20051114.mbox#346,1,4175
20051114.mbox#347,1,4170
20051114.mbox#348,1,4155
20051114.mbox#349,1,4133
20051114.mbox#350,1,4133
20051114.mbox#351,1,4133
20051114.mbox#352,1,4133
20051114.mbox#353,1,4133
20051114.mbox#354,1,4170
20051114.mbox#355,1,4170
20051114.mbox#356,1,4133
20051114.mbox#357,1,4170
20051114.mbox#358,1,4133
20051114.mbox#359,1,4133
20051114.mbox#360,1,4162
20051114.mbox#361,1,4174
20051114.mbox#362,1,4174
20051114.mbox#363,1,4139
20051114.mbox#364,1,4172
20051114.mbox#365,1,4176
20051114.mbox#366,1,4033
20051114.mbox#367,1,4161
20051114.mbox#368,1,4174
20051114.mbox#369,1,4177
20051114.mbox#370,1,4177
20051114.mbox#371,1,4178
20051114.mbox#372,1,4178
20051114.mbox#373,1,4168
20051114.mbox#374,1,4168
20051114.mbox#375,1,4179
20051114.mbox#376,1,4133
20051114.mbox#377,1,4133
20051114.mbox#378,1,4133
20051114.mbox#379,1,4069
20051114.mbox#380,1,4180
20051114.mbox#381,1,4181
20051114.mbox#382,1,4182
20051114.mbox#383,1,4177
20051114.mbox#384,1,4183
20051114.mbox#385,1,4174
20051114.mbox#386,1,4184
20051114.mbox#387,1,4173
20051114.mbox#388,1,4174
20051114.mbox#389,1,4000
20051114.mbox#390,1,4168
20051114.mbox#391,1,4185
20051114.mbox#392,1,4179
20051114.mbox#393,1,4186
20051114.mbox#394,1,4182
20051114.mbox#395,1,4182
20051114.mbox#396,1,4187
20051114.mbox#397,1,4188
20051114.mbox#398,1,4189
20051114.mbox#399,1,4188
20051114.mbox#400,1,4188
20051114.mbox#401,1,4190
20051114.mbox#402,1,4145
20051114.mbox#403,1,4133
20051114.mbox#404,1,4133
20051114.mbox#405,1,4191
20051114.mbox#406,1,4029
20051114.mbox#407,1,4192
20051114.mbox#408,1,4185
20051114.mbox#409,1,4133
20051114.mbox#410,1,4133
20051114.mbox#411,1,4029
20051114.mbox#412,1,4133
20051114.mbox#413,1,4133
20051114.mbox#414,1,4133
20051114.mbox#415,1,4051
20051114.mbox#416,1,4192
20051114.mbox#417,1,4193
20051114.mbox#418,1,4051
20051114.mbox#419,1,4194
20051114.mbox#420,1,4032
20051114.mbox#421,1,4195
20051114.mbox#422,1,4195
20051114.mbox#423,1,4185
20051114.mbox#424,1,4145
20051114.mbox#425,1,4185
20051114.mbox#426,1,4117
20051114.mbox#427,1,4196
20051114.mbox#428,1,4126
20051114.mbox#429,1,4197
20051114.mbox#430,1,4133
20051114.mbox#431,1,4133
20051114.mbox#432,1,4133
20051114.mbox#433,1,4167
20051114.mbox#434,1,3916
20051114.mbox#435,1,4133
20051114.mbox#436,1,4168
20051114.mbox#437,1,4021
